rank	id	pos	score	subtitles_ppm	msa_ppm	agree	contested	cefr	essential	gloss
1	فِي	prep	28580.55	18488.84	30680.96	0.91	0.00	A1		in, within
2	مِنْ	prep	27473.62	21957.23	23872.16	1.00	0.00	A1		having partitive effect: of, some of, parts of, one of
3	عَلَى	prep,verb	19976.81	16467.90	16828.74	0.99	0.01	A2		on, over
4	أَنَّ	conj,verb	14840.89	20512.36	7456.61	0.33	0.66	A2		that (introduces an equational clause or a verb phrase)
5	هٰذَا	pron	14510.26	21173.69	6905.44	0.99	0.00	A1		this
6	كَانَ	verb,name	13383.49	20019.57	6213.29	0.98	0.01	A1		to be
7	لَا	particle,conj	10243.41	20283.35	3592.42	0.99	0.00	A1		no
8	أَنْ	conj	10181.72	12623.53	5702.95	0.00	1.00	A2		introduces a verb clause in place of the definite verbal noun › to, that; introd…
9	إِلَى	prep,noun	9212.80	7087.10	8316.73	0.99	0.00	A1		to, towards
10	مَرْحَبًا	intj	363.23	1801.49	50.86	0.99	0.00	A1	10	hello, welcome
11	وَ	conj,prep	9025.98	7796.70	7256.30	0.98	0.02	A1		and, a divider of words or clauses, particle of connection or continuation often…
12	اَلَّذِي	pron	8832.41	5935.61	9127.05	0.90	0.00	A1		who, that, which
13	مَا	pron,adv,conj,particle,phrase	7537.88	9924.30	3975.91	0.99	0.01	A1		what?
14	عَنْ	prep	7044.00	5398.15	6383.09	1.00	0.00	A1		off, away from
15	السَّلَامُ عَلَيْكُمْ	intj	0.00	0.00	0.00	0.00	0.00		15	peace be upon you; good day; hello; hail, salaam alaikum, assalamu alaikum
16	لِـ	prep,conj,particle	5971.44	9522.74	3744.53	0.94	0.04			to, for, belonging to
17	مَعَ	prep	5968.50	5690.74	4347.10	0.85	0.00	A1		with, together with, accompanied by, in the company of
18	ذٰلِكَ	pron	5769.16	10161.07	3275.56	0.99	0.00	B1		that (demonstrative pronoun)
19	هُوَ	pron,noun	4593.44	5180.35	2828.49	1.00	0.00	A1		he (subject pronoun)
20	شُكْرًا	intj	418.36	1949.23	62.35	0.00	0.01	A1	20	thanks
21	كُلّ	noun	4544.69	5034.66	2848.89	0.93	0.05	A2		each one, everyone
22	قَالَ	verb	4464.80	3898.96	3550.53	0.97	0.03	A1		to say
23	بِـ	prep	4021.38	5055.09	3199.05	0.87	0.00			denotes an instrument or tool, with, by (a means)
24	لٰكِنَّ	conj	3909.07	6771.48	1567.11	0.70	0.03	A1		but, however
25	نَعَمْ	adv,verb,noun	818.73	4056.62	114.75	0.99	0.00	A1	25	yes
26	لَمْ	particle	3747.24	7043.22	1993.66	1.00	0.00			not (negating past tense)
27	آخَر	adj	3523.85	3000.25	2874.19	0.61	0.01	A1		another, one more, other
28	أَوْ	conj	3454.67	2066.69	4010.28	0.99	0.00	A1		indicates an inclusive disjunction
29	لَيْسَ	verb,particle,conj	3169.66	6486.08	1075.67	0.77	0.20	A1		not to be
30	وَاحِد	num,adj,pron	1485.26	1834.15	835.23	0.99	0.00	A1	30	one
31	أَنَا	pron,noun	2983.34	12281.11	503.27	0.99	0.01	A1		I (first person singular subject pronoun)
32	إِنَّ	particle	2875.58	6375.88	1296.91	0.76	0.24	B2		indeed, an emphasizing sentence particle, usually untranslated
33	أَيّ	pron	2858.01	3408.79	1664.05	0.86	0.01	A1		which ...? what ...? what kind of ...? (followed by a noun in the genitive or a …
34	شَيْء	noun	2620.06	7201.87	661.93	0.82	0.02	A1		thing
35	هِيَ	pron	2549.88	2583.23	1747.90	0.89	0.04	A1		she (subject pronoun).
36	أَمْر	noun	2517.38	4020.96	1094.47	0.94	0.06	A1		order, command, instruction
37	بَعْدُ	adv,prep	2489.09	1869.18	2301.80	0.99	0.01	A1		after that
38	أَمْكَنَ	verb,adj	2406.16	4627.16	1251.23	0.84	0.14	B2		to enable (someone مِن (min) something)
39	عَمَل	noun	2359.32	1845.01	2095.14	0.98	0.01	A1		action, act, deed
40	أَهْلًا	intj,adv	239.35	325.97	122.04	0.00	0.01	A1	40	hi
41	أَرَادَ	verb	2322.36	5596.95	669.19	0.98	0.01	A2		to want, will
42	إِذَا	conj,adv	2291.58	3926.78	1337.31	0.99	0.01	B2		when, when it is that; as soon as; if
43	يَا	particle	2205.98	7454.60	453.33	0.99	0.01	A1		O; hey; you; vocative particle preceding a noun used in direct address, only rar…
44	قَامَ	verb	2199.71	2438.15	1378.19	0.97	0.02	A2		to stand up (to rise from lying or sitting position); to get up
45	اِثْنَان	num	187.73	339.32	72.12	0.47	0.20	A1	45	two
46	هُنَاكَ	adv	2140.42	3957.78	803.87	1.00	0.00	A1		there
47	لَدَى	prep	2064.41	4714.77	903.92	1.00	0.00			at, near
48	حَتَّى	prep,conj,adv	2026.11	2108.42	1352.10	0.96	0.00	A1		until, as far as, to the point of, even up to
49	هَلْ	particle	2013.69	8569.24	473.20	1.00	0.00	C2		introduces a positive yes-no question
50	مِنْ فَضْلِكَ	adv	0.00	0.00	0.00	0.00	0.00		50	please (“interjection to make commands polite”)
51	أَنْتَ	pron	1992.98	8263.44	333.80	0.98	0.02	A1		you; thou (masculine singular subject pronoun)
52	هُنَا	adv	1991.41	5660.41	486.53	1.00	0.00	A1		here, in this place
53	نَظَر	noun,verb	1960.99	1793.79	1488.74	0.98	0.00	A2		seeing, eyesight, vision
54	الْآنَ	noun,adv	1942.33	4019.04	651.87	0.92	0.00	A1		now
55	بَعْض	noun	1933.32	2083.69	1245.69	0.12	0.07	A2		some, part
56	وَقْت	noun	1911.05	2562.21	989.85	1.00	0.00	A1		time (as an abstract concept)
57	رَجُل	noun	1841.65	3118.99	755.16	0.00	1.00	A1		man (adult male human)
58	جَمِيع	adj	1802.48	1575.99	1431.61	1.00	0.00	A2		whole, entire, all
59	قَبْلَ	prep,adv	1764.20	1687.74	1280.64	1.00	0.00	A1		before; prior to
60	ثَلَاثَة	num	500.42	438.38	396.69	0.00	0.04	A1	60	three
61	فَقَطْ	adv	1740.15	3270.01	643.07	1.00	0.00	A2		only, no more
62	غَيْر	noun	1686.96	1121.63	1761.97	1.00	0.00	A2		other than, different from, unlike
63	أَوَّل	adj,verb,noun	1660.58	883.51	2167.41	0.94	0.05	A1		first
64	أَحَد	noun,adj	1656.19	1932.92	985.47	0.77	0.10	A1		one
65	عَفْوًا	intj	28.56	76.04	7.45	0.00	0.00	A2	65	you're welcome, don't mention it, not at all
66	طِفْل	noun	1615.77	1272.84	1424.37	0.94	0.00	A1		child (a minor)
67	رَأَى	verb	1602.30	2442.28	730.01	0.00	0.89	A1		to deem true, to opine or hold the opinion of, to have that outlook on something…
68	قَدْ	particle	1598.41	2080.35	1228.12	0.97	0.03	C2		Indicates nearness in time or recentness, recently, just now
69	أَجْل	noun	1587.04	3534.35	494.89	0.91	0.09	A1		only used in مِنْ أَجْلِ (min ʔajli) and لِأَجْلِ (liʔajli)
70	مَعَ ٱلسَّلَامَةِ	intj	0.00	0.00	0.00	0.00	0.00		70	goodbye, farewell
71	نَفْس	noun	1556.70	1905.88	1271.49	0.99	0.01	B1		self
72	الْيَوْمَ	adv	1531.00	1046.39	1555.58	0.00	0.00	A1		today
73	أَكْثَر	adj,adv,verb	1509.06	1428.69	1106.91	0.79	0.04	A1		elative degree of كَثِير (kaṯīr)
74	لَقَدْ	particle	1488.89	7284.22	304.33	0.00	0.01	C2		emphatic particle
75	عَام	noun,verb	1473.14	633.75	2377.98	0.66	0.33	A1		year
76	يَوْم	noun,conj	1413.65	1036.57	1338.81	1.00	0.00	A1		day, period from sunrise to sunset
77	سَيِّد	noun,adj	1401.15	2424.76	562.26	0.81	0.19	A1		master, lord, prince
78	بَيْن	noun,prep	1396.38	629.00	2152.76	0.87	0.12	A1		interval, distance, space (between two things)
79	شَخْص	noun	1382.01	2058.33	644.39	1.00	0.00	A1		person, individual
80	أَرْبَعَة	num	128.90	99.46	116.01	0.00	0.34	A1	80	four
81	نَحْنُ	pron	1367.01	2440.96	531.65	0.99	0.01	A1		we (subject pronoun)
82	عِنْد	noun,prep	1344.89	1003.26	1251.98	0.94	0.05	A1		animus, heart, will
83	حَدَثَ	verb,noun	1342.12	1786.92	700.02	0.99	0.01	A2		to happen, to take place
84	أَيْضًا	adv	1319.25	1575.48	767.14	0.00	0.03	A1		also
85	كَمَا	conj	1315.06	1121.96	1541.39	0.98	0.02	B2		like, as
86	وَجَدَ	verb	1304.41	1799.55	656.60	0.98	0.02	A1		to find, to hit upon, to come across
87	عَالَم	noun	1299.20	707.50	1656.76	0.99	0.00	A1		world
88	أَفْضَل	adj,verb	1264.31	1314.54	844.44	0.73	0.01	A1		elative degree of فَضِيل (faḍīl): › better; best
89	جَدِيد	adj	1251.52	746.70	1456.68	0.99	0.00	A1		new
90	إِنْ شَاءَ ٱللّٰهُ	intj	0.00	0.00	0.00	0.00	0.00		90	God willing; inshallah, if it is God’s will (literally, “if God has willed [it]”…
91	مَكَان	noun	1245.55	1787.03	602.88	1.00	0.00	A2		place, location, position
92	سَنَة	noun	1222.25	795.53	1304.06	0.97	0.02	A1		year
93	وَجَبَ	verb	1216.23	2838.24	521.18	0.99	0.00	B1		to be necessary, have to be; must: followed by عَلَى (ʕalā, “on”) or by أَنْ (ʔa…
94	تَمَّ	verb,noun	1212.29	1017.16	1444.85	0.95	0.05	B1		to be fulfilled, to be completed
95	خَمْسَة	num	204.89	188.63	154.54	0.00	0.05	A1	95	five
96	اِسْتَطَاعَ	verb	1195.27	2561.29	387.36	0.97	0.02	A2		to be able to, to be capable of, can
97	مِثْل	noun	1185.05	1445.05	674.88	0.90	0.10	A1		something similar
98	عَرَفَ	verb	1177.69	2256.51	426.84	0.99	0.00	A1		to be familiar with (a person, a place, a piece of news or information, and so o…
99	فَعَلَ	verb	1174.25	4510.76	212.28	0.82	0.17	A1		to do
100	مَاذَا	pron	1158.75	6246.30	149.28	0.99	0.01	A2		what
101	كَيْفَ	adv,noun	1158.55	2637.88	353.35	0.99	0.01	A1		how
102	خِلَالَ	prep,noun	1123.75	518.54	1691.22	0.95	0.05	A1		during, in the course of
103	عَلِمَ	verb	1122.22	1518.38	575.99	0.94	0.06	A2		to know, to have knowledge, to be cognizant, to be aware
104	رَئِيس	noun,adj	1116.19	529.74	2351.87	1.00	0.00	B1		boss, chief, leader
105	ثَانٍ	adj	1108.95	689.38	1238.79	0.00	0.00	A2		second
106	عَادَ	verb,name	1107.98	1610.95	762.05	0.86	0.12	B1		to return, to go back, to come back
107	كَثِير	noun,adj	1103.85	1100.73	768.73	0.95	0.05	A1		many, much
108	عَيْن	noun	1102.21	348.45	2421.14	0.60	0.40	A1		eye (organ)
109	جِدًّا	adv	1098.04	2087.21	401.15	1.00	0.00	A1		very
110	كَمْ	adv	340.71	725.21	160.07	0.98	0.02	C1	110	how many?, how much? (used with accusative noun in singular; if preceded by geni…
111	قِسْم	noun	1083.96	174.24	4682.76	1.00	0.00	A2		division, sort, part
112	لَنْ	adv	1077.00	2763.45	419.74	0.94	0.06			not (future)
113	أَب	noun	1076.48	1080.74	744.60	0.69	0.26	A1		father
114	سَيَّارَة	noun	1068.63	994.04	797.79	0.98	0.00	A1		automobile, car, motorcar
115	سَوْفَ	particle	1067.97	2366.88	334.64	1.00	0.00	A2		added to an imperfect (present) verb form to express future tense: will
116	ذَهَبَ	verb,noun	1066.22	2767.73	285.24	0.96	0.03	A2		to go, to travel
117	حَقّ	noun,verb,adj	1061.01	947.33	1188.33	0.94	0.06	B1		equity
118	لِأَنَّ	conj	1059.19	1506.82	517.04	1.00	0.00	A2		because, on the grounds that, for
119	حَيَاة	noun	1052.79	1012.98	759.85	0.77	0.21	A2		life
120	سِتَّة	num	187.94	172.94	141.83	0.00	0.35	A1	120	six
121	خَبَر	noun,verb	1041.64	1091.20	994.33	0.60	0.39	B1		report, message, notification
122	طَرِيق	noun	1031.64	1000.82	738.48	0.93	0.07	A1		way, road, path, track, street
123	جَيِّد	adj	1023.69	2444.11	297.75	1.00	0.00	A1		of good quality, excellent, approvable
124	عِنْدَمَا	conj	995.51	2083.08	475.76	0.00	0.04	B1		when, while
125	شَكْل	noun	985.97	679.16	994.02	0.99	0.01	A2		likeness, resemblance, semblance
126	أَتَى	verb	967.36	1312.80	495.01	0.83	0.06	A2		to come
127	مَرَّة	noun,adv	965.27	1420.99	455.35	0.87	0.09	A2		a time, instance, occurrence
128	مُشْكِلَة	noun	958.71	896.76	711.77	0.98	0.01	A2		problem, difficulty
129	كَبِير	adj,noun	952.03	678.01	928.33	0.98	0.01	A1		big, large
130	هُمْ	pron	370.43	481.87	197.75	1.00	0.00	A1	130	they (masculine plural subject pronoun)
131	اِبْن	noun	938.01	672.56	908.49	0.29	0.45	A1		son
132	حَصَلَ	verb,noun	934.00	1580.80	383.22	0.99	0.00	A2		to happen, to come to existence, to befall
133	طَلَبَ	verb,noun	933.23	609.42	992.42	0.93	0.02	A2		to search, to look
134	شَرِكَة	noun	931.82	319.96	1884.54	0.99	0.01	A1		company (a business)
135	مَنْزِل	noun	919.38	1232.94	476.09	0.97	0.00	A1		house, dwelling
136	إِلَّا	conj,prep	909.23	565.06	1016.00	0.98	0.02	A1		except (for), save (for), but (for), barring; other than, besides, apart from
137	مَاء	noun,verb	892.96	380.94	1453.59	0.94	0.03	A1		water
138	بَانَ	verb,noun	888.05	1123.15	702.16	0.00	0.09	B2		to separate, to become distinct, to sunder
139	اِعْتَقَدَ	verb	876.39	2901.88	183.80	1.00	0.00	A1		to believe in; to have faith in
140	سَبْعَة	num	97.93	76.20	87.40	0.00	0.14	A1	140	seven
141	بَدَأَ	verb	875.63	933.74	570.24	0.96	0.01	A1		to begin
142	صُورَة	noun	871.92	444.85	1186.82	0.99	0.00	A1		form, shape, figure
143	مُنْذُ	conj,prep	862.45	1018.33	730.43	0.99	0.00	B1		since
144	وَلَا	conj	859.17	653.98	1128.75	0.00	0.00			For non-idiomatic uses, see وَ (wa) and لَا (lā).
145	قُوَّة	noun	858.00	466.46	1095.95	0.98	0.02	A1		power, strength, might, force
146	أَخَذَ	verb	857.51	1673.03	305.22	0.94	0.04	A2		to take
147	حَوْل	noun,prep	854.88	633.96	1152.77	0.90	0.10	B1		power, might
148	مَوْقِع	noun	840.78	236.71	2073.90	1.00	0.00	A2		site, position, emplacement, place, spot, scene, locus, locale, locality, locati…
149	سَاعَة	noun	833.54	766.47	629.50	0.97	0.01	A1		hour (unit of time)
150	فَـ	conj	62.15	38.29	100.88	1.00	0.00		150	then, and then
151	تَكَوَّنَ	verb	823.67	1109.80	611.31	0.04	0.00	B2		to be established, to be created, to be formed, come into existence, be constitu…
152	صَحِيح	adj	821.36	1525.03	307.20	0.99	0.00	A1		complete, perfect, whole
153	ثُمَّ	conj,noun	818.62	789.10	849.25	0.98	0.00	B1		then, afterward, subsequently; used to indicate order of time, being later occur…
154	جَعَلَ	verb	814.42	1280.57	517.96	0.98	0.01	B1		to make: to create
155	عَمَلِيَّة	noun	803.16	334.29	1929.62	0.99	0.00	B1		work, action, activity
156	خَاصّ	adj	801.17	499.65	892.13	0.90	0.05	A1		special
157	شَأْن	noun	798.88	837.02	762.48	0.96	0.00	B2		thing, matter, affair
158	أَصْبَحَ	verb,adj	763.04	849.05	476.21	0.93	0.01	A2		to enter upon morning
159	وَضَعَ	verb	761.59	818.75	491.96	0.68	0.31	A1		to put; to lay; to place; to set; to position; to install; to implant
160	ثَمَانِيَة	num	84.10	74.53	65.91	0.00	0.00	A1	160	eight
161	حَال	noun,verb,adj,prep	758.16	885.03	649.47	0.80	0.18	B1		condition, state, situation, position, status, circumstance, matter, concern, be…
162	اِسْم	noun	756.05	655.45	605.61	0.96	0.01	A1		name
163	مَال	noun,verb	746.93	782.61	495.05	0.89	0.05	A1		property, possessions, chattels, goods
164	تَحَدَّثَ	verb	745.24	1411.29	273.28	0.98	0.02	A2		to speak, to talk
165	حَيْثُ	conj	740.02	414.96	1319.72	1.00	0.00	B2		where (relative)
166	بَدَا	verb	738.14	2005.10	271.73	0.99	0.01	C1		to appear
167	اِحْتَاجَ	verb	725.86	1364.28	268.19	1.00	0.00	A2		to need
168	مِنْطَقَة	noun	721.33	247.77	1458.32	0.99	0.00	A2		zone
169	صَدِيق	noun	715.42	1269.32	280.02	0.90	0.07	A1		friend
170	أَنْتُمْ	pron	156.01	358.76	47.11	0.71	0.07	A2	170	you, ye (masculine plural subject pronoun)
171	سَبَب	noun	714.19	795.99	445.00	0.97	0.03	A1		cause, grounds, aetiological reason
172	اِمْرَأَة	noun	713.42	557.06	634.49	0.20	0.18	A1		woman
173	مَوْضُوع	noun,adj	709.69	234.84	1489.41	1.00	0.00	A2		topic, subject, theme
174	وَصَلَ	verb	701.66	598.48	571.27	0.97	0.03	A2		to arrive at; to reach
175	أَمْ	conj	695.94	667.71	503.72	0.64	0.13	A1		indicates an exclusive disjunction introduced with أَ (ʔa), as in alternative qu…
176	عَمِلَ	verb	691.52	838.56	396.02	0.96	0.04	A1		to work, perform
177	إِن	conj,particle	690.44	784.07	607.99	0.00	1.00	B2		if (possible, not contrary to fact)
178	نَاس	noun,verb	690.24	946.49	503.37	0.94	0.06	B2		people, humans
179	حَدّ	noun,verb,adj	672.23	552.87	817.35	0.64	0.33	C2		limit
180	تِسْعَة	num	49.41	44.52	38.08	0.00	0.03	A1	180	nine
181	نَوْع	noun	670.85	703.73	639.50	1.00	0.00	B1		type, variety
182	دُونَ	prep,adj,adv	670.71	472.80	660.74	0.98	0.02	A1		below
183	طَرِيقَة	noun	669.59	858.82	522.06	0.89	0.09	B1		manner, mode, means
184	رَقْم	noun	669.27	411.26	756.34	0.99	0.00	A1		numeral, number, figure
185	دَعَا	verb	668.12	840.11	531.34	0.75	0.23	B2		to call
186	دَاخِل	noun,prep	657.62	560.85	535.48	0.99	0.00	A1		interior
187	دُولَار	noun	630.70	370.26	746.05	1.00	0.00	A2		dollar
188	اِتَّصَلَ	verb	627.40	666.97	409.84	1.00	0.00	A2		to be in contact with; to be connected with, to be associated with
189	عَامّ	adj	626.43	149.98	1817.05	0.48	0.47	A1		public
190	سَـ	particle	55.49	60.11	51.24	1.00	0.00		190	will (prefix indicating the future tense)
191	خَارِج	noun,prep	625.84	733.16	370.99	0.97	0.00	A1		outside, exterior
192	بَيْت	noun	621.97	523.65	513.02	0.77	0.21	A1		house, building
193	فَرِيق	noun	621.92	371.04	723.91	0.99	0.00	A2		team
194	آن	noun,verb	621.43	854.91	313.70	0.44	0.41	A2		time
195	لَوْ	conj	619.09	1557.54	246.07	0.99	0.01			if (contrary to fact)
196	قَدَم	noun,verb	618.41	388.92	682.85	0.53	0.47	A1		foot
197	زَالَ	verb	618.04	973.11	392.53	0.69	0.02	B2		to go away, withdraw
198	لِمَاذَا	adv	616.40	2013.91	131.02	0.97	0.03	A2		why
199	فِيلْم	noun	614.05	298.07	878.47	0.99	0.01	A1		film, movie
200	عَشَرَة	num	307.50	190.31	345.03	0.55	0.22	A1	200	ten
201	قَتَلَ	verb	610.47	1299.51	286.78	0.95	0.05	B2		to kill, to slay, to murder
202	رُبَّمَا	adv	607.88	1925.48	191.91	1.00	0.00	B1		perhaps, maybe
203	قَائِم	adj	606.97	436.61	585.98	0.27	0.10	A1		vertical, erect, upright
204	أُسْبُوع	noun	599.84	532.13	469.56	1.00	0.00	A1	600	week (unit of time)
205	كَلِمَة	noun	599.70	432.81	577.05	0.98	0.01	A1		speech, utterance, statement
206	أَحَبَّ	verb,adj	593.22	1359.91	179.70	0.92	0.02	A1		to love, to like
207	مُسَاعَدَة	noun	589.91	540.73	643.56	0.70	0.28	B1		help
208	دُكْتُور	noun	589.85	341.07	708.39	0.94	0.00	A1		doctor
209	دَقِيقَة	noun	586.61	545.71	437.90	0.88	0.12	A2		minute (unit of time)
210	صَبَاح الخَيْر	intj	0.00	0.00	0.00	0.00	0.00		210	good morning
211	بَرْنَامَج	noun	583.52	177.75	1915.61	1.00	0.00	B1		agenda
212	حِين	noun,prep,conj	579.83	484.13	482.26	0.99	0.01	A2		time, moment
213	نِسْبَة	noun,adv	579.51	517.56	648.87	0.97	0.01	B1		relationship, affiliation
214	رِسَالَة	noun	576.04	350.20	658.00	0.97	0.00	A1		letter
215	كَذَٰلِكَ	adv	573.51	1762.31	186.64	0.00	0.00	B1		Used other than figuratively or idiomatically: see كَـ (ka-), ذَٰلِكَ (ḏālika).
216	لَعْب	noun	573.12	226.23	1008.29	0.94	0.06	A1		game
217	شَعَرَ	verb	572.45	794.73	286.35	0.98	0.02	A1		to know, to have knowledge, to be cognizant
218	مَدِينَة	noun	572.40	218.85	1039.68	0.96	0.01	A1		town, city
219	أَمَام	noun,prep	572.25	335.66	677.52	0.97	0.03	A1		front, place that is before something
220	مَسَاء الخَيْر	intj	0.00	0.00	0.00	0.00	0.00		220	good evening
221	لَذِيذ	adj	569.51	1212.47	185.77	0.99	0.01	A1		tasty, delicious
222	مَدْرَسَة	noun	566.94	403.64	552.99	0.97	0.00	A1		school, academy
223	يَد	noun	561.87	577.68	379.51	0.93	0.06	A1		an appendage of a body (as of an animal)
224	خِدْمَة	noun	561.47	185.12	1182.64	0.99	0.01	A1		service, favour
225	حَيّ	noun,adj,verb	561.21	452.21	483.68	0.55	0.39	A2		organism, living being
226	أَيْنَ	adv,noun	556.69	1896.63	113.47	0.98	0.01	A1		where, at which place, whence
227	أَلْف	num	556.33	319.97	671.72	0.93	0.02	A1		thousand
228	حَالَة	noun,prep	556.11	469.13	659.23	0.99	0.00	B1		condition, state
229	شَهْر	noun	552.60	286.82	739.36	0.96	0.04	A1		month (unit of time)
230	كَـ	prep	60.46	99.96	36.57	0.99	0.01		230	like, as (followed by a genitive case)
231	فَقَدَ	verb	550.23	486.31	432.32	0.27	0.05	A2		to lose, to misplace, to miss
232	أَخ	noun	537.79	543.74	369.37	0.65	0.12	A1		brother
233	مُخْتَلِف	adj	536.86	290.38	689.29	0.98	0.00	A2		different
234	أَكْبَر	adj,verb	536.35	335.34	595.73	0.62	0.03	A1		elative degree of كَبِير (kabīr): › greater; greatest
235	عَائِلَة	noun	536.27	608.70	328.09	0.97	0.01	A1		family
236	ذَكَرَ	verb,noun	535.39	285.57	697.07	0.91	0.08	A2		to mention
237	سُؤَال	noun	530.05	481.24	405.42	0.96	0.00	A1		question
238	أَعْطَى	verb	524.52	909.29	210.11	0.85	0.14	A2		to give
239	صَغِير	adj	523.21	735.27	258.55	0.98	0.00	A1		small
240	مَتَى	adv,prep	204.17	453.67	63.81	0.98	0.02	A2	240	when (at what time?)
241	اِنْتَهَى	verb,intj	520.76	804.96	233.95	0.96	0.01	A1		to end
242	عَلَاقَة	noun	516.89	452.66	590.23	0.98	0.00	B1		relationship, kinship
243	جَانِب	noun,prep	514.95	349.16	527.41	0.95	0.04	A1		side
244	قَوْل	noun	512.61	362.75	503.04	0.99	0.01	A1		a saying; a declaration; a statement; an assertion
245	بُعْد	noun	510.94	394.28	459.80	0.97	0.03	A1		distance
246	سَمِعَ	verb	510.85	1080.67	167.70	0.87	0.12	A2		to hear
247	بَاب	noun	510.73	456.37	396.92	0.98	0.02	A1		door, gate
248	تَحْتُ	adv,prep	509.72	390.08	462.54	1.00	0.00	A1		below
249	حَاوَلَ	verb	508.69	1093.80	236.58	0.99	0.01	B1		to try
250	غَدَا	verb,adv	201.39	303.96	92.66	0.04	0.00	A2	250	go away, leave, come, do something, or exist early in the morning
251	مَاضٍ	adj,noun	507.83	393.61	655.19	0.00	0.00	C2		sharp
252	رَائِع	adj	507.36	1044.59	171.13	0.96	0.03	A1		great, wonderful
253	جِهَاز	noun	505.95	213.62	1198.30	0.95	0.02	B2		equipment, device, appliances, outfit, gear, rig
254	هَاتِف	noun	505.77	389.50	456.07	1.00	0.00	A2		shouting, calling loudly
255	عَدَد	noun	504.25	170.26	1037.10	0.79	0.20	A1		number
256	وَالِد	noun	501.45	957.61	182.35	0.96	0.01	A1		father
257	أَخِير	adj	500.97	319.80	544.99	0.99	0.00	A2		last, final
258	أَقَلّ	adj,verb	500.06	561.12	309.48	0.78	0.14	A2		elative degree of قَلِيل (qalīl): › fewer, less; fewest, least
259	جَاءَ	verb	499.93	389.66	445.43	0.96	0.02	A2		to come
260	بَلَد	noun	497.67	171.21	1004.60	0.99	0.01	A1		country, land, homeland
261	أَمْرِيكِيّ	adj	496.59	202.91	843.98	0.69	0.23	A1		American
262	مَرْكَز	noun	496.12	180.12	948.96	1.00	0.00	A2		place where the flag is planted in the ground
263	وَجْه	noun	495.76	458.77	372.03	0.96	0.04	A1		essence
264	وَضْع	noun	494.53	320.07	530.61	0.64	0.36	A1		putting down, putting, setting
265	حُصُول	noun	494.26	434.99	561.61	1.00	0.00	B1		happening
266	حَقِيقَة	noun	492.43	844.11	287.27	0.96	0.00	B1		truth, reality
267	شُرْطَة	noun	488.36	534.57	309.83	0.89	0.08	A1		police
268	كَامِل	adj,name	486.35	414.27	570.98	0.93	0.07	B1		complete, full
269	اَلْ	article	484.78	502.64	467.55	0.89	0.10			the
270	رَأْي	noun	484.73	334.38	487.97	0.63	0.35	A2		an idea, a notion, a concept, a conception; a particular way of thinking, an ide…
271	تَعَلَّمَ	verb	483.27	999.67	162.24	0.37	0.00	A2		to learn (something)
272	تَرَكَ	verb	480.31	832.14	192.53	0.98	0.01	A2		to leave, to relinquish
273	قِصَّة	noun	478.58	367.41	432.91	0.97	0.01	A1		story, tale, relation
274	مَكْتَب	noun	477.83	397.57	398.82	0.98	0.00	A1		maktab, elementary school
275	بِمَا	conj	472.59	530.05	421.37	0.00	0.00			with what, with which
276	حَدِيث	noun,adj	471.50	276.36	804.44	0.99	0.00	B1		recent event, fresh news
277	أَعْلَى	adj,verb,noun	468.32	316.48	481.25	0.89	0.10	A2		elative degree of عَالٍ (ʕālin) and عَلِيّ (ʕaliyy): › higher; highest
278	قَضِيَّة	noun	468.10	356.73	614.23	0.99	0.00	B2		case, lawsuit
279	عُضْو	noun	464.74	155.49	1389.05	0.98	0.00	B2		organ
280	أَمْس	noun,adv	300.01	126.17	495.39	0.72	0.02	A1	280	yesterday
281	وُجُود	noun	462.48	302.20	491.52	1.00	0.00	A2		existence
282	نِهَايَة	noun	462.04	434.29	341.36	0.98	0.00	A2		end (“extreme part of something”)
283	سَاعَدَ	verb	460.10	699.41	210.19	0.97	0.00	A2		to help, to assist
284	كُرَة	noun	459.92	281.41	521.99	0.88	0.10	A1		ball
285	نِظَام	noun	456.56	214.46	971.97	0.98	0.02	B1		system
286	فَتْرَة	noun	455.69	288.62	499.63	0.98	0.00	A2		interval, a while, a period of time
287	فِعْل	noun	454.54	683.57	209.89	0.28	0.72	A1		activity, action, work
288	قَانُون	noun	452.76	233.26	878.82	0.99	0.00	B2		canon
289	بَحْث	noun	448.27	244.67	821.28	0.94	0.06	B1		search, quest
290	وِلَايَة	noun	447.90	168.04	829.07	1.00	0.00	A1		province, governorate
291	رَأْس	noun	444.01	380.34	359.96	0.97	0.02	A1		head
292	فَتَاة	noun	443.77	949.50	144.03	0.96	0.04	A1		female adolescent, youth, juvenile; young girl
293	دُخُول	noun	443.37	240.90	566.70	1.00	0.00	A2		entering
294	جُزْء	noun	441.69	380.60	355.95	0.99	0.01	A2		component, constituent
295	بَلْ	conj	441.39	370.03	526.52	1.00	0.00	C2		but; rather
296	قَادِم	adj,noun	440.18	562.75	239.10	0.92	0.07	A2		coming, approaching
297	صَوْت	noun	439.62	352.45	380.81	0.99	0.01	A2		a sound (of a thing, an animal, and so on)
298	الْخَاصَّة	noun	435.83	234.53	809.93	0.00	0.00			See خَاصَّة (ḵāṣṣa)
299	اِتِّصَال	noun	433.50	387.41	485.07	1.00	0.00	B1		union
300	الْأَحَد	name	0.00	0.00	0.00	0.00	0.00		300	Sunday
301	تَعَرَّفَ	verb	432.34	1187.56	157.39	0.18	0.00	B1		to become acquainted, with, to meet
302	اِسْتِخْدَام	noun	432.27	193.89	669.24	1.00	0.00	A2		use, employment
303	طَبِيب	noun	432.02	411.40	315.06	1.00	0.00	A1		doctor, physician
304	عَاشَ	verb	431.69	508.88	254.31	1.00	0.00	A2		to live, to be alive
305	كَتَبَ	verb	430.62	211.49	608.89	0.94	0.06	A1		to mark (symbols, shapes, graphs, glyphs, letters, and the like) on a surface, t…
306	وَلَدَ	verb,noun	426.23	406.05	310.70	0.96	0.01	A1		to bear, to beget
307	كِتَاب	noun	424.90	195.71	640.59	0.93	0.07	A1		book
308	وَقَدَ	verb	424.15	233.88	769.21	0.00	0.00			to ignite, to burn
309	دَائِمًا	adv	423.93	700.45	178.18	0.00	0.00	A1		always
310	ذَات	noun	418.04	275.37	634.62	0.87	0.12	B2		being, essence, substance, nature
311	حَلْقَة	noun	415.75	168.71	711.46	0.99	0.00	A2		ring, loop
312	ثَالِث	adj	414.20	180.87	658.70	0.99	0.00	A1		third
313	بِسَبَبِ	prep	413.72	423.40	404.25	0.00	0.05			because of
314	مَلْيُون	num	411.75	214.02	550.09	1.00	0.00	A1		million
315	مَجْلِس	noun	409.11	103.30	1620.33	1.00	0.00	B2		seat
316	عَدَم	noun	409.06	241.98	691.51	0.99	0.01	B1		non-existence, nothingness
317	رُؤْيَة	noun	408.33	696.30	239.45	0.98	0.01	C1		sight; vision (ability to see)
318	مَاتَ	verb	407.94	854.73	135.21	0.91	0.09	A2		to be empty, to be or become unoccupied (of land, a city, etc.)
319	لِقَاء	noun,prep,name	407.82	245.43	470.60	1.00	0.00	A1		meeting, encounter
320	الاِثْنَيْن	name	0.00	0.00	0.00	0.00	0.00		320	Monday
321	خَطّ	noun,verb	406.60	297.73	385.60	0.81	0.15	A2		line
322	بَحَثَ	verb	401.41	573.78	280.83	0.92	0.08	B1		to search
323	فُرْصَة	noun	400.65	427.88	260.53	0.99	0.00	A2		chance, occasion, opportunity
324	خَيْر	noun,adj	399.80	353.75	313.78	0.92	0.08	A1		goodness, good
325	مَجْمُوعَة	noun	399.07	223.65	712.09	0.99	0.00	B2		collection, compilation, anthology
326	ظَنَّ	verb	396.40	1378.55	79.16	0.97	0.02	A2		to think, opine, suppose, conjecture
327	ضِدّ	noun,prep	395.25	242.12	448.06	1.00	0.00	A2		opposite, contrast
328	اِسْتَخْدَمَ	verb	394.45	336.67	320.94	1.00	0.00	A1		to use
329	فِكْرَة	noun	389.93	531.46	198.67	0.91	0.08	A2		thought, reflection
330	أُمّ	noun	385.58	391.27	263.86	0.38	0.52	A1		mother
331	بَعِيد	adj	385.17	460.43	223.75	0.98	0.02	A1		far, remote, distant
332	عَرْض	noun	383.93	251.18	586.83	0.66	0.33	B1		happening, event
333	سَأَلَ	verb	382.79	453.84	224.21	0.92	0.03	A2		to ask, inquire
334	دَخَلَ	verb,noun	381.88	329.36	307.48	0.90	0.10	A2		to enter, go in, come in
335	سَابِق	adj	381.20	269.84	538.51	0.93	0.06	B1		previous, preceding, prior
336	هَدَف	noun,verb	380.16	191.78	753.60	1.00	0.00	B2		target, object, aim, end
337	بَقِيَ	verb	376.87	594.11	239.06	0.89	0.11	C1		to last, to endure
338	نَحْو	noun,prep	373.96	247.48	565.07	1.00	0.00	B2		side, direction
339	قَلْب	noun	373.07	337.68	412.18	0.96	0.02	B1		heart (organ)
340	الثُّلَاثَاء	name	0.00	0.00	0.00	0.00	0.00		340	Tuesday
341	دَار	noun,verb	371.64	275.57	501.20	0.49	0.50	B1		house
342	تَأْكِيد	noun	367.83	624.90	150.36	1.00	0.00	A1		confirmation, affirmation
343	حَرْب	noun	366.97	273.93	491.61	1.00	0.00	B1		war
344	مَزِيد	noun,adj	365.89	355.53	376.55	0.25	0.00	B1		extra, more, addition, supplement
345	يَتَّمَ	verb	365.22	247.74	538.41	0.00	0.00			to orphan, to bereave of the parents
346	يَعْنِي	intj	364.92	472.90	195.56	0.00	0.04	A1		in other words, actually, namely, to wit, kind of, somewhat, id est, that is, me…
347	وَاضِح	adj	362.93	319.46	286.33	0.87	0.13	A1		clear
348	مَعْرِفَة	noun	362.56	370.57	354.73	0.98	0.00	B2		knowledge
349	وَفِيّ	adj	362.22	148.74	882.10	0.01	0.01			loyal; faithful; reliable
350	دَم	noun	361.33	411.28	220.45	1.00	0.00	A2		blood
351	لَمَّا	conj,particle	360.60	429.39	302.83	0.00	0.07			when; (in the past only)
352	عِلَاج	noun	360.15	134.57	669.38	0.96	0.00	A2		remedy, cure
353	اِنْتَظَرَ	verb	360.08	1025.61	126.42	0.92	0.08	C1		to wait for (delay until some event), to await
354	مِمَّا	pron	359.75	322.24	401.63	0.00	0.01	B2		from what
355	جَمِيل	adj,noun,name	357.49	389.19	228.04	0.69	0.29	A1		beautiful
356	قَرَار	noun	356.76	186.89	681.05	1.00	0.00	B2		decision
357	قَدِيم	adj	356.64	329.29	268.24	0.93	0.00	A1		old, ancient
358	مُدِير	noun	356.51	160.66	549.37	0.98	0.01	A2		manager, head, chief, director, administrator, headmaster, boss
359	دَفَعَ	verb	355.45	398.36	220.25	0.79	0.21	A2		to pay
360	الْأَرْبِعَاء	name	0.00	0.00	0.00	0.00	0.00		360	Wednesday
361	دَرَجَة	noun	355.05	239.06	366.19	0.97	0.02	A1		stair, step
362	فَهِمَ	verb	355.03	573.23	152.70	0.72	0.06	A2		to understand
363	تَارِيخ	noun	354.79	156.78	802.89	0.99	0.01	B1		date, time
364	صَاحِب	noun	354.28	146.18	596.27	0.98	0.01	A1		associate, companion, comrade, friend
365	سَعِيد	adj,name	353.15	512.70	168.93	0.56	0.44	A1		happy, cheerful, joyous
366	أَطْلَقَ	verb	351.96	362.12	237.56	0.92	0.02	A2		to free, to liberate, to emancipate
367	دَوْلَة	noun	351.54	56.39	1521.86	1.00	0.00	A1		state (sovereign polity)
368	حَقِيقِيّ	adj	351.48	536.47	230.28	0.94	0.00	B1		true, real, actual
369	عَبْرَ	prep	350.66	194.51	632.15	0.98	0.02	B2		across
370	غُرْفَة	noun	350.60	460.81	185.24	0.60	0.38	A1		room, compartment, cell, chamber
371	لِذٰلِكَ	adv	350.25	565.35	216.99	0.00	0.00	B1		therefore
372	جَرِيمَة	noun	346.94	332.53	251.37	0.98	0.00	A2		crime, transgression, offense, fault
373	لُغَة	noun	344.07	82.42	997.51	0.98	0.00	A1		language
374	عُمُر	noun	342.77	301.16	390.13	0.76	0.24	B2		life as a period of time, length of life, lifespan, lifetime
375	مَادَّة	noun	341.56	105.90	765.03	1.00	0.00	A2		matter, stuff, material, substance
376	سُرْعَة	noun	341.16	414.85	194.83	0.95	0.04	A1		speed
377	سَيِّدَة	noun	340.75	580.07	139.01	0.37	0.55	A1		female equivalent of سَيِّد (sayyid, “master, sir”): › mistress, princess
378	حَاجَة	noun	340.17	550.09	210.36	0.84	0.15	B2		need, necessity (act of needing something)
379	إِطْلَاق	noun	339.83	400.32	288.47	1.00	0.00	C1		freeing, liberation
380	الْخَمِيس	name	0.00	0.00	0.00	0.00	0.00		380	Thursday
381	حَسَنًا	adv	339.77	6540.20	12.26	1.00	0.00	A2		well, fine, okay, good
382	سِلَاح	noun	339.45	392.38	293.65	0.99	0.00	B2		weapon, arm
383	تَمَامًا	adv	339.06	593.24	134.58	0.00	0.00	A1		completely
384	تَحْقِيق	noun	338.15	193.82	589.97	1.00	0.00	B2		securing, fulfillment, achievement (dreams, victory, etc)
385	دَوْر	noun	335.32	193.80	580.20	0.73	0.26	B1		role
386	عَوْدَة	noun	334.91	377.26	297.31	0.97	0.00	B2		instance noun of عَادَ (ʕāda)
387	رَغْم	noun	333.87	240.87	462.77	1.00	0.00	B1		forcefulness, dislike
388	مُنَاسِب	adj	333.52	269.70	286.41	0.63	0.37	A2		appropriate, suitable, proper, adequate, convenient
389	لِهٰذَا	adv	333.24	588.04	188.84	0.00	0.00			therefore
390	وُصُول	noun	332.83	200.11	384.43	1.00	0.00	A2		arrival
391	وَقَعَ	verb	331.48	210.89	361.81	0.95	0.05	A2		to fall down, to fall
392	وَاقِع	noun	330.22	371.67	293.39	0.94	0.06	B2		reality
393	وَحِيد	adj,name	330.21	665.41	163.87	0.94	0.04	B1		alone
394	لَحْظَة	noun	329.77	518.38	145.69	0.96	0.02	A1		moment, instant
395	اِخْتَارَ	verb	328.85	167.88	447.32	0.46	0.01	A2		to choose, to make one’s choice
396	حَقًّا	adv	328.44	1655.40	45.25	0.00	0.00	A2		truly, verily, in truth
397	مِئَة	num	327.05	167.41	443.68	0.77	0.01	A1		hundred
398	هٰكَذَا	adv,det	325.11	606.59	121.00	1.00	0.00	A2		so, thus, this way, like this
399	حِمَايَة	noun	325.09	204.58	358.74	0.98	0.00	A1		protection
400	الْجُمُعَة	name	0.00	0.00	0.00	0.00	0.00		400	Friday
401	طَالِب	noun	324.66	103.69	705.96	0.84	0.15	A1		seeker, pursuer
402	أَبْيَض	adj	324.56	144.09	507.69	0.90	0.10	A1	450	white
403	صَفّ	noun,verb	323.65	161.95	449.18	0.80	0.19	A1		row, line (sequence of people or objects)
404	لَيْلَة	noun	321.58	512.13	140.23	0.90	0.02	A1		a night
405	كَبِيرَة	noun	320.92	296.85	346.93	0.00	0.01			great sin
406	إِلَيْهِ	prep_phrase	320.71	342.87	299.99	0.00	0.00			to him, to it
407	مُمْكِن	adj	317.88	312.43	224.60	1.00	0.00	A1		possible
408	حُكُومَة	noun	317.77	100.53	1004.47	0.99	0.00	B1		government
409	بَيْع	noun	317.66	129.35	541.77	1.00	0.00	A2		sale, exchange
410	رَئِيسِيّ	adj	317.18	137.68	507.43	0.95	0.00	A1		main, chief, principal, leading, cardinal
411	مَرَض	noun	315.67	152.34	454.26	1.00	0.00	A2		disease, sickness, illness
412	خَرَجَ	verb	314.15	489.72	201.53	0.72	0.28	B2		to move [with مِنْ (min) ‘from inside’] (somewhere) to outside; to leave; to exi…
413	فَانٍ	adj	313.90	175.79	560.51	0.00	0.00			evanescent, transitory, transient, ephemeral
414	أَخْبَرَ	verb	311.67	1533.58	43.99	0.43	0.50	A1		to notify, to advise, to apprise, to inform
415	قَلِيل	adj,noun	311.02	337.98	198.76	0.95	0.04	A1		few, little
416	كَلَام	noun	309.71	252.88	263.42	0.99	0.00	A1		talking, speaking
417	وَقَفَ	verb	309.23	305.05	217.69	0.50	0.50	A2		to come to a stop, to come to a standstill
418	أَرْض	noun	308.88	147.92	447.90	0.87	0.02	A1		earth, land
419	مَلَكَ	verb,noun	308.06	395.71	239.82	0.81	0.19	B1		to take in possession, to take over, to acquire, to seize
420	السَّبْت	noun	109.17	46.58	255.89	0.00	0.01		420	Saturday, the cessation or last day of the week
421	صَبَاح	noun	307.59	355.63	184.75	0.70	0.30	A1		the time from sunrise to noon, morning
422	خَطَأ	noun,adj,adv	307.21	400.72	163.56	0.91	0.08	A1		mistake, error
423	مُسْتَشْفًى	noun	306.51	184.84	352.95	0.97	0.00	A1		hospital
424	أَعْلَم	adj,verb	305.73	1203.79	53.92	0.98	0.02	A2		elative degree of عَالِم (ʕālim); elative degree of عَلِيم (ʕalīm): › more knowi…
425	نَتِيجَة	noun	305.03	138.58	671.42	0.99	0.00	B1		result
426	تَوَقَّفَ	verb	304.87	565.72	114.09	0.55	0.45	A1		to stop, to come to a stop; to come to an end
427	عِيد	noun	303.23	287.00	222.48	0.89	0.11	A1		feast; holiday; festival
428	عَدِيد	adj,noun	300.34	203.98	442.21	1.00	0.00	B1		numerous, many
429	مَسَاء	noun,adv	300.19	188.50	331.98	0.92	0.03	A1		evening
430	سَلَام	noun,intj	299.30	105.91	587.40	0.89	0.11	A1		peace
431	خَاصَّة	noun,adv	298.56	124.24	498.26	0.00	0.09	A2		private possession
432	مُبَارَاة	noun	298.18	103.67	595.58	0.99	0.00	A2		contest, match
433	مَطَار	noun	297.25	57.49	1067.22	1.00	0.00	A2		airport, airfield
434	شَارِع	noun	296.97	225.27	271.87	1.00	0.00	A1		street
435	عَامِل	noun,adj	296.52	110.70	551.57	0.96	0.03	A1		worker, workman, laborer
436	طَعَام	noun	296.42	312.82	195.06	1.00	0.00	A1		food
437	أَهَمّ	adj,verb	295.06	189.09	460.43	0.64	0.36	B1		elative degree of هَامّ (hāmm): › more important; most important
438	بِدُونِ	prep	295.05	382.03	227.86	0.00	0.00	B2		without
439	مَشْرُوع	noun,adj	291.90	95.03	896.62	1.00	0.00	B2		scheme, project
440	كَثِيرًا	adv	291.61	500.19	170.01	0.00	0.00	C2		a lot; many; much
441	دِين	noun	291.13	101.70	578.75	0.93	0.07	A1		religion, creed, credo, faith, conviction, belief, tenet, rite
442	تَالٍ	adj	290.88	217.95	388.20	0.00	0.00			following, subsequent, next
443	رَدّ	noun,verb,adj	290.11	139.22	604.55	0.81	0.13	B1		refusal
444	وَدَى	verb	289.92	216.22	388.76	0.01	0.31			to let come up, to bring near
445	عَمِيل	noun	289.40	275.37	211.20	0.90	0.00	A2		client, patron, customer
446	عَنَى	verb	289.35	950.73	88.07	0.73	0.20			to happen, to occur, to befall
447	بِدَايَة	noun	288.39	222.34	374.06	0.97	0.00	B1		beginning, start
448	مُسْتَوًى	noun	287.57	119.20	693.81	0.98	0.02	B1		level
449	عَزِيز	adj,noun,name	286.21	551.42	148.55	0.58	0.31	B1		powerful, mighty
450	إِدَارَة	noun	285.33	81.52	998.69	0.98	0.00	B2		turning, turning around, turning over
451	آلِيّ	adj	284.88	269.73	300.89	0.24	0.09	B2		automatic, automated, mechanical
452	وَظِيفَة	noun	284.60	225.51	359.18	0.98	0.00	B1		job, profession, occupation
453	صَعْب	adj	284.44	364.60	154.11	1.00	0.00	A1		laborious, hard, trying, awkward, difficult, complex
454	فَكَّرَ	verb	283.99	687.19	81.50	0.80	0.17	A2		to reflect, to meditate, to contemplate
455	أَيُّهَا	particle	283.85	1317.66	61.15	1.00	0.00			vocative particle preceding a noun used in direct address; only rarely omitted i…
456	زَوْجَة	noun	282.54	407.53	136.04	0.69	0.26	A1		wife
457	تَنَاوَلَ	verb	282.40	257.36	215.18	0.96	0.04	A1		to reach one's hand to a thing, to touch or make contact
458	كِلَا	pron	281.73	1379.86	57.52	0.00	0.00	B2		both
459	مُدَّة	noun,prep	281.54	262.82	301.59	0.96	0.03	B1		period of time, interval
460	أَسْوَد	adj,noun	206.53	180.00	164.56	0.74	0.07	A2	460	elative degree of سَيِّد (sayyid): › more liberal, more generous; most liberal, …
461	إِضَافَة	noun	281.42	128.88	614.50	0.97	0.02	B1		genitive/possessive construction, ʾiḍāfa
462	أَلَّا	conj	280.36	626.98	125.37	0.98	0.02	C1		negate a verb if the following verb is in subjunctive
463	ظَهَرَ	verb	279.77	216.56	251.00	0.28	0.72	A1		to be outward, to be external, on the surface
464	تَعْلِيم	noun	279.72	63.38	857.33	0.99	0.01	A1		teaching, education
465	أَمَل	noun,verb,name	279.28	324.16	240.61	0.90	0.07	B1		hope, expectation
466	ذَهَاب	noun	278.89	639.05	84.52	1.00	0.00	A2		going
467	سُلْطَة	noun	277.82	108.47	494.14	0.99	0.01	A1		power, strength
468	سِعْر	noun	277.76	67.73	791.03	1.00	0.00	A2		price
469	حَلّ	noun,verb	276.84	158.20	484.45	0.79	0.14	B1		a solution
470	أَحْمَر	adj	209.21	161.19	188.58	0.98	0.02	A1	470	red
471	عِلْم	noun	276.77	75.21	707.31	0.88	0.12	A2		knowledge, learning, lore
472	نَقْل	noun	276.58	103.00	515.77	0.90	0.09	A2		removal, transfer, transport
473	نِصْف	noun	276.08	261.65	202.29	0.91	0.09	A1		half, a half, semi-, hemi-
474	اِسْتَمَرَّ	verb	275.55	256.97	205.19	0.97	0.03	A2		to continue
475	مَسْؤُول	noun,adj	275.38	141.67	535.28	0.83	0.01	B1		official, functionary
476	حَمَلَ	verb,noun	274.17	180.13	289.79	0.92	0.08	A2		to carry (to transport by lifting), to transport, to convey
477	تَسْجِيل	noun	273.97	86.33	603.79	0.95	0.00	A1		registration
478	دَلِيل	noun	272.67	253.55	293.24	0.94	0.02	B2		sign, indication, proof, demonstration, evidence, argument
479	طَوِيل	adj	272.04	320.81	160.20	0.99	0.01	A1		long, tall
480	أَزْرَق	adj	123.39	66.72	158.46	0.99	0.01	A2	480	blue, blue-coloured
481	دَعْم	noun	271.70	80.40	918.21	0.99	0.00	B2		support
482	أَلَم	noun	271.13	403.82	126.41	0.88	0.12	A1		pain
483	وَزِير	noun	270.85	60.02	1222.24	0.99	0.00	B2		minister, cabinet minister
484	أَكَّدَ	verb	270.08	61.97	817.39	1.00	0.00	A2		to assure
485	مُجَرَّد	adj	269.80	534.01	136.31	1.00	0.00	B1		abstract, absolute
486	إِنْسَان	noun	269.60	112.54	448.51	0.79	0.18	A1		human
487	تَرْجَمَة	noun	269.52	285.30	176.81	0.98	0.00	A1		translation
488	فِيدِيُو	noun	269.47	86.24	584.72	1.00	0.00	A2		video
489	مَرِيض	noun,adj	268.91	256.17	196.03	0.99	0.01	A1		patient (ill person; person who receives treatment from a doctor)
490	أَخْضَر	adj	105.04	57.81	132.55	0.82	0.18	A1	490	green; verdant
491	زِيَارَة	noun	268.90	107.06	469.03	1.00	0.00	A2		visit
492	جَيْش	noun	268.75	146.26	493.82	1.00	0.00	C1		an army, a military force
493	أَيَّام	noun	268.37	232.22	310.15	0.00	0.00			days (“A particular time or period of vague extent”)
494	صِحَّة	noun	267.49	79.99	621.15	0.96	0.00	A2		health
495	إِذْن	noun	266.56	723.49	98.21	0.79	0.21	B1		permission, authorization
496	أَعْرَف	adj	265.45	1602.85	30.53	0.00	0.00	A1		elative degree of عَرِيف (ʕarīf), elative degree of عَارِف (ʕārif): › knowing be…
497	سَرِيع	adj	265.31	239.77	203.86	0.92	0.08	A2		fast (capable of moving with speed), quick (moving with speed)
498	إِعْلَان	noun	265.25	70.91	689.04	0.99	0.01	A1		advertisement
499	خَلْف	noun,prep	264.59	325.78	149.24	0.96	0.04	A1		location that is behind
500	أَصْفَر	adj,verb	44.07	33.86	39.84	0.78	0.22	A1	500	elative degree of صَفْر (ṣafr), elative degree of صِفْر (ṣifr), elative degree o…
501	قَوِيّ	adj	264.45	221.35	219.41	0.93	0.07	A2		strong, powerful, mighty
502	فَتَحَ	verb	264.03	237.54	203.80	0.63	0.37	A1		to open (“to make something accessible”)
503	غَرِيب	noun,adj	263.92	408.99	118.27	0.99	0.00	A1		foreigner
504	خُرُوج	noun	263.44	276.61	174.24	1.00	0.00	A1		exit, going out
505	عُنْوَان	noun	263.18	139.90	343.82	1.00	0.00	A1		title (of book) — and "anything that serves as an indication of another thing is…
506	رِيَاضِيّ	adj,noun	263.00	79.81	601.83	0.95	0.00	A1		of or pertaining to sports
507	حَرَكَة	noun	262.71	131.95	523.07	0.99	0.00	B1		instance noun of حَرُكَ (ḥaruka): an instance of movement
508	كَوْن	noun	262.58	231.90	206.47	0.97	0.03	A1		being, essence
509	مُتَّحِد	adj	262.18	90.82	756.86	0.99	0.00	B2		united
510	مَوْجُود	adj	261.53	284.03	240.82	0.99	0.00	B1		existing
511	شَخْصِيّ	adj	261.19	143.14	330.97	0.74	0.25	A2		own
512	مُسَاعِد	noun,adj,name	260.33	306.16	221.36	0.37	0.63	B2		assistant
513	نُقْطَة	noun	260.01	181.81	371.86	0.99	0.00	B1		dot, point
514	مِلَفّ	noun	259.74	111.43	605.46	0.89	0.11	B2		file (“a collection of papers”), dossier
515	قِيَادَة	noun	259.53	169.14	398.23	0.84	0.00	B2		verbal noun of قَادَ (qāda) (form I) › leadership, control
516	سَهْل	noun,adj	259.38	204.38	228.59	0.97	0.03	A1		a plain, a grassland
517	إِعَادَة	noun	259.15	184.67	363.67	0.99	0.01	B2		making or letting return
518	أَمْن	noun	258.32	134.27	497.00	0.65	0.29	B2		safety, security
519	عَالَ	verb,noun,adj	258.09	179.58	370.92	0.00	0.76	B2		to provide for, to sustain
520	صِفْر	num	26.27	16.26	42.44	0.00	1.00	B1	520	zero
521	لَعِبَ	verb,adj	257.04	273.42	167.81	0.65	0.34	A1		to play
522	شَابّ	noun	256.91	192.27	238.39	0.78	0.14	A1		young man, youth, adolescent
523	أَبَدًا	adv,intj	256.86	835.45	78.97	0.00	0.00	B1		forever, always
524	سِجْن	noun	256.71	274.44	166.76	0.92	0.08	A1		prison, jail
525	حُكْم	noun	252.21	100.16	635.07	0.98	0.01	B2		sentence, judgment
526	جَوّ	noun	251.65	225.79	194.76	0.58	0.35	A1		air (the apparently open space above the ground)
527	قَطَعَ	verb,noun	251.59	233.91	187.91	0.89	0.11	A2		to cut, to break
528	أَدَّى	verb	250.26	145.83	429.47	0.82	0.03	B1		to bring, to convey, to deliver
529	رَبّ	noun,verb	249.91	224.91	192.84	0.97	0.01	A2		master, lord, king, sovereign, potentate
530	تَقَوَّلَ	verb	249.84	431.27	100.51	0.00	0.01	A2		to fabricate, to make up
531	اِخْتِبَار	noun	249.79	141.14	307.00	0.47	0.00	A2		test
532	مِثَال	noun	249.70	212.10	204.15	0.43	0.56	A1		resemblance, anything equal or similar
533	قَائِد	noun	249.03	214.95	288.51	0.98	0.02	B1		leader
534	بِنَاء	noun	248.37	130.49	472.73	1.00	0.00	B1		building, construction (act of)
535	فُنْدُق	noun	248.18	156.84	272.72	0.99	0.00	A2		inn, hotel
536	زَوَاج	noun	247.77	235.46	181.05	1.00	0.00	A1		marriage
537	عَرَبِيّ	adj,noun	246.64	17.69	2387.87	0.87	0.07	A1		Arab
538	فِيمَا	conj	246.42	131.45	461.96	0.00	0.03			while
539	طَبْع	noun	245.46	660.81	91.18	0.99	0.00	B1		printing, print
540	خُبْز	noun	42.25	44.77	39.87	1.00	0.00	B1	540	bread
541	نَادٍ	noun	245.31	126.07	477.30	0.01	0.00	B1		club
542	تَقْرِير	noun	245.01	133.52	449.58	1.00	0.00	B1		establishment
543	ثَانَوِيّ	adj	244.97	84.86	491.11	0.91	0.00	A2		secondary, minor
544	اِعْتَبَرَ	verb	244.74	116.63	513.57	1.00	0.00	B1		to take example, to take warning, to learn a lesson
545	مَصْدَر	noun	244.36	97.77	610.75	1.00	0.00	B2		starting point, point of origin
546	فَضْل	noun	244.16	443.02	134.56	0.79	0.21	B1		grace, favor (especially when seen as unmerited or unconditional); courtesy
547	بَيْنَمَا	conj	243.86	271.46	219.06	1.00	0.00	C1		while
548	سِرّ	noun	243.79	167.98	353.80	0.64	0.34	B1		secret, secret thought
549	قَدَّمَ	verb	243.30	127.73	321.84	0.00	1.00	A1		to introduce (someone to someone else)
550	شَعْر	noun	240.60	132.04	304.45	0.08	0.92	A1		hair
551	حَسَن	adj,name	240.06	259.42	222.15	0.04	0.96	C2		good, fine, well
552	حُلْم	noun	240.02	190.77	209.72	0.94	0.00	A1		a dream (something experienced during sleep); vision
553	أَرْسَلَ	verb	239.65	371.82	154.46	1.00	0.00	B1		to send
554	شِرَاء	noun	238.83	121.97	324.74	1.00	0.00	A1		buying
555	اِنْتَقَلَ	verb	238.54	128.97	306.37	1.00	0.00	A2		to move (change residence)
556	قَصَدَ	verb	238.02	582.23	67.57	0.99	0.01	A2		to mean, to intend
557	تَمَنَّى	verb	237.10	404.14	139.10	0.96	0.04	B1		to wish for, to desire
558	مَوْقِف	noun	236.23	138.50	402.91	1.00	0.00	B1		parking, parking space, parking lot
559	أَشَارَ	verb	235.98	102.92	541.06	0.88	0.09	B2		to point, to point out, to indicate
560	قَهْوَة	noun	87.83	165.11	46.72	0.94	0.00	B1	560	coffee (the drink)
561	عَشَرَ	num	235.12	222.42	248.55	0.00	0.01			-teen (in numerals 11–19, e.g. أَحَدَ عَشَرَ (ʔaḥada ʕašara, “eleven”))
562	أَوَّلًا	adv	234.71	345.02	159.66	0.00	0.00	B1		firstly
563	تَذَكَّرَ	verb	234.68	554.63	68.96	0.72	0.00	A2		to remember, to bear in mind
564	بَيِّن	adj	234.51	131.03	291.48	0.00	1.00	A1		clear, evident, perspicuous
565	مَجَال	noun	233.96	91.22	600.09	1.00	0.00	B2		field (area of specialty)
566	لَوْن	noun	233.52	144.66	261.78	0.95	0.02	A1		color
567	طَائِر	noun,adj	232.43	162.60	230.73	0.24	0.76	A2		bird
568	وَحْدَة	noun	232.33	150.58	358.47	0.90	0.10	B2		unit (a standard measure of a quantity)
569	نَوْم	noun	232.28	276.27	135.62	1.00	0.00	A2		sleep
570	مَعًا	adv	232.00	356.50	104.85	0.96	0.03	A1		together
571	إِخْبَار	noun	231.39	138.19	387.44	0.00	0.10	C2		notification, information, communication
572	طَاقَة	noun	231.37	143.26	259.50	0.95	0.03	A1		power, strength; fortitude, endurance
573	مَرْحَلَة	noun	231.25	97.97	545.84	0.97	0.00	B1		phase, stage
574	مُنْتَدًى	noun	230.82	6.88	7746.36	0.96	0.00	C1		place whither the people are called together, gathering place, meeting location,…
575	تَوَقَّعَ	verb	230.37	246.75	149.36	0.98	0.02	A2		to expect (something), to look for, to prepare oneself for, to anticipate, to ho…
576	لُعْبَة	noun	230.32	205.85	178.96	0.74	0.23	A1		toy, plaything
577	وَنَى	verb	230.29	173.08	306.40	0.03	0.30			to be weak, to be faint, to be without strength
578	فَوْقَ	prep,adv	229.84	202.79	180.90	0.99	0.00	A1		above, on top of
579	قَنَاة	noun	229.69	51.67	709.07	1.00	0.00	A1		channel, canal
580	شَاي	noun	65.84	86.22	34.92	0.91	0.00	A1	580	tea (plant and beverage)
581	خَطَر	noun,verb	229.65	210.38	174.08	0.98	0.02	A1		danger, risk, hazard, peril, calamity, jeopardy
582	أُغْنِيَّة	noun	229.47	144.19	365.19	1.00	0.00	B2		song, melody, tune
583	حِسَاب	noun	229.46	124.05	294.73	0.72	0.28	A2		account
584	أَمَّا	conj	229.24	121.96	430.90	0.82	0.18	B2		as for; followed by a noun or pronoun, itself followed by the particle فَـ (fa-)
585	اِجْتِمَاع	noun	228.74	132.24	395.67	0.99	0.00	B1		meeting (بِ (bi) with someone), assembly
586	مَعْلُومَة	noun	228.53	139.01	375.71	0.88	0.12	B2		fact, item of information, datum
587	نَجْم	noun	228.15	130.07	277.90	0.95	0.05	A2		celestial body, star, planet, luminary
588	لِكَيْ	conj	228.04	404.85	128.45	0.00	0.02	C1		in order that (followed by the subjunctive)
589	حَادِث	noun	227.08	148.57	241.03	0.94	0.06	A1		event, incident
590	إِلِكْتْرُونِيّ	adj	227.01	54.68	654.47	0.95	0.00	A2		electronic
591	فَنّ	noun,verb	226.35	74.53	477.39	0.86	0.14	A2		genre
592	خُطَّة	noun	225.92	237.23	215.15	0.93	0.06	B1		project, projected course, plan
593	طِبِّيّ	adj	225.72	87.87	402.67	0.95	0.00	A1		medical
594	حَسَب	noun,verb,prep	224.59	165.90	304.05	0.66	0.33	B1		measure, extent, degree, quantity, amount
595	رِحْلَة	noun	224.14	215.75	232.86	0.93	0.06	C1		trip, voyage, tour
596	تَغْيِير	noun	223.59	172.13	290.45	1.00	0.00	B2		changing, alteration, modification, variation
597	كُلِّيَّة	noun	223.45	84.74	409.17	0.98	0.01	A1		college, academy, school, secondary school
598	مَعْنًى	noun	223.19	125.67	275.25	0.83	0.08	A1		meaning, import, sense
599	تَعَمَّلَ	verb	223.03	285.30	174.35	0.00	0.01			to be tired
600	مُبَاشَرَةً	adv	222.25	193.43	177.35	0.97	0.03	A2		directly
601	مَوْعِد	noun	221.48	216.71	157.19	0.93	0.07	A2		appointed time
602	عَظِيم	adj	220.61	398.44	122.15	0.81	0.19	B1		magnificent, grandiose
603	فِكْر	noun	220.21	147.69	228.02	0.68	0.30	A2		thinking
604	شَعْب	noun	219.57	73.26	658.04	0.99	0.01	B1		tribe, race
605	إِمْكَان	noun	219.28	487.21	98.69	0.99	0.00	B1		possibility
606	مَدًى	noun,verb	218.89	174.82	274.07	0.92	0.05	B2		extension, extending
607	صُنْدُوق	noun	218.79	175.72	189.18	1.00	0.00	A1		chest, box, trunk, crate
608	عَقْد	noun	218.39	116.10	410.81	0.96	0.04	B2		tying together, binding
609	رَابِع	adj	218.21	94.53	349.78	0.98	0.00	A1		fourth
610	أَصَابَ	verb	217.78	220.12	215.46	0.89	0.11	B1		to hit the mark, hit on the right thing
611	وَطَنِيّ	adj,noun	217.25	51.84	910.43	0.95	0.00	C1		national
612	أَ	particle	217.22	130.78	360.77	0.57	0.00			introduces a positive yes-no question
613	تَعَالَى	verb	215.71	154.71	300.75	0.76	0.24	C2		to rise, ascend
614	رَسْمِيّ	adj,noun	215.34	103.04	450.04	0.96	0.00	B1		official, legitimate
615	قَضَى	verb	215.32	242.70	132.66	0.99	0.01	A2		to decide
616	لَيْل	noun	215.21	237.39	135.48	0.93	0.07	A1		nighttime, night
617	قَدَر	noun,verb	214.85	174.49	183.71	0.25	0.75	A2		fate, destiny
618	مُحَامٍ	noun	214.44	154.81	206.29	0.00	0.00	A2		lawyer, attorney
619	بَحْر	noun	214.08	118.92	267.64	0.97	0.03	A1		sea
620	اِهْتِمَام	noun	213.94	149.59	212.47	1.00	0.00	A1		interest (something one is interested in)
621	إِجْرَاء	noun	213.91	98.20	465.97	0.99	0.00	C1		procedure, work, deed
622	سِيَاسِيّ	adj,noun	212.31	47.17	955.62	0.97	0.00	B1		political
623	بَال	noun,adj,verb	211.29	283.43	109.38	0.16	0.27	A2		mind, heart
624	تَحَمَّلَ	verb	211.15	184.13	242.13	0.45	0.00	C2		to take up (a burden)
625	مَلْبَس	noun	211.15	272.73	163.47	0.99	0.00	B2		garment, dress, suit
626	بَطَل	noun,verb,adj	210.57	152.48	201.95	0.99	0.00	A2		hero
627	صَفْحَة	noun	210.57	54.93	560.59	0.99	0.00	A2		page
628	لَانَ	verb	210.37	249.76	177.19	0.00	0.57			to soften, to become soft
629	عَالَمِيّ	adj	210.29	58.62	754.33	0.95	0.00	B2		world, worldwide, global
630	سِنّ	noun	210.03	173.23	176.84	0.51	0.40	A1		tooth, tusk, fang
631	أَنِيَ	verb	209.37	676.32	64.82	0.00	0.03			to tarry; to be tardy
632	نَائِب	noun	208.85	65.45	666.38	0.98	0.00	B2		representative, delegate
633	مُحَاوَلَة	noun	208.69	174.41	249.71	0.99	0.00	B1		attempt, trial
634	طَيِّب	adj,name	208.60	172.59	175.09	0.78	0.08	A1		good, wholesome, nice, fine (for example, beneficial, favorable, advantageous; m…
635	رُوح	noun	208.60	202.42	214.97	0.99	0.00	C1		spirit (all senses), ghost
636	حَيَوَان	noun	208.02	171.70	175.01	0.99	0.01	A1		animal, beast
637	رَامَ	verb,noun	207.96	270.87	110.87	0.10	0.23	A2		to aspire to, to aim at, to envisage, to propose to oneself, to desire ardently
638	فَصْل	noun,adj	207.90	97.50	307.84	0.98	0.01	A2		separation, division, partition
639	رَبِيع	noun	207.28	145.22	205.46	0.00	0.22	A2		spring (season)
640	مَحَطَّة	noun	207.04	115.83	257.00	0.99	0.00	A2		station
641	سُوق	noun	206.90	43.57	682.30	0.79	0.21	A2		market
642	لَاعِب	noun	206.41	67.19	440.36	0.99	0.00	A2		player
643	دَرْس	noun	206.39	85.08	347.66	1.00	0.00	A1		study, studies
644	إِلٰهِيّ	adj	206.30	600.11	49.25	0.07	0.00	A2		divine
645	مُقابِل	prep	205.99	149.95	282.97	0.78	0.00	B1		in return for, in exchange for, as a compensation for
646	ضَغْط	noun	205.71	127.04	333.09	0.86	0.00	B2		pressure, tension
647	شَاهَدَ	verb	204.18	245.97	117.70	0.78	0.21	A1		to see (with one’s own eyes), to view, to inspect, to watch, to observe, to witn…
648	سَيِّئ	adj	204.16	417.20	69.38	0.00	0.01	A1		bad, evil
649	قَرِيب	adj,noun	203.79	190.34	151.52	0.97	0.03	A1		near, close, adjacent
650	تَمَكَّنَ	verb	203.29	145.06	197.84	0.66	0.34	A1		to be influential
651	مَوْسِم	noun	202.44	94.21	302.07	1.00	0.00	A2		season
652	تَجْرِبَة	noun	201.99	130.86	311.78	0.99	0.01	B2		trial, essay, experiment
653	طَبِيعِيّ	adj,noun	200.00	144.47	276.88	0.94	0.00	B1		natural
654	جَامِعَة	noun	199.99	63.02	440.76	0.69	0.28	A1		university, academy
655	قَلِيلًا	adv	199.96	555.47	49.99	0.00	0.00	A1		a little
656	مَرّ	noun,verb	198.90	218.44	181.10	0.61	0.38	C2		passing, passage, going by, transit
657	مُسْتَقْبَل	noun,adj	198.41	146.47	268.76	1.00	0.00	B1		future
658	مُهِمّ	adj	198.39	206.17	132.57	0.56	0.44	A2		important
659	صَنَعَ	verb	198.31	249.30	109.55	1.00	0.00	A1		to do, to make
660	كَيْ	conj,prep	198.22	301.93	130.13	0.68	0.04			in order that (followed by the subjunctive)
661	مُجْتَمَع	noun	197.17	64.80	599.98	0.99	0.00	B1		place of assembly
662	شَرْط	noun,adj	196.91	88.25	305.11	0.81	0.17	A1		condition, reservation, proviso, stipulation, article of a compact, contract, re…
663	زِيّ	noun	196.52	120.52	222.54	0.34	0.00	A1		costume, uniform, suit, dress
664	ثُلَاثَ	adv	196.02	179.21	148.89	0.91	0.09	A1		three at a time, in a group of three, in threes
665	أَثْنَاءَ	prep	195.97	153.13	250.79	0.03	0.04	B1		during, in the course of
666	خِيَار	noun	195.27	155.45	170.35	0.85	0.15	A2		cucumber
667	مُسَلْسَل	noun,adj	195.26	50.07	528.83	1.00	0.00	A2		series
668	دَاخِلِيّ	adj	194.80	104.37	363.58	0.97	0.00	B1		inner
669	جَلَبَ	verb,noun	193.40	292.34	127.95	0.97	0.00	B2		to bring, to fetch
670	دَوْرَة	noun	192.83	48.02	537.69	1.00	0.00	A1		rotation, gyration, cycle, circuit, circulation (with all kinds of technical mea…
671	مَجَّانِيّ	adj	192.82	37.40	994.10	0.98	0.00	B2		free of charge, gratis
672	أَلْقَى	verb	192.68	195.89	189.53	0.90	0.08	C1		to throw, to throw away, to fling
673	زَوْج	noun	192.57	178.29	144.44	0.49	0.48	A1		one of a pair
674	ضَوْء	noun	192.23	156.19	164.31	0.99	0.01	A1		light
675	تَدْرِيب	noun	191.72	95.45	267.41	0.98	0.00	A2		training
676	جَرَّى	verb	190.70	205.33	177.11	0.00	1.00	B1		to make flow
677	حَفْل	noun	190.58	169.61	148.71	0.97	0.03	A2		verbal noun of حَفَلَ (ḥafala) (form I) › gathering, assembling
678	عِدَّة	noun	190.21	139.38	259.58	0.98	0.02	B1		number
679	تَقْدِيم	noun	190.13	85.60	422.30	1.00	0.00	B2		introduction (act of introducing)
680	أَخْرَجَ	verb	189.84	402.67	62.15	0.11	0.35	A1		to move out, take out, dislodge
681	قَرَّرَ	verb	189.61	180.11	199.61	0.99	0.01	B1		to fix, to settle
682	لِلْغَايَةِ	adv	189.49	458.75	78.27	0.00	0.00	B2		extremely, greatly
683	قَادَ	verb	189.04	196.67	126.18	0.86	0.14	A2		to lead
684	عَسْكَرِيّ	adj,noun	189.00	70.32	507.96	0.95	0.00	C1		military
685	مُقْبِل	adj	188.05	67.06	366.20	0.97	0.03	A1		next, forthcoming
686	ضَحِيَّة	noun	188.03	183.55	133.76	0.99	0.00	A2		victim
687	مُثِير	noun,adj	187.87	311.23	78.75	0.99	0.00	A2		stimulant
688	مَحَلِّيّ	adj	187.70	76.00	463.54	0.95	0.00	C1		local, regional, native, national
689	وَسْطَ	prep	187.40	80.82	301.73	0.83	0.17	A1		amidst, midst, at the center of, in the middle of, among, amongst
690	قِيمَة	noun	187.10	98.43	355.63	0.90	0.10	B2		value, worth
691	كَأْس	noun	186.77	93.95	257.84	0.99	0.00	A2		a glass, especially a wine glass or arak glass
692	اِهْتَمَّ	verb	186.65	392.56	88.75	0.99	0.00	C2		to look after (بِ (bi))
693	شَبَاب	noun	185.28	101.90	336.88	0.75	0.25	B1		youth
694	قَرْيَة	noun	184.89	73.33	323.74	0.98	0.01	A1		any populated area or the community thereof
695	إِيجَاد	noun	184.69	194.15	122.01	1.00	0.00	A2		creation; creating
696	طَوَالَ	prep	184.18	348.69	67.56	0.00	0.01	A2		during, throughout
697	خَامِس	adj	184.05	91.65	256.66	0.99	0.00	A1		fifth
698	سَجَّلَ	verb	183.99	83.45	281.71	0.99	0.01	A1		to register, enter, make an entry
699	بَرِيد	noun	183.63	103.92	225.32	0.84	0.08	A2		post, mail, an institution to send messages, intelligence
700	قُرْب	noun,prep	183.58	125.55	186.42	1.00	0.00	A1		nearness, presence
701	كَافٍ	adj,noun	182.98	182.15	183.81	0.03	0.09			enough, sufficient
702	مُمَيَّز	adj	182.88	90.15	257.63	0.90	0.03	A2		distinctive, distinct, special
703	أَمِير	noun	182.24	100.39	330.84	0.89	0.08	B2		prince
704	دِفَاع	noun	182.12	101.00	328.39	0.99	0.00	B2		defence/defense
705	وَرَاءَ	prep	181.82	166.98	137.49	0.86	0.00	A1		behind
706	وَاجَهَ	verb	181.27	114.62	199.08	0.95	0.04	A2		to face, to be confronted with, to confront
707	ضَرَر	noun,adj	180.62	57.06	397.04	0.99	0.00	A2		damage, injury, hurt, harm, mischief
708	تَعَلَّقَ	verb	180.17	118.98	272.83	0.94	0.00	B2		to be suspended, to hang (بِ (bi) from)
709	وَطَن	noun,verb	178.90	59.73	372.13	0.89	0.01	A1		nation, home, homeland, country, fatherland
710	اِجْتِمَاعِيّ	adj,noun	177.86	47.27	669.26	0.93	0.00	B1		related to community, related to a group
711	مُنَاسَبَة	noun	177.79	104.66	209.73	0.32	0.65	A2		fitness, suitability
712	حَظّ	noun,verb	177.76	294.42	74.53	0.93	0.07	A1		share, portion, lot (especially of something good)
713	جُنْدِيّ	noun	177.32	139.52	156.49	0.95	0.00	A2		soldier
714	سَعَى	verb	177.21	91.93	237.20	0.94	0.06	A2		to walk
715	مَفْتُوح	adj	177.11	105.37	206.72	0.99	0.00	A2		open
716	عَدُوّ	noun	176.71	117.30	184.87	0.82	0.14	A1		enemy; foe
717	عَادَة	noun,adv	176.71	153.97	202.81	0.86	0.12	B1		custom, habit, manner, wont
718	لَجْنَة	noun	176.68	47.02	663.94	1.00	0.00	B2		committee, commission, council
719	سَفَر	noun,verb	176.47	72.40	298.68	0.98	0.02	A2		departure, journey, travel
720	مَالِيّ	adj	176.45	66.07	471.27	0.96	0.01	B2		financial
721	اللَّيْلَةَ	adv	176.36	608.04	51.15	0.00	0.00	B1		tonight
722	مَهَمَّة	noun	176.35	142.72	217.91	0.26	0.10	B2		job, task, function, duty
723	جِسْم	noun	176.33	92.31	233.91	1.00	0.00	A2		a body
724	رَسْم	noun	176.01	78.56	273.86	0.99	0.01	A2		sketch, drawing, painting, picture, portrait, outline, chart
725	رَفَعَ	verb	176.01	90.71	237.19	0.56	0.44	A2		to lift, to raise aloft, to hoist up, to heave up
726	بَنْك	noun	175.95	70.00	307.13	0.95	0.04	A1		bank
727	تَكَلَّمَ	verb	175.78	374.54	57.29	0.99	0.01	A1		to talk, to have a discussion or conversation
728	إِلَيْهَا	prep_phrase	175.46	160.38	191.97	0.00	0.00			to her, to it
729	بَقَاء	noun	175.32	237.50	89.88	1.00	0.00	A2		remaining, lasting, enduring
730	صَالِح	adj,noun,name	175.26	117.22	262.03	0.70	0.30	B2		in good condition, sound, whole
731	شَخْصِيَّة	noun	175.16	102.35	208.18	0.60	0.36	A2		personality
732	اِنْتِظَار	noun	175.05	236.90	89.83	1.00	0.00	A2		waiting
733	قِرَاءَة	noun	174.45	88.81	237.96	0.99	0.01	A1		reading
734	طَائِرَة	noun	174.09	147.71	142.48	0.39	0.59	A1		airplane
735	كَاتِب	noun	173.86	49.50	424.07	0.92	0.04	A1		writer; author
736	هَمَّ	verb,noun	173.62	133.73	156.53	0.21	0.78	A1		to disquiet, to make uneasy, to distress
737	دُوَلِيّ	adj	173.47	33.14	908.06	1.00	0.00	B1		international
738	بَلْدَة	noun	173.44	142.42	146.68	0.90	0.00	A1		town, city
739	خُصُوص	noun	173.15	189.84	157.94	1.00	0.00	B1		particularity, speciality, specialty, peculiarity
740	سَارَ	verb,adj	173.05	207.69	144.18	0.68	0.23	B1		to step along, to pace, to go, to depart, to travel, to walk
741	تَعْدِيل	noun	172.79	66.04	313.96	1.00	0.00	A1		straightening
742	قَاعِدَة	noun	172.33	116.30	255.37	0.98	0.02	C1		foundation, groundwork, fundament, basis
743	شَبَكَة	noun	172.17	76.31	388.46	0.97	0.02	B1		net, fishing net
744	ضَرْب	noun,adj	172.16	189.43	156.47	0.64	0.23	B1		beating, striking, hitting
745	بَيَان	noun	171.74	57.42	513.67	0.97	0.03	C1		clearness, obviousness
746	فِرْقَة	noun	170.72	146.97	198.31	0.86	0.12	B1		part, portion
747	إِشَارَة	noun	170.57	131.10	154.12	0.98	0.01	A2		sign, signal
748	بِخَيْرٍ	prep_phrase	170.36	1218.50	23.82	0.00	0.00			well, fine, okay, good
749	مَطْعَم	noun	170.27	121.00	166.39	1.00	0.00	A1		restaurant
750	تَحَرَّكَ	verb	170.10	377.26	76.70	0.99	0.00	B2		to depart, to leave
751	قَرَأَ	verb	170.00	129.56	154.90	0.89	0.06	A2		to read
752	هُجُوم	noun	169.99	115.60	173.58	0.99	0.00	A1		attack
753	حَاسِب	noun,adj	169.81	132.11	218.25	0.28	0.72	B2		person who calculates, reckoner
754	فَرْد	adj,noun	169.76	73.58	271.96	0.81	0.00	A2		alone, single
755	حُرّ	adj	169.57	96.35	298.43	0.97	0.01	B2		free
756	نَسَّاء	adj	169.51	122.84	162.45	0.29	0.71	A1		forgetting much; forgetful
757	تَعَرَّضَ	verb	169.40	116.08	247.22	0.96	0.04	B1		to expose oneself to
758	مُشَاهَدَة	noun	169.34	80.63	246.97	0.88	0.12	A2		observation; viewing; inspection
759	مَنَحَ	verb	168.71	105.23	187.83	0.98	0.02	A2		to give, to award, to grant, to bestow
760	مَحَلّ	noun	168.68	106.31	185.86	0.97	0.03	A1		place, location, spot, station
761	مَارَسَ	verb	168.45	110.32	178.62	0.59	0.41	A1		to practice (to engage in)
762	كَفَى	verb	168.38	340.91	83.17	0.98	0.02	B2		to be enough for (someone)
763	قَلِقَ	verb,adj	167.96	374.61	52.30	0.58	0.42	A2		to be agitated, disquieted, shaken
764	بِنْت	noun	167.88	78.37	249.77	0.46	0.53	A1		female equivalent of اِبْن (ibn, “son, descendant”): › daughter
765	حَجْم	noun	167.78	83.74	233.46	0.99	0.00	A2		size; volume
766	أَمِيَ	verb	167.68	760.40	36.98	0.00	0.04	B1		to become a female slave
767	إِلٰه	noun	167.68	182.14	107.20	0.52	0.40	A1		a god, a deity, a divinity
768	اِخْتِيَار	noun	167.55	106.57	263.40	1.00	0.00	B1		choice
769	مَكْتَبَة	noun	167.46	39.15	497.45	0.97	0.01	A2		library
770	نِهَائِيّ	adj	167.34	68.64	283.32	0.96	0.00	A1		final
771	أَلْيَس	adj	167.07	1039.84	26.84	0.01	0.00			brave
772	اِتَّفَقَ	verb	166.88	239.68	80.69	1.00	0.00	A2		to agree, to come to an agreement
773	عَانَى	verb	166.52	151.33	183.23	1.00	0.00	C2		to suffer, bear, endure (من)
774	وَلِيَ	verb	166.32	103.69	185.25	0.00	0.76	A2		to be close to, stand immediately by, be neighboring, follow close upon (transit…
775	زَوَّجَ	verb	166.05	210.94	90.77	0.01	0.99	A1		to marry off, to give in marriage
776	وِزَارَة	noun	165.68	36.23	757.73	1.00	0.00	C1		the office, responsibility, or burden of ministry › the office, responsibility, …
777	رُوسِيّ	noun,adj	165.66	75.06	253.91	0.77	0.20	A1		Russian
778	سَيْطَرَة	noun	165.07	133.10	142.17	0.98	0.00	A1		control
779	شَرِيك	noun	164.65	140.61	192.78	0.99	0.00	B2		a sharer › a sharer in wealth, profit, or ownership; a business partner
780	جَوْلَة	noun	164.46	100.03	187.77	0.98	0.00	A1		jaunt, trip, voyage
781	هَيْئَة	noun	163.81	55.85	480.45	1.00	0.00	C1		form, shape
782	كِتَابَة	noun	163.73	92.83	200.55	0.95	0.05	A2		writing
783	عَقْل	noun	163.71	180.81	148.22	0.97	0.01	B2		understanding, reason, wisdom, sound judgment, sense
784	نَسِيَ	verb	163.54	330.60	80.90	0.87	0.13	B2		to forget
785	شَاءَ	verb,noun	163.27	149.49	123.84	0.92	0.04	A2		to will, to want, to intend, to wish
786	مُقَابَلَة	noun	162.87	206.35	89.28	0.99	0.00	A2		interview
787	يَوْمًا	adv	162.74	188.95	140.16	0.00	0.00			once (in the past), once upon a time
788	لَوْحَة	noun	162.50	102.01	258.88	0.96	0.04	B2		plank; board; blackboard; slate; sheet
789	قُدْرَة	noun	162.03	94.64	277.40	0.89	0.10	B2		power, capacity, faculty
790	حِزْب	noun	162.01	34.35	764.07	0.99	0.00	C1		political party
791	كَمْبْيُوتَر	noun	161.85	39.21	463.97	1.00	0.00	A2		computer
792	وَاجِب	noun,adj	161.41	84.79	213.39	0.99	0.01	A1		duty, obligation
793	سَمَحَ	verb	161.27	186.86	96.66	0.10	0.90	A1		to allow, to permit (لِ (li) someone) (بِ (bi) something / أَن (ʔan) to do somet…
794	مَعْرُوف	adj,noun	160.96	131.59	196.89	1.00	0.00	B2		known
795	بَسِيط	adj	160.64	142.64	125.64	0.99	0.01	A2		wide, extended, spread out
796	شَكَرَ	verb	160.57	174.98	102.32	1.00	0.00	A1		to thank, to be thankful, to be grateful
797	تَفْكِير	noun	160.50	199.54	89.65	1.00	0.00	A1		thinking, pondering
798	مَسْؤُولِيَّة	noun	160.31	59.99	297.49	0.90	0.00	A1		responsibility
799	صَغِيرَة	noun	160.18	228.64	112.21	0.00	0.00			a minor sin
800	مِفْتَاح	noun	160.17	185.09	96.26	0.99	0.00	A2		key (to a door)
801	مَبْلَغ	noun	160.12	78.62	226.45	1.00	0.00	A1		sum, amount
802	كَشَفَ	verb	159.92	54.56	325.49	0.97	0.03	A2		to remove, to uncover, to reveal
803	قَادِر	adj	159.85	191.47	133.45	1.00	0.00	B1		powerful
804	قَاتِل	noun,adj	159.66	258.17	68.57	0.97	0.03	A2		killer, murderer, assassin
805	ضَابِط	noun	159.46	132.55	133.20	0.96	0.00	A1		officer
806	اِتِّجَاه	noun	159.43	97.04	181.90	1.00	0.00	A2		a direction
807	حُرِّيَّة	noun	159.30	71.69	245.82	0.99	0.00	A1		freedom, liberty
808	شَاهِد	noun	159.23	138.67	126.97	0.67	0.29	A1		evidence, piece of evidence
809	فَرَنْسِيّ	adj,noun	159.01	60.94	414.87	0.97	0.00	C1		French
810	مُوسِيقَى	noun	158.95	139.69	125.61	0.99	0.01	A2		music
811	تَوَقُّف	noun	158.81	302.85	57.83	0.29	0.71	A1		stopping (intransitive)
812	جِنْس	noun	158.68	254.84	98.81	1.00	0.00	B1		a kind; a variety; a breed
813	وَفِقَ	verb	158.54	57.04	306.03	0.92	0.08	A2		to find fit
814	مَبْنًى	noun	158.30	126.59	137.46	0.97	0.00	A2		building
815	مَعْلُومَات	noun	158.11	90.69	191.42	0.00	0.00	A2		information, data, facts, details
816	فَنِّيّ	adj,noun	157.93	31.78	545.12	0.90	0.00	A2		specialized
817	رَجَا	verb	157.90	136.72	182.35	0.94	0.01			to hope (“to want something to happen”)
818	تَصْوِير	noun	157.48	101.11	170.33	1.00	0.00	A2		depiction
819	جِهَة	noun	157.45	51.99	476.79	0.95	0.04	B2		side, point of view
820	بِطَاقَة	noun	157.06	152.88	161.35	0.96	0.03	B1		card
821	ذِكْرَى	noun	156.90	90.74	188.41	0.70	0.02	A2		remembrance, recollection, memory
822	مُؤَسَّسَة	noun	156.74	39.15	627.50	1.00	0.00	B1		foundation, establishment
823	خَارِجِيّ	adj,noun	156.70	50.64	484.89	0.97	0.00	B1		outer, external, extraneous, foreign, nonresident
824	بِٱلْفِعْلِ	adv	156.70	366.02	67.08	0.00	0.00	B2		truly, actually, as of now, being already effective
825	بُنّ	noun	156.67	31.90	769.53	0.00	0.99			coffee beans, coffee
826	وَكَّلَ	verb	156.15	142.98	170.55	0.00	0.00			to authorize, empower, put someone [+direct object] in charge of [+بِ (object)] …
827	تَقْرِيبًا	adv	156.11	209.90	80.63	0.00	0.00	A1		approximately
828	أَكَلَ	verb	155.92	269.44	62.66	0.77	0.20	A2		to eat, to consume (food)
829	مَنِيّ	noun	155.79	511.13	47.49	0.00	0.00			conceptive fluid or discharge › male ejaculate, semen; sperm
830	هَيَّا	intj	155.77	1797.97	13.50	1.00	0.00	C1		come on!; let's; let's go!
831	أَظْهَرَ	verb	155.58	146.07	165.70	0.33	0.64	B2		to show
832	تَصْمِيم	noun	155.51	33.44	723.14	1.00	0.00	B2		design, layout, model, outline, pattern, plan, schema, sketch
833	أَرَى	verb	155.25	487.48	34.34	0.00	0.01	A2		to show
834	رَفَضَ	verb	155.08	94.41	254.73	0.92	0.08	B1		to reject, to refuse, to decline, to deny
835	فَوْز	noun	155.08	70.59	236.58	0.94	0.02	A2		win
836	صِحِّيّ	adj	154.98	49.02	340.26	0.97	0.02	A1		related to health
837	أَقَامَ	verb	154.82	88.46	270.95	0.93	0.06	B1		to raise, to lift
838	طَرَف	noun,verb	154.76	63.74	375.78	0.97	0.01	B1		end, tip, point, edge, border
839	قَرْن	noun	154.75	66.76	249.12	0.81	0.00	A2		horn
840	مُجَدَّدًا	adv	154.61	421.19	56.75	0.00	0.00			again
841	وَكَالَة	noun,adv	154.57	71.71	333.20	1.00	0.00	B1		agency
842	ذَكِيّ	adj	154.53	146.79	112.97	0.99	0.00	A1		intelligent, smart
843	شَمْس	noun	154.45	123.53	134.11	0.90	0.10	A1		sun
844	مَضَى	verb	154.44	210.98	78.51	0.88	0.08	A2		to pass, be past
845	أَثَر	noun	154.39	96.36	247.36	0.73	0.24	B2		trace, vestige
846	اِتِّفَاق	noun	154.26	79.12	300.75	0.99	0.01	B2		agreement, union, concord, harmony
847	مَعْرَكَة	noun	154.15	108.10	152.65	0.98	0.00	A1		battle
848	إِنْجْلِيزِيّ	adj,noun	154.13	53.87	306.22	0.92	0.02	A2		Pertaining to England
849	نَجَحَ	verb	153.87	161.05	102.09	1.00	0.00	A2		to succeed, to be successful
850	رَائِعَة	noun	153.86	272.61	86.84	0.00	0.03			amazing thing, marvel
851	رَغُبَ	verb	153.79	181.70	130.18	0.00	1.00	B1		to be greedy, to be gluttonous
852	أُسْتَاذ	noun	153.79	48.78	336.68	1.00	0.00	A1		professor
853	تَفْصِيل	noun	153.76	80.27	294.50	1.00	0.00	B2		division into chapters, analysis
854	م	adv	153.61	49.18	479.82	1.00	0.00			AD
855	جَرَى	verb	153.53	173.90	135.54	0.01	0.99	B1		to run (to move quickly as a river), to flow
856	غَرَض	noun	153.19	130.18	125.18	1.00	0.00	A2		object of will, intention, target, desire, interest
857	مُسَابَقَة	noun	153.18	44.76	363.99	0.99	0.00	A2		a competition, a contest
858	عَبْد	noun	153.01	28.46	571.25	0.07	0.88	A1		a person who is under the ownership of another, a slave, a bondservant
859	أَجَلّ	adj,verb	152.90	321.39	50.52	0.00	0.97	A1		elative degree of جَلِيل (jalīl): › greater, more important; greatest, most impo…
860	قَصِير	adj	152.88	111.59	145.45	0.99	0.00	A1		short
861	جَنُوب	noun	152.77	50.48	321.11	0.73	0.27	A1		south
862	فَائِدَة	noun	152.74	89.77	180.49	0.98	0.01	A2		usefulness, profit, advantage, benefit
863	إِرْسَال	noun	152.66	100.48	161.07	1.00	0.00	A2		sending, dispatching
864	كَيْفِيَّة	noun	152.46	83.96	192.28	0.99	0.01	A1		howness
865	صَحِيفَة	noun	152.17	56.36	410.85	0.97	0.00	B1		newspaper
866	قَائِمَة	noun	151.95	95.28	168.30	0.00	0.09	A2		list (“enumeration or compilation of a set of possible items”)
867	حَضَرَ	verb	151.80	184.77	86.60	0.51	0.47	A2		to be present, to attend
868	سَمَاء	noun	150.41	139.26	112.82	0.94	0.00	A2		the sky/skies; the heaven(s) (figurative, simile), space, the sphere(s), the cos…
869	مَيِّت	adj	150.01	330.11	68.17	0.97	0.03	B1		dead
870	نُسْخَة	noun	149.91	76.71	203.44	0.99	0.00	A1		copy
871	وَرَى	noun,verb	149.69	222.00	100.93	0.00	0.99			creation
872	أَسَاسِيّ	adj,noun	149.43	52.78	293.76	0.98	0.00	A1		fundamental, basic
873	حَالِيًّا	adv	149.05	80.40	191.89	0.00	0.00	A2		currently
874	حَبِيب	noun,adj	148.56	91.91	166.76	0.44	0.41	A1		beloved
875	مَهْمَا	pron	148.52	218.49	100.96	0.00	0.03	C1		whatever, no matter what often followed by a past tense or jussive verb
876	إِصَابَة	noun	148.51	58.68	261.04	0.94	0.06	A1		injury, trauma
877	فِعْلًا	adv	148.51	275.67	55.56	0.00	0.00	A1		indeed, in fact, actually, really, practically
878	عَادِل	adj,noun,name	148.25	79.06	193.07	0.71	0.29	A2		just, fair, equitable
879	عَالِي	adv	147.83	78.36	193.68	0.18	0.75	A2		over, upon, above
880	أَعَادَ	verb	147.64	185.88	117.27	0.88	0.12	B2		to repeat
881	أَصْل	noun	147.60	78.84	276.36	0.90	0.03	B1		ground
882	إِلَيْكَ	verb	147.23	407.09	53.25	0.00	0.00			get away!
883	قَضَاء	noun	147.22	86.31	251.11	0.99	0.00	B2		judgement
884	تَغَيَّرَ	verb	147.02	204.76	105.57	0.56	0.01	B1		to change, to be altered
885	سَمَّى	verb	146.91	116.36	185.48	0.94	0.06	B1		to name, to call, to designate, to denominate, to title, to entitle
886	اِلْتَقَى	verb	146.90	138.01	156.37	1.00	0.00	C2		to meet (each other), to meet up
887	اِتِّحَاد	noun	146.74	33.58	641.28	1.00	0.00	C1		union
888	طَوِيلَة	noun	146.64	187.47	114.70	0.00	0.00			a long rope attached to animals to graze
889	مِيلَاد	noun,name	146.44	169.83	87.69	0.65	0.34	A2		birth
890	جَائِزَة	noun	145.85	72.80	202.93	0.97	0.03	A1		prize
891	رِيَاضَة	noun	145.83	35.09	420.95	0.95	0.05	A1		sport (physical activity)
892	تَحَكُّم	noun	145.76	86.95	244.37	0.46	0.00			commanding, domineering, control, highhandedness
893	غَادَرَ	verb	145.66	358.26	59.22	1.00	0.00	B1		to leave
894	رَجَعَ	verb	145.56	151.98	96.81	0.95	0.02	A1		to return, to come back
895	جَبَل	noun,verb	145.31	83.60	175.39	0.97	0.02	A2		mountain
896	كَنِيسَة	noun	145.09	101.26	144.37	0.98	0.00	A1		church (building and organization)
897	آيَة	noun	144.67	139.37	150.18	0.00	1.00	C1		sign, token
898	وَافَقَ	verb	144.48	117.86	122.99	0.89	0.11	A2		to succeed, go well
899	تَنْظِيف	noun	144.42	73.86	282.38	1.00	0.00	C1		cleaning
900	بُدّ	noun	144.35	228.04	91.38	0.94	0.03			escape, means of avoiding something
901	وَفَاة	noun	144.26	94.17	153.48	1.00	0.00	A1		death
902	سَادِس	adj	144.15	74.52	193.65	0.98	0.00	A1		sixth
903	أَحْسَنَ	verb,adj	144.14	131.40	109.80	0.74	0.09	A2		to do or act well, to do or act right; to do or act good
904	بَقِيَّة	noun	143.72	158.87	90.29	0.99	0.00	A1		rest, remainder
905	عَادِيّ	adj	143.53	118.39	120.84	0.96	0.00	A1		normal, regular, ordinary, usual
906	بُطُولَة	noun	143.52	39.86	358.83	0.99	0.01	A1		bravery
907	صَوَّرَ	verb	143.47	40.12	356.27	0.02	0.98	A1		to form, to create
908	طَبِيعَة	noun	143.08	112.57	181.84	0.96	0.00	B1		nature, quality, essence
909	نَجَاح	noun	142.99	81.97	249.42	1.00	0.00	B1		verbal noun of نَجَحَ (najaḥa) (form I) › success, good outcome
910	اِسْتِمْرَار	noun	142.90	66.41	213.54	1.00	0.00	A1		duration, permanence, continuation
911	مَسْأَلَة	noun	142.84	115.13	177.22	0.99	0.00	B2		issue, problem, point in question, thesis
912	تَبَّ	verb	142.60	363.25	38.88	0.99	0.00	A2		to perish, to be ruined
913	وَشَى	verb	142.48	159.96	126.90	0.18	0.11			to variegate, to embroider, to embellish with striped colours, to tinsel
914	كَرِيم	adj,name	142.04	37.84	370.24	0.37	0.63	A2		noble, noble-minded, beneficent, kind, gracious
915	جَلَسَ	verb	141.37	247.73	56.02	0.89	0.11	A1		to sit
916	اِعْتَمَدَ	verb	141.12	85.03	162.65	1.00	0.00	A2		to lean, to support oneself
917	عَرَضَ	verb,noun	141.09	98.65	201.77	0.02	0.97	B1		to appear
918	سَلَامَة	noun	141.05	93.38	147.95	0.93	0.04	A2		good health
919	مَمْلَكَة	noun	140.93	34.93	568.58	0.99	0.00	B2		kingdom
920	قَانُونِيّ	adj	140.89	66.02	208.80	0.97	0.00	A1		legal, canonical, according to law or rule
921	نَشَاط	noun	140.81	37.30	369.17	1.00	0.00	A2		briskness, liveliness, activity, agileness, promptness, quickness, energy
922	تَطَلَّبَ	verb	140.79	124.25	110.78	0.64	0.00	A2		to necessitate, to have as requirement
923	مَفْهُوم	noun,adj	140.41	108.67	125.99	1.00	0.00	A2		concept; notion; idea
924	وَقْف	noun	140.41	62.28	219.82	0.24	0.35	A2		stopping, halting
925	رَغِبَ	verb	140.20	171.12	114.87	0.00	1.00	B1		to desire, to seek
926	عَلَامَة	noun	140.05	112.14	174.89	0.86	0.13	B1		sign, mark
927	دَوْرِيّ	adj	140.04	50.30	389.89	0.91	0.04	B2		cyclical, periodic
928	أَمِنَ	verb,adj	140.03	99.90	196.28	0.02	0.97	B2		to be safe from
929	فَلَا	verb,noun	139.86	99.33	196.94	0.00	0.00	C2		to withdraw from sucking
930	سَبَقَ	verb	139.83	135.08	144.76	0.99	0.01	B1		to precede, to come before (something or someone)
931	جَدّ	noun,verb	139.79	146.02	92.93	0.43	0.53	A2		grandfather
932	حَاضِر	noun,adj,intj	139.78	93.16	209.74	0.30	0.68	B1		inhabitant of a village of town
933	تَرَاجَعَ	verb	139.71	102.44	132.33	1.00	0.00	A2		to return to each other
934	مَالِك	noun,adj,name	139.43	103.22	130.79	0.94	0.05	A1		owner
935	مُنْتَج	noun	139.04	37.61	356.97	1.00	0.00	A1		product
936	تَحَاوَلَ	verb	138.95	179.80	74.57	0.03	0.00	A2		to try hard, to finesse
937	جَمَعَ	verb	138.79	69.38	192.81	0.65	0.35	A1		to gather, to assemble, to keep together, to collect
938	أَعْمَال	noun	138.46	68.96	278.01	0.00	0.00	B1		business
939	رِعايَة	noun	138.35	58.30	227.98	1.00	0.00	A2		care, support, custody
940	دَعْوَة	noun	138.31	71.42	267.87	0.93	0.07	B2		instance noun of دَعَا (daʕā)
941	الموت	noun	138.28	244.61	78.17	0.00	0.00			death.
942	مَعْرِض	noun	138.26	42.46	312.65	0.78	0.00	A1		place where something appears or is shown
943	مُتَوَسِّط	adj,noun	138.23	29.88	444.08	0.99	0.00	A1		being in the middle, mediating
944	مُسْتَعِدّ	adj	138.16	300.73	44.08	1.00	0.00	A2		ready
945	سَمَّحَ	verb	138.12	140.45	94.32	0.00	1.00	A1		act kindly
946	دَوَاء	noun	138.10	93.97	140.96	1.00	0.00	A2		remedy, medicine, medication, drug
947	مَطْبَخ	noun	137.96	70.78	268.92	1.00	0.00	C1		kitchen
948	مُوَظَّف	noun	137.81	64.69	203.88	0.99	0.00	A1		employee
949	أَسْفَل	noun,adj,prep	137.75	278.32	68.18	1.00	0.00	B1		lower part
950	أَعْلَنَ	verb	137.62	34.82	543.98	0.71	0.17	B1		to publish, to publicize, to reveal to the public; to announce
951	تَلَقَّى	verb	137.39	131.41	143.64	0.95	0.04	B1		to receive, to obtain
952	كَأَنَّ	conj	136.95	185.57	70.19	0.21	0.79	A2		as if
953	تِجَارِيّ	adj	136.58	48.85	381.81	0.96	0.01	B1		related to trade, mercantile, commercial
954	جاهِز	adj	136.51	214.73	86.78	0.98	0.00	B1		prepared, ready
955	وَرَقَة	noun	136.32	102.52	125.88	0.00	0.69	A2		leaf
956	آلَة	noun	136.22	120.19	107.21	0.83	0.13	A2		instrument, utensil
957	جَوِّيّ	adj	136.21	98.24	188.85	0.96	0.00	C2		air-
958	شَيْخ	noun	136.15	25.98	495.56	0.44	0.56	A2		old man
959	لَاحَظَ	verb	135.82	115.82	110.61	0.99	0.00	A2		to notice
960	أَدْنَى	adj	135.48	65.73	193.94	0.32	0.38	A2		elative degree of دَنِيّ (daniyy, “near, low, mean”): › nearer, closer; nearest,…
961	عَضَّ	verb,noun	135.18	159.15	114.81	0.07	0.91	B2		to bite
962	غِرْفَة	noun	134.78	167.40	75.36	0.00	1.00	A1		mode of lading with the hand
963	صَفْقَة	noun	134.62	123.60	101.82	0.98	0.01	A2		clapping or clasping of the hands (in concluding a purchase or agreement)
964	حَسْب	noun	134.59	487.91	37.13	1.00	0.00	B1		reckoning, calculation, computing
965	صَدْر	noun	134.47	72.32	173.63	0.51	0.20	A1		a chest, a breast › a bust, a bosom
966	غَازٍ	noun,adj	134.27	65.67	190.66	0.79	0.02	A1		raider, invader, conqueror
967	حَفْلَة	noun	134.04	289.34	62.10	0.95	0.03	C2		gathering, meeting, assembly
968	سِيَاسَة	noun	133.99	42.66	420.83	0.99	0.00	B2		administration, management
969	أُسْرَة	noun	133.88	41.38	300.80	0.36	0.57	A1		family
970	أَشْهَرَ	verb,adj	133.82	127.71	140.22	0.00	0.00			to make known, to proclaim, to announce
971	قَرِيبًا	adv	133.07	231.50	76.49	0.00	0.00	B1		near, nearby, close at hand
972	مُبَاشِر	noun,adj	132.83	41.83	292.93	0.97	0.03	A1		agent, operator, factor, plenipotentiary, proxy
973	بَدْء	noun	132.80	91.59	192.56	1.00	0.00	B1		beginning, start
974	قَيْد	noun,prep	132.71	140.28	87.18	0.98	0.02	A2		fetter, chain, bond
975	أَهْل	noun,adj	132.53	24.83	491.17	0.95	0.01	A1		family, household; people, kinfolk, relations
976	أَحْيَانًا	adv	132.36	182.00	66.85	0.00	0.00	A1		sometimes
977	أَدَاة	noun	132.06	63.16	191.77	1.00	0.00	A2		device, tool, instrument
978	شَخْصًا	adv	132.03	207.78	83.90	0.00	0.00			personally
979	تُرَى	intj	132.02	260.57	66.89	0.00	0.00			say..., I wonder... (precedes a yes-or-no question, sometimes follows يَا (yā))
980	مُمَثِّل	noun	131.70	52.09	231.24	0.98	0.00	A1		actor
981	حَوَالَيْ	prep	131.43	101.67	117.98	0.00	0.04	A2		around
982	مَسْرَح	noun	131.40	103.37	116.01	0.99	0.01	A2		theater, playhouse
983	نَقْد	noun	131.37	113.50	105.59	0.94	0.05	A1		cash, ready money
984	مُخَدِّر	noun	131.17	208.89	82.36	0.98	0.00	B1		drug, narcotic
985	تَقَدَّمَ	verb	131.13	80.25	214.27	0.41	0.59	B1		to precede
986	دِرَاسَة	noun	130.90	40.56	293.38	0.00	0.99	A1		study, research, examination
987	أُخْت	noun	130.64	174.18	68.05	0.51	0.43	A1		sister
988	تَابِع	noun,adj	130.39	44.76	379.88	0.62	0.21	B2		follower, adherent, partisan
989	أَهَمِّيَّة	noun	129.95	67.13	251.57	0.99	0.01	B1		importance, significance
990	ذُو	noun	129.72	139.17	120.91	0.69	0.25			possessor of, owner of
991	جَمَاعَة	noun	129.66	61.38	273.89	0.99	0.01	B2		community, people
992	بَاسِم	noun,name	129.66	68.99	243.68	0.00	0.01			smiler: someone who smiles.
993	آنُك	noun	129.60	496.75	33.81	0.00	0.02			lead, Pb
994	خَطِير	adj	129.25	114.05	101.72	1.00	0.00	A1		great
995	قَمَر	noun,verb	129.18	85.52	135.51	1.00	0.00	A2		moon
996	بَارَ	verb,noun	128.92	119.58	138.99	0.21	0.53	B2		to perish
997	بِوَاسِطَة	prep	128.87	142.53	116.52	0.00	0.01	C1		by means of, using, with, through (indicates an instrument or tool)
998	مُوَاطِن	noun	128.82	33.79	491.11	0.98	0.02	B2		citizen; national
999	سَبِيل	noun	128.50	73.22	225.51	1.00	0.00	C1		way, path, road
1000	أَجْنَبِيّ	adj,noun	128.49	24.87	461.10	0.85	0.01	A1		foreign, from outside the land
1001	ضِعْف	noun	128.36	38.06	300.62	0.07	0.93	A1		double
1002	رَحَلَ	verb	128.12	318.43	35.80	0.91	0.09	A1		to saddle, to mount
1003	مَحْكَمَة	noun	128.10	78.02	210.33	0.44	0.53	B2		court
1004	جُرْح	noun	128.07	86.12	132.25	0.81	0.19	A2		wound
1005	مُشْتَرَك	adj	127.95	56.96	287.40	0.97	0.02	B1		shared
1006	تَحَقَّقَ	verb	127.90	96.55	117.66	1.00	0.00	A1		to come true, to materialize
1007	إِصْلَاح	noun	127.84	75.28	217.09	0.88	0.00	C1		correction, improvement, mending
1008	فَازَ	verb	127.60	127.62	127.58	0.96	0.04	B1		to win
1009	اِكْتَشَفَ	verb	127.51	227.49	71.47	1.00	0.00	B1		to discover
1010	فَتْح	noun,name	127.45	54.58	206.70	0.31	0.65	A1		opening
1011	شَكّ	noun,verb	127.15	137.60	117.49	0.76	0.16	C1		doubt, uncertainty, suspicion, scruple, scandal, hesitation
1012	عِلْمِيّ	adj	126.92	38.67	416.59	0.96	0.02	B2		related to knowledge
1013	مُوَافِق	adj	126.92	94.85	117.94	0.67	0.33	A1		consenting, approving, agreeing
1014	دَائِرَة	noun	126.82	57.82	193.17	1.00	0.00	A1		a defeat
1015	دَرَّاسَة	noun	126.81	38.34	291.27	0.00	1.00	A1		an implement used for threshing › flail
1016	حُضُور	noun	126.79	60.96	183.14	0.37	0.63	A2		presence
1017	ثَمَن	noun	126.73	133.84	83.33	0.97	0.03	A2		a price
1018	تَأْمِين	noun	126.23	64.60	171.29	0.97	0.01	A2		protection, securing, ensuring
1019	عُدَّة	noun	125.96	66.12	239.98	0.26	0.74	B1		appliance, fixture, technical provision
1020	سَمَك	noun	125.88	120.45	91.36	0.61	0.04	A2		fish
1021	سَوَاء	noun,adv	125.77	62.98	251.13	1.00	0.00	B2		equal
1022	مَصْلَحَة	noun	125.49	49.37	318.99	1.00	0.00	C1		anything promoting, salutary, advantageous; benefit
1023	سَامٍ	adj,verb,name,noun	125.16	125.07	125.26	0.00	0.62	C2		high, lofty
1024	مُشَارَكَة	noun	125.15	31.44	498.15	0.41	0.58	B2		participation, involvement
1025	شِعْر	noun	125.08	44.28	245.37	0.00	1.00	A1		knowing, knowledge
1026	مُرّ	adj,noun	125.07	153.99	101.58	0.00	0.98	C2		bitter
1027	قَبِلَ	verb	124.97	111.32	97.42	0.88	0.12	A1		to accept
1028	بَاقٍ	adj,noun	124.94	83.46	129.89	0.00	0.01	A1		who remains, who survives
1029	إِنْقَاذ	noun	124.90	169.58	92.00	1.00	0.00	B1		deliverance, salvation, saving, rescue
1030	شَهَادَة	noun	124.85	64.37	242.14	0.99	0.00	B1		testimony, witness
1031	سَابِع	adj	124.79	64.52	167.60	0.98	0.00	A2		seventh
1032	نَفْسِي	pron	124.77	260.89	59.67	0.00	0.01	B2		myself
1033	مَطْلُوب	noun	124.70	57.35	188.29	0.68	0.00	A2		desire, demand, wish
1034	حَمَّام	noun	124.69	134.41	115.67	0.84	0.16	B2		a bath, a bathtub › a bathhouse, a spa
1035	صِينِيّ	noun,adj	124.51	54.13	198.90	0.85	0.00	A1		Chinese person
1036	ضِمْن	noun,prep	124.51	49.78	311.43	0.95	0.05	B2		inside, interior
1037	سَاقَ	verb,noun	124.27	93.92	164.42	0.37	0.61	C2		to drive
1038	مُدَرِّب	noun	124.25	60.33	177.71	0.98	0.02	A2		trainer, coach
1039	اِسْتَحَقَّ	verb	123.93	219.04	70.12	1.00	0.00	C1		to be worthy, to deserve, to merit
1040	تَأَكَّدَ	verb	123.80	155.45	68.47	1.00	0.00	A2		to be confirmed, to prove to be true
1041	هُوِيَّة	noun	123.55	92.53	114.56	1.00	0.00	A2		identity
1042	لَأْي	noun	123.31	150.30	101.17	0.00	0.05			slowness
1043	أَوْسَط	adj	123.10	36.03	292.08	0.63	0.14	A2		elative degree of وَسِيط (wasīṭ)
1044	عَاصِمَة	noun	122.94	36.07	290.98	0.97	0.00	A1		capital city
1045	اِحْتِرَام	noun	122.90	86.38	121.44	1.00	0.00	A1		respect
1046	مُصَاب	adj	122.56	99.12	105.23	1.00	0.00	A2		wounded, injured, infected
1047	تَفْسِير	noun	122.26	45.32	229.06	1.00	0.00	A1		verbal noun of فَسَّرَ (fassara) (form II) › interpretation
1048	أَضَافَ	verb	121.96	24.27	612.91	0.95	0.03	B1		to add, to append, to attach
1049	تَشْغِيل	noun	121.94	75.28	197.51	1.00	0.00	B2		operating, operation
1050	عَيْش	noun	121.88	132.66	77.77	0.87	0.13	A2		living, life
1051	دَاعٍ	noun	121.82	90.03	114.46	0.00	0.02	A2		one who calls, invites
1052	تَعْلِيق	noun	121.73	33.14	310.53	1.00	0.00	A2		comment, commentary, notation
1053	مَجَلَّة	noun	121.56	54.14	189.54	0.99	0.00	A1		magazine (periodical), publication
1054	وَرَق	noun	121.41	91.31	112.12	0.22	0.78	A2		foliage, leaves
1055	غَد	noun	121.35	119.85	85.33	0.96	0.04	A2		tomorrow
1056	رَاحَة	noun	121.30	111.87	91.34	0.93	0.03	A2		rest
1057	هَا	particle	121.24	480.08	30.62	0.94	0.06	C1		behold, look, lo!
1058	إِطَار	noun	121.15	36.12	282.17	1.00	0.00	A1		frame, framework (also from doors and eyewear, and about things that are called …
1059	صُحُفِيّ	noun,adj	121.06	42.71	238.32	0.74	0.00	A2		journalist
1060	مُمَارَسَة	noun	120.84	59.49	170.47	0.69	0.10	A2		exercise, practice
1061	اِشْتَرَى	verb	120.84	218.78	66.75	0.99	0.01	B2		to buy, to purchase
1062	لَحْم	noun	120.81	131.07	77.34	0.77	0.23	A1		flesh, meat
1063	بَشَرِيّ	adj	120.58	84.91	171.23	0.91	0.06	B2		human
1064	مُحِيط	adj,noun	120.54	73.67	136.97	0.98	0.02	A2		whole
1065	آسِف	adj	120.40	1356.85	7.42	0.85	0.06	A1		sorry
1066	خَائِف	adj	120.37	293.34	49.39	0.75	0.25	B1		afraid, fearful, terrified
1067	تَسَبَّبَ	verb	120.35	80.21	125.39	0.98	0.02	A2		to be caused by, to be the result of
1068	عَمَّا	conj	120.01	144.51	99.66	0.00	0.00	C2		whereof
1069	رَغْبَة	noun	119.95	76.26	131.03	0.87	0.12	A2		ardent desire, longing for, wish
1070	سِي	noun	119.94	99.61	144.41	0.83	0.03			seventh note of a major scale; si
1071	إِعْلَام	noun	119.79	24.21	411.67	0.90	0.02	A2		instruction
1072	غَايَة	noun	119.76	97.46	102.20	0.84	0.01	A2		end
1073	هَوَاء	noun	119.39	122.19	81.00	0.99	0.01	A2		air
1074	مُؤْتَمَر	noun	119.16	33.65	421.92	1.00	0.00	C1		conference, congress, convention
1075	قَاضَ	verb,noun,adj	119.04	101.36	139.80	0.00	0.01	B1		to demolish
1076	تَدَخُّل	noun	119.03	84.39	167.89	0.93	0.02	B1		interference
1077	تَحَوَّلَ	verb	119.01	98.37	143.98	0.97	0.03	B2		to shift, to change, to become different
1078	تِقْنِيّ	adj	118.98	40.25	351.69	0.85	0.15	B2		technical
1079	جِيل	noun	118.56	57.51	169.73	0.93	0.00	A1		generation (entity of the same time period, or the time period itself)
1080	تَقَدُّم	noun	118.43	67.56	207.60	0.42	0.58	B1		preeminence
1081	جَهْد	noun	118.19	49.11	284.46	0.82	0.18	B1		labour, toil, exertion, effort
1082	خَسَارَة	noun	118.17	68.94	140.67	1.00	0.00	A2		loss › damage
1083	مَرْكَزِيّ	adj	118.15	43.30	223.87	0.94	0.00	A1		central
1084	سَاحَة	noun	117.95	45.24	213.57	0.99	0.00	A1		field, area
1085	مُطْلَق	adj	117.81	110.14	87.51	0.98	0.01	A1		absolute, utter, very, unlimited, unrestricted, unconditional
1086	إِنْتَرْنَت	noun	117.68	39.65	242.54	0.00	1.00	A2		Internet
1087	أَسْرَعَ	verb,adj	117.44	231.73	59.52	0.60	0.16	B1		to be fast
1088	تَأْثِير	noun	117.39	73.57	187.32	1.00	0.00	B2		influence, impression
1089	وُسْع	noun	117.02	182.18	75.16	0.98	0.01	C2		ability, strength
1090	خُمُس	noun	116.77	138.93	98.14	0.80	0.20			one fifth
1091	تَعَامَلَ	verb	116.15	150.69	89.53	1.00	0.00	B1		to do business with one another
1092	بَرِيطَانِيّ	adj,noun	116.01	41.77	223.77	0.96	0.04	A1		British
1093	نَادَى	verb	115.78	68.99	134.94	0.50	0.00	A2		to shout
1094	نَظْرَة	noun	115.74	195.35	47.62	0.82	0.17	A1		instance noun of نَظَرَ (naẓara): a look
1095	رَمْز	noun	115.72	63.87	145.59	0.99	0.00	A2		symbol, emblem
1096	سَفِينَة	noun	115.40	188.54	70.64	0.96	0.01	C2		ship, vessel
1097	جِدِّيّ	adj	115.37	154.72	59.74	0.73	0.03	A2		serious; grave; earnest
1098	خَطْوَة	noun	115.16	101.23	131.00	0.00	0.98	B2		step, pace (an instance of stepping, single movement of one foot before the othe…
1099	قَلَّ	verb	115.04	158.52	83.48	0.00	0.23			to be few, to be little
1100	تَصْرِيح	noun	115.01	37.19	246.98	1.00	0.00	A1		explanation
1101	مَنَعَ	verb	114.97	66.92	197.51	0.57	0.43	B1		to hinder, to prevent, to repel
1102	أَثَارَ	verb	114.85	68.17	193.50	0.87	0.07	C1		to arouse, to incite, to stimulate
1103	عِشْرُونَ	num,adj	114.37	88.72	102.39	0.50	0.50	A1		twenty
1104	سَقَطَ	verb,adj	114.34	146.52	89.23	0.92	0.08	B1		to fall, to collapse, to descend
1105	اِنْتِخَاب	noun	114.22	28.14	463.68	0.99	0.00	B1		election
1106	ظِلّ	noun	114.19	59.20	220.25	0.98	0.02	C1		shadow, shade
1107	خَلْفِيّ	adj	114.12	95.71	94.49	0.48	0.33	A2		back, rear, hind
1108	جَسَد	noun	113.92	115.77	77.85	0.91	0.07	A1		body
1109	أَخِيرًا	adv	113.85	166.02	54.21	0.00	0.00	A2		finally, at last
1110	تَرْتِيب	noun	113.78	52.98	169.71	1.00	0.00	A2		order, arrangement, array
1111	قِمَّة	noun	113.76	56.13	160.13	0.94	0.04	A1		top, peak, crown, highest point, apex, vertex
1112	مُرُور	noun	113.66	65.74	136.46	0.66	0.34	A2		passing, passing by
1113	عِبَارَة	noun	113.42	57.52	155.31	0.97	0.00	A2		expression, phrase, term
1114	شِدَّة	noun	113.20	136.45	93.91	0.85	0.10	B2		intensity
1115	فَضَلَ	verb	113.13	93.61	136.72	0.00	1.00	B1		to remain, to be left over
1116	أَدَاء	noun,verb	113.12	53.93	237.28	0.89	0.01	B2		performance
1117	حُلُول	noun	113.03	52.24	169.85	0.32	0.18	A2		verbal noun of حَلَّ (ḥalla) (form I) › befalling, affliction
1118	رَجَاء	noun	112.98	165.45	53.57	0.06	0.94	A2		hope
1119	مَقَال	noun	112.92	26.05	339.91	0.95	0.05	A1		speech, utterance; words
1120	زَعِيم	noun	112.61	66.75	131.93	1.00	0.00	A1		leader
1121	جُثَّة	noun	112.29	191.84	65.73	0.97	0.00	C2		corpse, cadaver
1122	شَرِبَ	verb	112.06	229.18	54.79	0.98	0.01	B1		to drink
1123	حَيَاتِيّ	adj	111.99	316.53	39.63	0.03	0.00			Of life; living.
1124	زِيَادَة	noun	111.89	40.46	309.43	0.98	0.02	B1		increase, surplus, addition
1125	شَارَكَ	verb	111.73	33.09	262.01	0.98	0.02	A1		to share, to participate
1126	طَيَرَان	noun	111.49	58.38	147.87	1.00	0.00	A1		flight
1127	نَوَوِيّ	adj	111.37	85.36	145.32	0.96	0.00	B2		atomic, nuclear
1128	حَرَارَة	noun	110.97	77.20	110.77	0.98	0.00	A2		heat
1129	سُوء	noun	110.59	121.81	69.73	0.65	0.35	A1		evil, badness
1130	دَفْع	noun	110.41	77.09	109.81	0.00	1.00	A2		pay, payment
1131	إِنَّمَا	particle	110.36	53.48	227.72	1.00	0.00			only
1132	قَابَلَ	verb	110.33	266.75	31.69	0.83	0.17	A2		to stand exactly opposite, to be opposite, to be face to face
1133	وَهْم	noun	110.29	86.95	139.90	0.06	0.02	C1		imagination, fancy
1134	وَفَى	verb	110.28	87.19	139.50	0.68	0.14			to fulfill
1135	جَلْسَة	noun	109.73	57.54	209.23	0.98	0.02	B2		session, sitting
1136	وَدَعَ	verb	109.69	603.57	19.93	0.00	0.91			to lay down, to place, to leave
1137	دِينِيّ	adj	109.62	27.43	304.16	0.93	0.02	A2		religious, related to religion
1138	اِبْنَة	noun	109.62	202.20	41.27	0.28	0.57	A1		daughter
1139	مَثَلَ	verb,noun	109.60	53.87	154.85	0.39	0.61	A1		to attribute,
1140	مَتْجَر	noun	109.48	110.77	75.14	1.00	0.00	A1		store
1141	حَظِيَ	verb	109.39	169.06	70.78	0.95	0.05	C2		to enjoy, to be in the good graces of
1142	فَضَائِيّ	adj,noun	109.13	44.24	186.95	0.91	0.00	A2		spatial
1143	سِلْسِلَة	noun	109.07	54.91	150.44	1.00	0.00	A2		iron chain
1144	مُحَافِظ	adj	108.98	26.16	315.33	0.48	0.52	A2		conservative
1145	كَلْب	noun	108.88	242.76	48.83	0.99	0.01	B1		dog
1146	تَعَاوُن	noun	108.71	20.78	395.05	1.00	0.00	A1		cooperation
1147	جَنُوبِيّ	adj	108.22	38.36	212.01	0.97	0.00	A1		southern
1148	جَادّ	adj	108.14	93.79	86.59	0.98	0.00	A2		serious
1149	أَقْرَبَ	verb,adj	107.89	78.57	102.87	0.84	0.04	A2		to cause a thing to be nearly filled or completed, to be close to being reached,…
1150	مُنَظَّمَة	noun	107.87	42.07	276.57	0.54	0.46	B2		organization (an organized group of people)
1151	إِجَابَة	noun	107.72	103.01	78.23	0.80	0.00	A2		reply, response, answer
1152	قَبْض	noun	107.61	99.30	80.99	0.92	0.08	A2		taking possession, possession
1153	ضَخْم	adj	107.55	102.84	78.12	1.00	0.00	A2		big, large, bulky, voluminous, plump, buxom, stout, "endowed"
1154	مُمْتَاز	adj	107.50	143.32	80.63	1.00	0.00	B1		excellent
1155	خِبْرَة	noun	107.39	38.66	207.15	0.64	0.05	A2		experience
1156	مُقَدَّس	adj	107.37	63.80	125.47	0.96	0.00	A1		sacred, holy
1157	وَحْد	noun,adj	107.30	198.16	58.10	0.46	0.54	C2		solitude
1158	رَائِحَة	noun	107.29	162.86	49.09	0.96	0.03	A2		smell, scent; odor
1159	حَرْف	noun,adj	107.28	49.54	161.34	0.99	0.01	A2		letter (of the alphabet), piece of type
1160	مُسَلَّح	adj	107.16	38.22	208.65	0.99	0.00	A1		armed
1161	تَبَقَّى	verb	107.16	164.75	69.70	0.14	0.03	B2		to remain, to continue, to stay
1162	إِذْ	conj	106.84	37.55	304.04	0.98	0.02	B2		and then
1163	زَمِيل	noun	106.83	72.82	108.84	1.00	0.00	A2		colleague, fellow
1164	بَالِغ	adj,noun	106.80	59.40	133.34	1.00	0.00	A1		extensive, far-reaching
1165	تَوَجَّدَ	verb	106.76	148.85	76.57	0.00	0.02			to be passionately in love
1166	حَقِيبَة	noun	106.73	189.33	60.17	0.97	0.00	B2		bag
1167	بَوَّابَة	noun	106.61	81.35	139.70	0.97	0.01	C1		gate
1168	أَوْضَحَ	verb,adj	106.57	36.73	214.74	0.59	0.41	A2		to make clear, to clarify; to elucidate
1169	شَيْطَان	noun	106.52	118.61	66.44	0.98	0.00	A1		Satan, shaitan, the Devil
1170	ضُعْف	noun	106.43	27.44	286.65	0.00	1.00	A1		weakness
1171	ظُهْر	noun	106.42	90.73	86.69	0.00	0.98	A1		noon, midday
1172	بَدِيل	adj	106.26	51.25	152.98	0.89	0.00	A2		alternative
1173	نَهْر	noun	106.24	80.44	97.45	1.00	0.00	A1		river
1174	تَوَلَّى	verb	106.21	110.80	101.81	0.94	0.03	B2		to take charge of, to take control of
1175	عَمّ	noun,verb,particle	105.99	130.42	59.81	0.74	0.26	A1		paternal blood uncle (one's father's brother)
1176	مُحَدَّد	adj	105.69	54.93	141.21	1.00	0.00	A1		definite
1177	مُوَافَقَة	noun	105.39	93.01	82.93	0.59	0.40	A1		approval, agreement, consent
1178	قِطَار	noun	105.34	113.09	98.12	0.80	0.20	B1		row
1179	مُنْتَصَف	noun	105.23	122.90	62.57	1.00	0.00	A2		middle
1180	قَوْمِيّ	adj,noun	105.23	69.45	159.45	0.85	0.02	B2		national
1181	اِمْتَلَكَ	verb	105.20	105.55	104.84	1.00	0.00	B1		to possess, own, have
1182	الجَامِعَة	noun	105.15	51.43	214.96	0.00	0.00			Ecclesiastes (book of the Bible)
1183	مُحَادَثَة	noun	105.13	78.31	98.01	0.97	0.00	A2		conversation, talk, dialogue
1184	شَرَحَ	verb	105.09	72.81	105.34	0.60	0.40	A1		to explain
1185	شَكَّلَ	verb	105.08	35.98	213.09	0.97	0.03	A2		to become dubious or confused
1186	شُعُور	noun	104.80	162.68	46.89	0.46	0.53	A2		feeling, sensation, emotion
1187	خَال	noun,adj,verb	104.76	82.41	92.48	0.22	0.03	A2		beauty spot, birthmark
1188	اِعْتِبَار	noun	104.73	40.78	186.81	1.00	0.00	A2		regard, respect
1189	زَمَن	noun	104.71	96.89	113.17	0.66	0.33	C2		time
1190	تَجَاوَزَ	verb	104.68	52.18	145.83	0.76	0.24	A1		to pass by, to travel past something, to go beyond
1191	مَطَرَ	verb,noun	104.64	61.34	123.95	0.87	0.13	A2		to rain (“to have rain fall from the sky”)
1192	بَشَرَة	noun	104.59	71.40	153.22	0.47	0.43	B1		skin, outer skin, epidermis
1193	حَمْلَة	noun	104.50	41.54	262.86	0.95	0.05	C1		attack
1194	غَالِب	noun,adj	104.48	74.11	102.28	0.93	0.07	A1		victor
1195	اِرْتِفَاع	noun	104.42	32.06	236.18	0.98	0.00	A1		being or becoming high in stature or station
1196	هَدِيَّة	noun	104.25	148.35	73.26	0.97	0.03	B1		gift, donation
1197	مُتَعَلِّق	adj	104.10	48.51	155.14	0.98	0.00	A1		related to, concerning, relevant
1198	اِسْتِعْدَاد	noun	104.08	58.07	129.55	0.88	0.00	A2		preparation
1199	طَبَق	noun	103.97	63.19	118.81	0.82	0.18	A1		plate (serving dish)
1200	مَشْعَر	noun,adj	103.96	119.01	90.80	0.72	0.00	B1		feeling
1201	مُشَارِك	noun,adj	103.92	23.59	457.68	0.37	0.63	B1		participant
1202	تَوّ	noun	103.91	391.21	27.60	0.89	0.04			instantaneousness, immediacy, onlyness, the condition of having been present jus…
1203	رِوَايَة	noun	103.89	32.74	329.68	0.99	0.00	B1		novel, story
1204	ثَامِن	adj	103.87	65.47	114.43	0.97	0.00	A2		eighth
1205	تَهْدِيد	noun	103.77	69.75	107.22	1.00	0.00	A2		threat
1206	مُحْتَمَل	adj	103.40	136.57	54.37	1.00	0.00	A2		possible, probable
1207	اِنْتِهَاء	noun	103.32	53.26	139.18	1.00	0.00	A2		finishing, completing
1208	قَصْر	noun	103.22	48.16	153.65	0.95	0.05	A2		large stone building from which power is projected, castle, palace
1209	نَصَّ	verb,noun	103.21	33.41	318.77	0.89	0.05	B1		to fix, to determine
1210	صِنَاعِيّ	adj	103.04	40.58	181.69	0.95	0.00	A1		industrial
1211	بَدَلًا	adv	102.63	124.16	84.83	0.00	0.00			instead
1212	حَامِل	adj	102.42	86.55	84.17	0.94	0.06	A1		active participle of حَمَلَ (ḥamala) › Hafiz, one who has memorized the Qur'an
1213	أَلْمَانِيّ	adj,noun	102.33	34.42	211.28	0.91	0.04	A1		German
1214	لَازِم	adj	102.16	44.39	163.28	0.84	0.05	A2		necessary, urgent, unavoidable
1215	بَاتَ	verb	102.14	46.83	154.70	0.82	0.02	A2		to spend the night, to stay overnight
1216	أَسْوَأ	adj	102.13	197.69	52.76	0.72	0.28	B1		elative degree of سَيِّئ (sayyiʔ): › worse, eviler; worst, evilest
1217	سَارِق	noun	102.12	152.77	68.27	0.07	0.00	B2		thief, robber, stealer
1218	سَوَّى	verb	102.11	123.41	84.48	0.06	0.89			to equalize
1219	تَهْنِئَة	noun	102.02	60.22	172.86	0.91	0.00	B1		congratulation
1220	حَدِيقَة	noun	101.94	92.70	112.10	0.98	0.00	B1		garden (decorative piece of land outside)
1221	أَحْضَرَ	verb	101.90	422.33	24.59	0.65	0.34	C2		to bring
1222	مَشْهُور	adj,noun	101.90	68.36	105.47	1.00	0.00	A2		famous
1223	ضَرُورِيّ	adj	101.77	79.66	90.30	0.95	0.00	A1		necessary, indispensable
1224	أَدْخَلَ	verb	101.69	131.37	54.67	0.09	0.06	A2		to make enter, to bring in, to let in, to admit, to show in
1225	خَصَّ	verb	101.53	62.58	114.40	0.89	0.11	A2		to single out, to distinguish
1226	جِنْسِيّ	adj	101.49	75.78	94.38	0.59	0.38	A1		generic
1227	شَمَالِيّ	adj	101.47	48.91	210.50	0.95	0.00			northern
1228	وَسِيلَة	noun	101.30	67.83	151.29	0.99	0.01	B2		means, medium
1229	تَطْبِيق	noun	101.15	21.59	473.75	1.00	0.00	B2		application, implementation
1230	فَنَّان	noun	101.14	26.39	269.20	0.76	0.23	A1		artist
1231	شَهِدَ	verb	101.09	24.22	293.02	1.00	0.00	A1		to witness, to be a witness
1232	صَبَاحًا	adv	101.06	89.68	113.89	0.00	0.00	B1		in the morning
1233	جَمْعِيَّة	noun	100.96	15.97	443.31	0.99	0.00	A1		association; club; society; assembly
1234	خَبِير	noun,adj	100.87	44.85	157.56	1.00	0.00	A2		expert, specialist
1235	أَدْرَكَ	verb	100.66	158.50	63.93	0.77	0.23	B2		to reach, catch up with, overcome, overtake
1236	تَوْقِيع	noun	100.45	53.76	130.34	0.93	0.07	A2		signature
1237	عَمَلِيّ	adj	100.43	113.90	61.50	0.98	0.01	A2		practical, pragmatic
1238	مُعَلِّم	noun	100.24	52.43	133.08	0.38	0.61	A1		teacher, instructor, schoolteacher, tutor, schoolmaster, pedagogue, educator
1239	سَهْم	noun	100.05	38.96	178.42	0.93	0.07	A1		arrow, dart
1240	غَرِيبَة	noun	100.00	77.05	129.79	0.49	0.00			peculiarity, a strange occurrence
1241	مُحَمَّد	adj,name	99.92	13.95	715.90	0.00	1.00			commendable, laudable, praised, praiseworthy
1242	مُرَاقَبَة	noun	99.89	83.98	82.50	0.51	0.46	A2		surveillance, monitoring
1243	شِمَال	noun	99.79	41.53	166.50	0.00	0.99	A1		left hand
1244	أَسَاس	noun	99.74	47.09	211.26	0.98	0.01	B1		foundation, basis, base
1245	سِرِّيّ	adj	99.59	102.81	66.99	0.74	0.21	A2		secret, hidden, clandestine
1246	كَامِيرَا	noun	99.43	122.37	80.80	0.00	0.01	B2		camera
1247	فَشِلَ	verb,adj	99.30	76.41	89.62	0.54	0.43	A1		to fail
1248	وَلَوْ	conj	99.28	77.95	126.44	0.00	0.02			even if, albeit
1249	ظَرْف	noun	99.00	57.40	170.75	1.00	0.00	B1		vessel, container, receptacle
1250	إِمَّا	conj	98.91	79.86	122.51	0.63	0.37	B1		used for disjunction, both posited as equal alternatives, either … or, be it tha…
1251	حِينَمَا	conj	98.86	147.11	46.13	0.00	0.04	A2		while
1252	ظَلَّ	verb	98.80	99.09	98.50	0.97	0.03	C1		to remain, to persist, to maintain
1253	نَار	noun	98.80	91.29	106.91	0.98	0.02	B1		fire
1254	بَرّ	noun,verb,adj	98.76	47.98	141.18	0.31	0.34	A1		land, dry land (as opposed to sea)
1255	فَحْص	noun	98.75	89.42	109.06	0.54	0.22	B2		examination, investigation
1256	ضَعِيف	adj	98.71	85.94	78.74	1.00	0.00	A2		weak
1257	شَرِيط	noun	98.70	94.07	71.92	0.96	0.04	A1		rope, string, cord (originally of palm bast)
1258	مَوْت	noun	98.65	172.26	56.49	0.93	0.07	B1		death
1259	كَهْرَبَاء	noun	98.59	42.21	159.92	0.99	0.00	A2		electricity
1260	خَسِرَ	verb	98.35	153.65	62.95	1.00	0.00	B1		to lose
1261	اِفْتَرَضَ	verb	98.32	244.82	39.48	1.00	0.00	C2		suppose, to assume, to estimate, to presume
1262	مَنْصِب	noun	98.29	44.11	152.12	1.00	0.00	A1		post, position, office
1263	صَلَاة	noun	98.28	21.21	316.16	0.99	0.00	A2		prayer
1264	اِسْتَمَعَ	verb	98.21	263.17	36.65	0.95	0.05	C1		to listen, to listen closely
1265	تَصَرُّف	noun	98.12	94.43	70.80	0.46	0.25	A1		behavior
1266	اِرْتَدَى	verb	98.05	240.62	39.95	0.97	0.03	C2		to put on or wear
1267	إِقَامَة	noun	97.75	36.58	261.23	0.99	0.01	B1		staying, remaining, stopping
1268	عَصْر	noun	97.73	50.46	189.30	0.97	0.03	B2		period of time; season; age, century, era; reign
1269	هُنَالِكَ	adv	97.67	301.57	31.63	0.00	0.02			there
1270	مَدَنِيّ	adj,noun	97.65	28.07	339.77	0.96	0.00	B2		urban
1271	دَقِيق	adj,noun	97.47	87.86	108.13	0.38	0.62	B1		precise, accurate, exact
1272	فَتًى	noun	97.23	378.84	24.95	0.98	0.01	C1		male adolescent, youth, juvenile
1273	عَقَار	noun	96.98	35.34	184.83	1.00	0.00	A2		real estate, immovable property
1274	صِنَاعَة	noun	96.92	33.43	280.95	1.00	0.00	B1		art, skill
1275	أُمْنِيَّة	noun	96.91	39.32	238.87	0.00	0.00			wish, desire, hope
1276	سَلِمَ	verb,noun	96.83	22.21	293.08	0.00	1.00	A1		to be safe, to be well
1277	سُهُولَة	noun	96.60	80.79	115.49	0.96	0.03	B2		ease, facility, comfortableness
1278	لِيزَر	noun	96.54	12.30	757.47	0.90	0.00	C1		laser
1279	عَدَا	verb,prep	96.49	132.22	48.89	0.67	0.14	A2		to run, to move quickly
1280	زَوْجِيّ	adj	96.26	100.18	92.49	0.38	0.02			even
1281	قِطْعَة	noun	96.21	135.95	68.08	0.72	0.24	C2		piece, fragment, chunk
1282	تَحْمِيل	noun	96.14	19.30	479.00	1.00	0.00	B2		burdening, encumbrance, imposition
1283	لَاحِق	adj	95.97	152.70	41.88	0.05	0.95	A2		following, subsequent
1284	لَاحَقَ	verb	95.91	169.58	37.67	0.10	0.90	A2		to pursue
1285	إِرْهَابِيّ	adj,noun	95.90	34.24	186.52	0.99	0.00	A2		terrorist
1286	مُتَأَكِّد	adj	95.86	566.87	16.21	1.00	0.00	C1		certain, sure
1287	تُجَاهَ	prep	95.82	67.96	93.81	1.00	0.00	A1		towards, vis-à-vis
1288	مَقْتَل	noun	95.75	44.19	144.07	0.96	0.03	A2		noun of place of قَتَلَ (qatala): place of killing
1289	يَدَى	verb	95.71	254.54	35.99	0.00	0.96	C2		to touch, hit, injure, hurt on the hand
1290	ه	adv,pron,particle	95.65	38.25	239.16	0.89	0.00			AH (Anno Hegirae)
1291	تَرْبِيَة	noun	95.60	19.63	465.62	0.97	0.00	B1		education
1292	مُعَدَّل	noun,adj	95.44	40.84	154.87	1.00	0.00	A1		rate
1293	مُعَالَجَة	noun	95.35	39.77	158.77	0.94	0.00	A1		solving (a problem)
1294	أُسْلُوب	noun	95.32	58.21	156.08	1.00	0.00	B2		method, manner, mode, style, technique
1295	دَانَ	verb	95.30	188.90	48.08	0.53	0.05			to owe (money)
1296	سِيرَة	noun	95.23	33.11	190.20	0.68	0.30	A2		biography, chronicle, romance
1297	أَصْلِيّ	adj	95.22	55.98	112.49	0.86	0.02	A2		original, authentic
1298	وَاسِع	adj	95.14	31.50	199.54	1.00	0.00	A1		large in area, extensive, vast; broad; wide; open › spacious, roomy
1299	شَبَّهَ	verb	95.06	111.17	81.29	0.03	0.21	B1		to compare or liken
1300	حَاجّ	noun,verb	95.06	46.69	134.42	0.19	0.81	A2		pilgrim, especially to Mecca
1301	طَالَبَ	verb	94.83	26.70	233.83	0.64	0.36	A1		to request, to demand, to ask for
1302	أَجْرَى	verb	94.20	73.27	121.10	0.62	0.38	B2		to let flow, to let happen › to grant
1303	شَمَال	noun	94.19	39.01	157.91	0.00	0.99	A1		north
1304	مُنَاقَشَة	noun	94.04	40.83	150.41	1.00	0.00	A2		argument, controversy, dispute, debate, discussion
1305	عَمِيق	adj	93.99	74.71	82.13	0.84	0.16	A2		deep
1306	دَائِم	adj	93.98	44.96	136.42	1.00	0.00	A1		lasting, enduring
1307	أَعَدَّ	verb,adj	93.88	228.20	38.62	0.07	0.44	B1		to prepare, make ready, equip
1308	تَخَرَّجَ	verb	93.62	102.79	59.21	0.07	0.04	A2		to graduate (from)
1309	كَمِّيَّة	noun	93.50	49.19	123.44	0.99	0.01	A1		quantity, amount
1310	شَرْعِيّ	adj	93.43	44.77	135.42	0.56	0.40	A2		lawful, legal
1311	جَار	noun,verb	93.30	83.73	72.20	0.78	0.02	A1		neighbor
1312	ضَحِكَ	verb,noun	93.23	111.20	78.17	0.98	0.02	B1		to laugh
1313	دَرَّاجَة	noun	93.18	75.37	79.99	0.98	0.00	A1		bicycle
1314	اِعْتَرَفَ	verb	93.16	113.69	76.34	0.99	0.01	B1		to confess, own, avow, to admit
1315	حَذِرَ	verb,adj	92.92	96.22	62.32	0.00	1.00	A2		to watch out
1316	نَافِذَة	noun	92.91	106.82	56.13	0.55	0.00	A2		opening in a wall, air hole
1317	تَصْحِيح	noun	92.52	16.58	516.24	1.00	0.00	B1		correction, rectification
1318	نَقَلَ	verb	92.43	35.74	165.99	0.80	0.20	A2		to transport, bring from one place to another
1319	وَكِيل	noun	92.31	41.69	141.96	0.97	0.01	A2		agent, representative, envoy
1320	أَقْصَى	noun,verb,adj	92.16	49.84	118.33	0.67	0.28	A2		farthest part
1321	تَنْظِيم	noun	91.77	22.72	370.76	0.91	0.00	B1		verbal noun of نَظَّمَ (naẓẓama) (form II) › organization, the act of putting in…
1322	يَمِين	noun	91.44	72.84	79.72	0.84	0.16	A2		right, right side (opposed to left)
1323	قَلَق	noun	91.43	111.33	52.15	0.32	0.68	A2		agitation, worry, trouble, disquietude, anxiety
1324	سِحْر	noun	91.33	83.65	99.71	0.82	0.18	B2		charming, enchantment, fascination, spellbinding
1325	قَلَم	noun,verb	91.24	35.63	162.25	1.00	0.00	A1		pen, reed pen
1326	مَرَّاتٍ	adv	91.22	106.35	78.24	0.00	0.00	B1		several times
1327	تَخَلُّص	noun	91.11	76.24	75.60	0.84	0.01	A2		liberation, freedom, extrication
1328	يَوْمِيّ	adj	91.02	35.29	163.03	0.61	0.00	A1		daily
1329	تَجَمَّعَ	verb	90.77	24.59	232.67	0.04	0.02	A2		to gather up; to pile up, to heap up
1330	بَأْس	noun	90.62	393.82	20.85	0.98	0.02	B1		courage, boldness
1331	قَمَّ	verb	90.61	125.84	65.24	0.89	0.11			to sweep, to scoop
1332	اِنْطَلَقَ	verb	90.48	73.68	111.12	0.99	0.01	B1		to be free, to be loose
1333	فَوْرَ	prep	90.40	62.02	91.51	0.44	0.02	A2		immediately at, immediately after
1334	خُصُوصًا	adv	90.39	40.12	141.42	0.00	0.00	A2		especially, particularly
1335	غَلَقَ	verb,noun	90.33	82.59	98.79	0.00	0.33	C2		to shut, to close (a door)
1336	سَحَبَ	verb	90.20	113.82	71.47	0.99	0.01	B1		to pull, to drag
1337	حَانَ	verb	90.18	238.64	34.08	0.76	0.24			to approach
1338	عَالِم	noun	89.96	29.51	190.43	0.98	0.02	A1		scholar, man of letters, scientist
1339	ضَيْف	noun	89.95	58.11	96.69	0.87	0.13	A2		guest(s)
1340	مَصْنَع	noun	89.88	42.32	132.56	0.98	0.00	A2		factory; plant
1341	عَنِيف	adj	89.85	52.85	106.09	0.47	0.53	A2		violent
1342	مُعَظَّم	adj	89.85	56.14	99.86	0.16	0.84	A2		exalted, glorified, venerated
1343	بَلَّغَ	verb	89.84	37.15	217.26	0.00	1.00	C1		to inform
1344	خُطْوَة	noun	89.73	63.69	126.42	0.00	1.00	B2		step, pace (the space or distance between two feet as one walks or runs)
1345	إِعْدَاد	noun	89.73	35.41	157.89	0.87	0.10	A2		preparation
1346	سَعَادَة	noun,name	89.52	82.59	97.02	0.67	0.30	B1		happiness, gladness
1347	تِجَارَة	noun	89.47	30.38	263.54	0.99	0.00	B1		commerce
1348	اِحْتَوَى	verb	89.45	40.61	197.05	1.00	0.00	B2		to contain
1349	مَشْهَد	noun,name	89.38	60.50	91.70	0.79	0.20	A1		place of assembly, meeting, meeting place
1350	اِتَّخَذَ	verb	89.24	61.09	130.34	1.00	0.00	B1		to take
1351	ثَابِت	adj,noun	89.20	41.85	132.04	0.85	0.02	A2		constant
1352	نَجْد	noun,name	89.11	87.11	63.31	0.00	0.00	A2		highland, plateau
1353	مَارّ	adj,noun	88.79	117.37	67.17	0.38	0.60			passing
1354	فَم	noun	88.79	104.32	52.48	0.92	0.04	A2		mouth
1355	كُرْسِيّ	noun	88.73	64.99	84.12	0.88	0.03	A1		chair, seat
1356	مُسْلِم	noun,adj,name	88.50	11.09	490.36	0.99	0.00	A1		Muslim
1357	مِثَالِيّ	adj	88.47	127.09	61.58	0.97	0.01	B2		typical
1358	وَثِيقَة	noun	88.43	37.71	144.02	1.00	0.00	A2		document, written credential, attestation
1359	مَعْلَم	noun	88.41	36.62	148.21	0.39	0.61	A1		landmark, milestone, milepost
1360	إِنْتَاج	noun	88.38	27.36	285.45	1.00	0.00	B1		production
1361	إِعْطَاء	noun	88.34	81.10	66.82	1.00	0.00	A2		giving, providing
1362	كُلِّيّ	adj	88.33	86.28	62.80	0.88	0.12	A2		universal
1363	لِمَنْ	det	88.25	80.46	96.79	0.00	0.00			whose
1364	سَنَوِيّ	adj	88.22	23.87	226.48	0.98	0.00	A2		annual, yearly
1365	أَقْوَى	adj	88.16	73.74	73.20	0.95	0.05	A2		elative degree of قَوِيّ (qawiyy)
1366	بَلَغَ	verb	88.06	36.35	213.30	0.00	1.00	C1		to reach (to arrive at)
1367	صَدَقَ	verb	88.04	136.95	39.30	0.07	0.93	A2		to be truthful, to speak the truth
1368	جِدَار	noun	87.94	72.82	73.75	0.99	0.01	A2		wall (division in a building)
1369	قَاعَة	noun	87.87	57.76	133.67	0.98	0.01	C2		hall; vestibule; corridor
1370	مُقَاطَعَة	noun	87.82	66.62	80.38	0.99	0.00	A2		interruption
1371	أَيَّا	verb	87.57	160.40	47.80	0.00	0.21			to put or set a token, sign or mark for recognition
1372	صَوْتِيّ	adj	87.52	45.56	116.77	0.35	0.01	A2		sonant, sound in compounds, vocal, sonic, acoustic
1373	مَسَافَة	noun	87.41	79.32	66.90	0.97	0.00	A2		distance, interval
1374	هِنْدِيّ	adj,noun	87.32	38.49	137.56	0.86	0.07	A1		Indian (from India)
1375	أَثْبَت	adj,verb	87.20	85.92	88.50	0.87	0.04	B2		elative degree of ثَابِت (ṯābit): › more constant; most constant
1376	وَاصَلَ	verb	87.14	65.94	115.16	0.95	0.04	B1		to be united with
1377	قَتْل	noun	87.07	162.68	46.61	0.00	1.00	B2		killing, manslaughter, homicide, murder
1378	اِعْتِرَاف	noun	87.07	46.58	113.04	1.00	0.00	A2		confession
1379	نَزَلَ	verb	87.05	66.34	79.33	0.88	0.12	A1		to descend, to come down, to go down
1380	إِضَافِيّ	adj	87.05	83.13	91.16	1.00	0.00	B1		additional
1381	مَقْعَد	noun	86.99	85.09	88.94	1.00	0.00	B1		seat
1382	تَاسِع	adj	86.93	51.73	101.45	0.97	0.00	A2		ninth
1383	كَادَ	verb	86.92	75.41	69.57	0.78	0.22	A2		to almost do something (with following non-past or with أَن (ʔan) + subjunctive)
1384	مُرَاقِب	noun,adj	86.91	55.17	95.08	0.49	0.51	A2		controller, monitor, observer
1385	تِكْنُولُوجْيا	noun	86.90	24.69	212.46	0.98	0.00	A1		technology
1386	صَيْف	noun	86.80	60.60	86.35	0.96	0.04	A2		summer
1387	قِبَل	noun,prep	86.77	57.92	90.28	0.84	0.16	A1		power, ability
1388	حَالِيّ	adj	86.71	47.22	159.23	0.06	0.80	B1		current, present
1389	عِنَايَة	noun	86.67	44.18	170.05	0.91	0.00	B1		attention
1390	جُمْهُور	noun	86.61	37.60	199.49	0.98	0.00	B2		the majority
1391	خِطَاب	noun	86.50	48.61	106.90	0.60	0.37	A1		speech, oration
1392	لَعْنَة	noun	86.46	557.72	13.40	0.88	0.00	B2		curse, anathema, an instance of malediction
1393	شَاحِنَة	noun	86.42	146.86	50.85	0.97	0.01	B2		truck, lorry
1394	مُفِيد	adj	86.33	57.25	90.41	1.00	0.00	A2		useful, beneficial
1395	أَثَّرَ	verb	86.23	66.32	112.12	0.70	0.30	B2		to influence, to affect, to have an effect on
1396	هَرَبَ	verb,noun	86.00	242.62	30.49	0.76	0.15	B1		to flee, to escape
1397	تَحْوِيل	noun	85.98	40.14	184.15	0.96	0.04	B2		transferring, shifting, switching
1398	ضَرِيبَة	noun	85.88	36.05	142.05	0.30	0.00	A2		tribute, tax, public levy
1399	مَسار	noun	85.78	59.45	123.77	1.00	0.00	B1		track, lane, course, line
1400	عُنْصُر	noun	85.67	30.48	240.83	1.00	0.00	B2		element
1401	دِرَاسِيّ	adj	85.65	27.49	185.35	0.89	0.00	A2		educational
1402	ثَمَّةَ	adv	85.63	133.30	55.01	1.00	0.00			there
1403	نِقَاش	noun	85.57	23.94	212.41	1.00	0.00	A2		discussion
1404	قَبُول	noun	85.51	40.43	125.60	1.00	0.00	A1		acceptance
1405	مُهَنْدِس	noun,adj	85.49	18.93	268.12	0.99	0.00	A2		geometer
1406	تَزَوَّجَ	verb	85.49	159.73	31.77	0.97	0.03	A2		to get married to someone, to take a spouse.
1407	تَعْرِيف	noun	85.47	17.21	294.83	0.96	0.04	A2		definition
1408	مَهَارَة	noun	85.44	46.36	109.34	1.00	0.00	A2		skill
1409	خَادِم	noun	85.42	49.14	103.10	0.98	0.02	A2		domestic servant or (male) manservant (female) maidservant
1410	شَرِيف	adj	85.39	27.01	269.97	0.80	0.19	C1		noble, honored, celebrated
1411	سَابِقًا	adv	85.22	101.58	71.50	0.00	0.00	B1		previously
1412	صَدَّقَ	verb	85.00	149.50	33.56	0.00	0.95	A2		to believe, to accept that (someone) is telling the truth
1413	فَضَاء	noun	84.99	67.65	106.78	0.96	0.00	B1		vast and unlimited space, empty space
1414	نَمُوذَج	noun	84.96	33.03	151.74	0.99	0.00	A1		model, outline
1415	حَبَّة	noun	84.62	95.97	74.61	0.00	0.83	B2		grain
1416	غَيَّرَ	verb	84.60	110.93	44.80	0.94	0.06	A2		to change, to alter
1417	صُبَاح	adj	84.55	122.87	40.40	0.00	1.00	A1		pretty, comely, handsome, graceful
1418	عَثَرَ	verb	84.46	163.65	43.59	0.97	0.01	B2		to stumble, to trip
1419	اِقْتِرَاح	noun	84.43	19.16	258.45	1.00	0.00	A2		urging
1420	مُذَكَّرَة	noun	84.34	50.11	98.59	1.00	0.00	A2		note, memo
1421	ذَهَبِيّ	adj	84.18	48.18	102.13	0.95	0.00	A1		golden
1422	نَاحِيَة	noun,prep	84.05	52.94	133.44	0.99	0.00	B1		side, direction
1423	قَدْر	noun	84.05	70.70	69.39	0.00	0.99	A2		quantity, quantum, measure, magnitude, size, bulk, proportion, extent, space, am…
1424	مِلْيار	num	83.95	20.29	241.22	1.00	0.00	A1		billion (10⁹)
1425	مِتْر	noun	83.84	32.61	149.71	0.99	0.00	A2		metre
1426	جَنْب	noun	83.82	42.54	114.69	0.37	0.63	A1		side, flank, half of the body
1427	صِحَافَة	noun	83.67	31.65	153.60	1.00	0.00	A1		journalism, news business
1428	ذَاكِرَة	noun	83.55	65.09	74.47	0.98	0.00	A1		memory, ability to remember
1429	وِجْهَة	noun	83.37	49.39	140.72	0.86	0.09			side, direction
1430	تَصَرَّفَ	verb	83.32	162.73	29.62	0.79	0.21	A1		to behave, to act
1431	مُكافَحَة	noun	83.30	31.84	217.92	0.99	0.01	C2		fight, combat, counter-
1432	شَجَرَة	noun	83.23	81.92	58.72	0.46	0.52	A1		tree
1433	آهَ	verb,noun,intj	83.22	390.51	17.73	0.56	0.08	B2		to moan, groan
1434	اِحْتِمَال	noun	83.16	68.22	70.39	1.00	0.00	A2		possibility, likelihood, chance, eventuality
1435	نَشَرَ	verb	83.10	26.15	264.06	0.56	0.44	B2		to spread about, make publicly known, communicate, propagate
1436	مُحَاكَمَة	noun	83.06	55.00	87.09	0.99	0.00	A2		trial
1437	زَائِر	noun	83.02	23.76	290.06	1.00	0.00	B1		visitor, guest, caller
1438	هُدُوء	noun	82.97	91.51	52.24	0.99	0.01	A2		calming down, quieting, subsiding
1439	صِفَة	noun	82.89	39.02	176.05	0.85	0.15	B2		quality, feature, characteristic
1440	تَأَخَّرَ	verb	82.87	132.16	51.97	0.98	0.01	B1		to go back, to retreat
1441	بُنِّيّ	adj	82.76	54.61	87.09	0.00	1.00	A1		brown, coffee-colored
1442	مَلَكِيّ	adj	82.74	51.96	131.76	0.52	0.28	B1		royal
1443	شَاشَة	noun	82.73	34.71	136.95	0.99	0.01	A2		screen, monitor, display
1444	وَزْن	noun	82.73	59.55	114.93	0.99	0.01	B1		weight (heavy object used to weigh something down)
1445	وَثِقَ	verb	82.63	235.71	28.97	0.83	0.17	C2		to trust, to place one's confidence
1446	اَلطِّبّ	noun	82.48	32.03	212.35	0.00	0.00			medicine (field of study), medical science
1447	تَضَمَّنَ	verb	82.43	23.96	196.93	0.96	0.04	A2		to comprise, to contain, to include
1448	تَسْلِيم	noun	82.43	40.98	115.14	1.00	0.00	A2		salutation
1449	عُقُوبَة	noun	82.40	27.70	170.22	1.00	0.00	A2		a punishment
1450	مُسْتَمِرّ	adj	82.36	28.08	167.77	1.00	0.00	A1		lasting, permanent, enduring
1451	اِعْتِقَال	noun	82.09	50.38	92.89	1.00	0.00	A2		arrest, apprehension
1452	وَجْبَة	noun	82.06	70.82	66.04	1.00	0.00	A2		meal, repast
1453	مَقَرّ	noun	82.02	26.60	175.61	0.97	0.03	A2		abode, dwelling, sojourn
1454	صُعُوبَة	noun	81.89	66.13	101.40	0.97	0.00	B1		difficulty
1455	مُلَاحَظَة	noun	81.88	68.09	98.45	0.97	0.00	B1		observation, notice
1456	ضَرْبَة	noun	81.86	84.93	54.80	0.54	0.46	A2		a blow, a stroke, a hit
1457	رَسُول	noun	81.86	19.99	335.27	1.00	0.00	B1		messenger; emissary; envoy; delegate
1458	هَامّ	adj	81.79	40.80	113.88	0.87	0.11	A1		important, significant
1459	تُرْكِيّ	adj,noun	81.62	16.61	278.43	0.84	0.12	A1		Turkish
1460	حُكُومِيّ	adj	81.44	19.57	235.35	0.97	0.00	A1		related to government, governmental
1461	عَكْس	noun,prep	81.43	59.36	77.57	0.98	0.02	A1		antithesis
1462	طَالَمَا	adv	81.33	110.28	41.65	1.00	0.00	A2		often, always (followed by a verbal clause)
1463	حِذَاء	noun,prep	81.22	126.14	52.30	0.98	0.00	C1		leather boot or shoe
1464	تِلِفِزْيُون	noun	81.17	35.99	127.13	0.91	0.00	A2		television, TV
1465	أَشْعَرَ	verb	81.00	412.81	15.89	0.00	0.00			to let know, to notify, to inform, to give notice
1466	جُنَيْه	noun	80.89	16.13	281.64	0.96	0.04	A2		pound (unit of currency)
1467	طُول	noun	80.89	57.41	79.14	0.36	0.64	A2		length
1468	بِجَانِبِ	prep	80.88	108.68	41.79	0.00	0.24	A1		along, side by side with
1469	إِخْرَاج	noun	80.87	65.24	69.62	0.99	0.00	A2		banishment
1470	شَقَّة	noun	80.54	69.76	64.57	0.00	0.95	A1		apartment, flat (domicile occupying part of a building)
1471	سَرِير	noun	80.45	136.61	32.90	0.98	0.00	A2		bed, bedstead
1472	حِوَار	noun	80.39	14.37	449.79	0.99	0.00	B1		dialogue, conversation
1473	قِطَاع	noun	80.38	15.47	417.60	0.57	0.31	B2		section, sector
1474	أُسّ	noun	80.38	80.10	80.65	0.19	0.09			foundation, groundwork, basis
1475	سَطْح	noun	80.33	71.03	90.86	0.97	0.02	B2		surface
1476	طَاوِلَة	noun	80.24	100.41	44.53	0.97	0.00	A1		table
1477	عَاشِر	adj	80.18	48.16	92.69	0.97	0.01	A2		tenth
1478	ثِقَة	noun	80.17	54.59	81.76	0.00	0.97	A1		reliance, confidence
1479	خِلَاف	noun,prep	80.14	38.61	166.35	1.00	0.00	B1		controversy, disagreement, dispute
1480	اِضْطَرَّ	verb	79.98	106.61	60.00	1.00	0.00			to force, to compel, to constrain (someone to do something)
1481	غَنِيّ	adj	79.94	62.11	71.44	0.80	0.17	A2		rich, wealthy
1482	أَعْجَبَ	verb,adj	79.63	204.82	30.96	0.87	0.09	C2		to make wonder, to make admire
1483	أُولَى	noun,pron	79.51	36.87	171.45	0.00	0.81			synonym of دُنْيَا (dunyā)
1484	جَزِيرَة	noun	79.49	50.47	125.19	0.73	0.24	B1		island
1485	أَزْمَة	noun	79.38	26.01	242.20	0.64	0.36	B1		dearth, scarcity
1486	نَصِيحَة	noun	79.36	65.35	96.37	0.99	0.01	B2		advice, counsel
1487	صَارَ	verb,noun	79.30	41.92	149.99	0.78	0.22	C1		to become
1488	تَطَوُّر	noun	79.28	28.83	218.00	0.66	0.00	B2		development, evolution, advancement
1489	اِنْتِقَال	noun	79.28	42.46	102.79	0.91	0.00	A2		transition, movement, transfer
1490	أُذُن	noun	79.26	119.59	36.48	0.10	0.90	A2		ear
1491	بِيئَة	noun	79.22	21.53	202.41	0.99	0.00	A2		natural environment
1492	نَامَ	verb	78.79	144.95	42.83	0.71	0.03	B1		to sleep
1493	طَبْعًا	adv	78.78	102.31	42.13	0.00	0.00	A2		naturally, of course
1494	نَشْر	noun	78.70	24.13	256.71	0.56	0.44	B2		spreading, publishing
1495	مُضْحِك	adj,noun	78.68	166.72	25.78	0.99	0.00	A2		funny, comical
1496	اِنْفِصَال	noun	78.60	19.16	322.40	1.00	0.00	B2		separation, disconnection, detachment, splitting
1497	جَامِع	noun,adj	78.55	20.79	206.11	0.31	0.64	A1		collector
1498	اِسْتِقْبَال	noun	78.53	25.22	169.80	1.00	0.00	A2		reception
1499	لَامَ	verb,noun	78.48	65.55	93.97	0.26	0.56	C2		to blame, to censure, to rebuke, to chide, to scold, to reproach
1500	شَرّ	noun,verb,adj	78.39	78.30	78.47	0.75	0.15	B2		evil
1501	مُشَاهَد	adj	78.33	44.18	138.90	0.00	0.84	B2		visible, observable
1502	بَاعَ	verb,noun	78.32	111.57	54.98	0.83	0.03	B1		to sell (to agree to transfer goods or provide services)
1503	شَكْوَى	noun	78.18	25.18	242.72	0.99	0.01	B1		complaint
1504	طَيْر	noun	78.17	41.09	103.28	0.00	1.00	A2		birds
1505	ظَهْر	noun	78.10	61.87	68.47	0.01	0.99	A1		back, rear, reverse
1506	ذَاكَ	pron	78.07	141.04	43.21	0.93	0.06	B2		that (demonstrative pronoun)
1507	عَنَّ	verb	78.05	151.62	27.90	0.00	1.00	A1		to present itself, to offer itself
1508	مُحَرِّك	noun,adj	77.96	57.85	105.05	1.00	0.00	C2		mover
1509	آلَ	verb,noun	77.88	51.51	117.77	0.06	0.91	C1		to return
1510	كِنّ	noun	77.87	131.86	31.94	0.00	0.00	A2		veil, envelope, cover
1511	إِنْشَاء	noun	77.87	18.23	332.67	1.00	0.00	B2		establishment, foundation, creation
1512	حَمَى	verb	77.81	85.29	49.30	0.91	0.09	A2		to protect, to defend
1513	غِذَاء	noun	77.72	42.09	99.65	0.99	0.00	A2		nourishment, sustenance, aliment, nutrition, food
1514	بَعْدَمَا	conj	77.45	47.86	125.35	0.00	0.00			after
1515	مُبَكِّر	adj	77.44	42.85	97.19	1.00	0.00	A2		early
1516	مُسْتَحِيل	adj	77.34	178.33	33.54	1.00	0.00	B1		impossible
1517	تَحْرِير	noun	77.33	22.68	263.66	1.00	0.00	C1		liberation, release, emancipation
1518	عَدَالَة	noun	77.19	57.34	103.91	0.98	0.00	B2		justice, rightness, fairness
1519	وَلْي	noun	77.02	40.08	102.77	0.00	0.94	A2		nearness, proximity, contiguity
1520	زَهْرَة	noun,name	77.00	67.61	87.70	0.00	0.33	B1		singulative of زَهْر (zahr) › flower, blossom
1521	مُفَضَّل	adj	76.96	130.46	45.39	0.97	0.00	B1		preferable
1522	ثِقة	adj	76.92	50.59	81.22	0.00	1.00	A1		trustworthy, reliable
1523	تَحْلِيل	noun	76.87	38.92	151.81	0.96	0.04	B2		dissolution, resolution, breaking up, decomposition
1524	مَجْنُون	adj	76.83	338.83	17.42	0.99	0.00	B1		mad, crazy, insane, possessed
1525	مُنَافَسَة	noun	76.63	32.05	127.26	0.99	0.00	A1		competition
1526	أَبَدَ	verb,noun	76.39	161.86	36.06	0.38	0.08	B1		to stay, to linger
1527	عَدَّ	verb,noun	76.38	123.45	47.26	0.70	0.28	C2		to count
1528	مَلْعَب	noun	76.36	34.26	170.18	1.00	0.00	B1		place of sport, playing field, stadium
1529	حَرَس	noun,verb	76.34	62.86	92.70	0.54	0.46	B1		watch
1530	ضَرَبَ	verb	76.31	121.25	48.03	0.91	0.09	B1		to strike, to beat, to hit
1531	أَعْظَم	adj	76.29	72.28	80.52	0.91	0.03	B1		elative degree of عَظِيم (ʕaẓīm): › greater; greatest
1532	شَمِلَ	verb	76.29	17.56	230.13	0.98	0.02	A2		to contain, to encompass, to include, to enclose
1533	أَكْمَلَ	verb,adj	76.26	101.19	57.46	0.33	0.56	B1		to finish, to complete
1534	تَفَهَّمَ	verb	76.24	262.64	22.13	0.43	0.05	B2		to understand gradually, to grasp, to comprehend
1535	أَفَادَ	verb	76.24	26.19	221.93	0.87	0.00	B1		to benefit, be helpful, useful, beneficial, profitable, advantageous for (someon…
1536	شَدِيد	adj	76.14	52.53	110.37	0.64	0.32	B2		violent, strong, intense, severe, hard, difficult, acute, extreme
1537	شِقَّة	noun	76.11	67.22	59.85	0.00	1.00	A1		half, moiety
1538	وَهِلَ	verb	75.91	92.97	61.97	0.00	0.00			to be weak, to be terrified, to be timid
1539	ثَوْرَة	noun	75.90	22.01	261.79	0.99	0.01	B2		revolution (in a society or a science)
1540	خُطْبَة	noun	75.90	109.97	52.38	1.00	0.00	C1		speech, oration, harangue
1541	مُعْظَم	noun	75.88	48.32	82.75	0.00	1.00	A2		most, the majority of
1542	قُنْبُلَة	noun	75.85	113.91	50.51	0.97	0.00	B2		bomb, grenade
1543	سِوًى	noun	75.60	74.00	77.23	0.00	0.94			used in the construct state in ways which are translated into Standard Average E…
1544	رَمَى	verb	75.49	82.26	69.27	0.70	0.30	C2		to throw, to toss
1545	بَسَاطَة	noun	75.40	91.48	43.15	0.97	0.02	A1		simplicity
1546	تَرْكِيز	noun	75.31	48.44	81.31	1.00	0.00	A2		concentration, concentrating
1547	إِيمَان	noun,name	75.30	40.56	139.82	0.82	0.14	B1		belief, faith
1548	رائِد	noun,adj,name	75.22	37.06	152.70	0.91	0.08	B1		pioneer
1549	خَلّ	noun,verb	75.17	27.91	140.58	0.09	0.85	A2		path through sandy ground
1550	شَعْبِيّ	adj	75.14	17.10	330.11	0.94	0.02	B1		national, people’s
1551	ضَمَان	noun	74.95	25.75	218.14	0.76	0.00	B2		verbal noun of ضَمِنَ (ḍamina) (form I) › guarantee, assurance (a promise that s…
1552	سَلَّمَ	verb	74.95	15.89	245.41	0.00	1.00	A1		to surrender
1553	لَزِمَ	verb	74.91	52.74	73.90	0.25	0.75	A2		to be necessary
1554	صَلَّى	verb	74.89	12.52	448.19	0.98	0.02	C2		to pray
1555	أَحْدَث	adj,verb	74.87	20.24	276.98	0.39	0.03	B1		elative degree of حَدِيث (ḥadīṯ): › newer; newest
1556	كَذَّبَ	verb	74.64	113.99	33.94	0.59	0.41	A2		to allege of lying, to disbelieve someone
1557	مُخَالِف	adj,noun	74.46	9.06	424.70	0.89	0.11	A2		contrary, disagreeing, opposed
1558	سَائِق	noun,adj	74.41	64.00	86.51	0.99	0.00	B1		driving force
1559	سَمَاح	noun	74.36	49.16	112.46	0.68	0.00	B1		permission; magnanimity; indulgence
1560	تَعْبِير	noun	74.23	39.73	138.68	0.95	0.00	B1		expression
1561	أَوْقَفَ	verb	74.22	174.29	31.61	0.54	0.41	C1		to make stand, to set up
1562	ثَقَافَة	noun	74.22	14.83	371.34	0.98	0.00	B1		sagacity, intelligence, wit, refinement, culture
1563	شَقِيق	noun,adj	74.18	63.15	87.14	0.79	0.21	B1		a full sibling, a sibling on the paternal and maternal sides
1564	لَقَب	noun	74.10	28.55	133.54	1.00	0.00	A2		nickname
1565	حَاكِم	noun,adj	74.08	40.73	134.72	0.87	0.13	B2		judge
1566	فُسْتَان	noun	74.08	42.66	89.33	0.76	0.05	A1		dress
1567	رَفْع	noun	74.04	29.49	129.08	0.29	0.71	A2		lifting, hoisting
1568	مَلِك	noun	73.98	61.05	89.64	0.35	0.62	B1		king, sovereign, monarch
1569	تَبَادَلَ	verb	73.85	33.16	114.22	1.00	0.00	A2		to interchange, exchange
1570	اِكْتِشَاف	noun	73.81	51.03	74.14	1.00	0.00	A2		discovery (something discovered)
1571	خَشِيَ	verb	73.69	130.52	41.60	0.99	0.00			to fear
1572	أَغْلَقَ	verb	73.61	145.60	37.21	0.61	0.29	B2		to close, to shut
1573	صَادِق	adj,name	73.58	59.17	63.54	0.67	0.33	A2		telling the truth, truthful, veracious
1574	تَمَتَّعَ	verb	73.41	37.45	99.94	1.00	0.00	A2		to enjoy
1575	أَمَان	noun	73.34	91.64	58.69	0.30	0.68	B2		security, safety, peace
1576	حَيَوِيّ	adj	73.21	40.45	92.01	0.94	0.00	A2		vital, biotic
1577	بَارِد	adj	73.20	87.08	42.73	1.00	0.00	A2		cold, cooling
1578	مُسْتَشَار	noun	73.16	35.67	150.06	0.90	0.00	B1		adviser, counsellor, consultant
1579	إِزَالَة	noun	73.16	35.26	105.42	0.99	0.01	A2		removal
1580	تَوَاصَلَ	verb	73.09	38.96	95.21	0.35	0.01	A2		to be united by friendship
1581	مِصْر	noun,name	73.09	8.08	459.03	0.00	1.00	A1		border, boundary, limit, march, neighboring territory
1582	طَرَّقَ	verb	73.04	41.18	89.97	0.00	0.05	A2		to make a road, to pave the way, to ready the way
1583	مَشْرُوب	noun	73.02	88.47	60.27	0.99	0.01	C2		drink; beverage
1584	أَنْهَى	verb	73.01	105.97	50.30	0.76	0.24	C2		to end, to terminate, to finish
1585	كَهْرَبَائِيّ	adj,noun	72.95	39.81	133.68	0.97	0.00	B1		electric
1586	عَنِيَ	verb	72.92	251.34	21.15	0.00	0.00			to suffer from hardship
1587	خَلِيج	noun	72.85	21.92	168.17	0.99	0.01	A1		gulf
1588	جُون	noun,name	72.58	181.14	29.08	0.00	0.97			bay, inlet, gulf, lagoon
1589	أَجَابَ	verb	72.57	76.36	68.97	0.95	0.05	B1		to respond, to reply, to answer
1590	طَقْس	noun	72.51	52.74	99.70	1.00	0.00	B2		weather (usually used for short period meteorological changes)
1591	اِعْتِمَاد	noun	72.42	25.34	143.75	1.00	0.00	A2		confidence, trust, base, fundament
1592	اِبْتَعَدَ	verb	72.36	234.92	22.28	0.94	0.06	C2		to move away from, distance oneself from
1593	أَوِدَ	verb	72.12	296.66	17.53	0.00	0.01	C2		to get crooked, curved
1594	مُتَأَخِّر	noun,adj	72.05	145.63	35.65	0.99	0.00	B1		one who defaults in payment
1595	مَظْهَر	noun	72.01	50.83	70.84	1.00	0.00	A2		appearance, look
1596	مَكْتُوب	adj,noun	71.95	50.07	71.80	0.98	0.00	A2		written, written down, recorded
1597	مُتَّهَم	noun,adj	71.93	27.24	131.92	0.95	0.05	A2		defendant, the accused
1598	ثَانِيَة	noun	71.92	82.42	43.58	0.46	0.00	A2		second (unit of time)
1599	آمِن	adj	71.90	76.57	46.88	0.59	0.40	A2		safe, secure
1600	عَرَّضَ	verb	71.88	51.94	99.48	0.38	0.62	B1		to broaden, to widen, to enlarge
1601	إِنْجَاز	noun	71.87	20.65	173.68	1.00	0.00	A2		achievement
1602	بَحْرِيّ	adj,noun	71.82	39.05	91.71	0.48	0.49	A2		related to the sea, maritime, nautical
1603	حَقَّقَ	verb	71.64	34.89	147.11	0.50	0.50	B1		to realize, to actualize, to make a reality or an actuality
1604	صَدَرَ	verb	71.49	24.50	144.86	0.55	0.44	A1		to emerge; to come up; to spring; to issue; to rise
1605	مُحْكَم	adj	71.36	53.06	95.97	0.02	0.92	C2		tight, airtight, sealed
1606	قَطَّ	verb,adj,adv	71.34	163.91	21.56	0.92	0.08	A2		to carve
1607	نَارِيّ	adj	71.28	65.31	77.79	0.95	0.01	B2		fiery, connected to fire
1608	عَجُوز	noun	71.25	123.12	41.23	0.83	0.16	B1		old woman
1609	شِحْنَة	noun	71.24	33.71	150.55	0.21	0.02	C2		cargo, freight, load, shipment
1610	أَثَاث	noun	71.23	13.68	257.51	1.00	0.00	A2		furniture
1611	مَجْهُول	adj,noun	71.13	52.09	67.46	1.00	0.00	A2		unknown
1612	عُمْلَة	noun	71.12	22.86	153.70	0.87	0.13	A2		currency, standardized money
1613	فِئَة	noun	71.12	16.51	212.73	0.99	0.00	A1		group, band, division, class
1614	بَلَا	verb	71.08	82.43	61.29	0.00	0.97			to test, to try
1615	بَرِّيّ	adj	71.08	61.84	81.69	0.62	0.16	B1		wild
1616	أَغْلَب	adj	70.91	57.12	61.12	0.23	0.04	A2		elative degree of غَالِب (ḡālib)
1617	مُقَدِّمَة	noun	70.84	27.48	126.85	0.74	0.24	A2		front part, forefront, lead
1618	فِلْم	noun	70.83	66.49	75.46	0.00	0.07	B1		film, motion picture
1619	حَافِظ	noun,name	70.80	33.39	104.26	0.03	0.97	A2		guard, guardian, keeper, custodian, caretaker
1620	كُلَّمَا	conj	70.68	94.74	52.73	0.00	0.00	B2		every time, whenever
1621	ضَغَطَ	verb	70.63	58.54	85.22	0.97	0.00	B2		to press, to apply pressure to
1622	نُكْتَة	noun	70.60	37.84	131.74	0.89	0.02	B1		point, dot, tittle, spot
1623	لَمَسَ	verb	70.60	106.90	32.38	0.81	0.13	A2		to touch
1624	رُكْن	noun	70.59	14.90	232.27	0.47	0.53	A2		the intersection of two surfaces or edges, a corner
1625	إِرْهَاب	noun	70.57	17.76	194.69	1.00	0.00	A1		verbal noun of أَرْهَبَ (ʔarhaba) (form IV) › terrorism
1626	جَوَاب	noun	70.56	52.09	95.57	1.00	0.00	B1		answer, reply
1627	ثَلَاثُونَ	adj,num	70.53	51.87	66.60	0.00	0.00	A1		thirtieth
1628	غَرْبِيّ	adj	70.51	25.38	136.06	0.95	0.02	A2		western
1629	اِقْتَرَبَ	verb	70.49	123.20	40.33	0.99	0.01	B2		to approach, to near, to draw near (مِنْ (min) to)
1630	بكثير	adv	70.40	114.89	43.14	0.00	0.00			much, a lot, by far (used with elative adjectives with a comparative sense)
1631	نُور	noun,name	70.25	39.12	126.13	0.22	0.78			light, ray of light, light beam
1632	جِنّ	noun	70.24	41.52	118.82	0.00	0.48	C1		spiritual or otherwise unseen, undetectable, masked, or morphed beings that may …
1633	نَالَ	verb	70.23	65.85	74.91	0.92	0.08	B1		to get, to obtain, to acquire, to gain
1634	بِلَا	prep	70.16	83.20	59.16	0.00	1.00			without
1635	أَجْمَلَ	verb,adj	70.07	44.53	110.26	0.51	0.07			to sum, to total, to add
1636	بَصَر	noun	70.05	11.99	284.13	0.76	0.01	A2		vision, sight, gaze
1637	مُمْتِع	adj	69.81	156.14	31.21	1.00	0.00	B1		pleasant, delicious, amusing, enjoyable
1638	خَطَّطَ	verb	69.81	94.61	51.50	0.14	0.39	B1		to furrow, to put lines into something
1639	قَبِيلَة	noun	69.58	19.37	173.59	0.97	0.01	A2		tribe
1640	مُرَشَّح	noun	69.47	19.65	170.53	0.88	0.00	A2		candidate (in an election), nominee
1641	لَطِيف	adj	69.41	217.37	22.16	0.44	0.56	B2		thin, fine, delicate, dainty
1642	أَيْمَن	adj,verb,name	69.40	43.82	76.33	0.28	0.31	A2		used comparatively: more on the right, more to the right hand
1643	ذَاتِيّ	adj	69.38	29.86	111.96	0.53	0.01	A2		own, proper
1644	جَدْوَل	noun,verb	69.28	49.08	97.79	1.00	0.00	B2		creek, brook, little stream
1645	مَسَّ	verb,noun	69.27	50.34	66.19	0.69	0.29	A2		to feel, to touch
1646	صَيْد	noun	69.23	72.46	66.14	1.00	0.00	B2		hunt, hunting, fishing
1647	أَقْدَمَ	verb,adj	69.21	79.55	60.21	0.80	0.01	B1		to dare
1648	قَلْبِيّ	adj	69.18	108.50	44.11	0.12	0.11	B1		related to the heart
1649	حَلْوَى	noun	69.16	64.39	51.58	0.00	0.63	A1		candy, confection, sweet pastry
1650	مَوْج	noun	69.07	44.75	74.02	0.70	0.00	A2		torrent, surge, waves
1651	تَوْجِيه	noun	69.06	31.12	153.23	0.99	0.00	C2		directing, pointing
1652	غَابَة	noun	69.03	107.80	44.21	0.96	0.01	B2		forest
1653	رَوَى	verb	69.02	39.00	122.13	0.56	0.35	C2		to tell, to narrate, to relate
1654	أُمَّة	noun	69.00	18.46	257.90	0.94	0.05	C1		community, people, nation
1655	بَنَى	verb	68.99	60.38	78.82	0.30	0.30	B2		to construe, to inflect a word grammatically
1656	سَاخِن	adj	68.96	64.31	73.95	0.98	0.00	B1		hot
1657	أَسَف	noun	68.95	165.12	19.99	0.17	0.83	A2		regret, sorrow
1658	نَبَغَ	verb	68.85	104.53	45.35	0.00	1.00	C2		to arise, to emerge (from obscurity)
1659	مُغَادَرَة	noun	68.80	104.06	45.49	0.98	0.00	B2		verbal noun of غَادَرَ (ḡādara) (form III) › departure
1660	حَارِس	noun,adj	68.67	75.33	62.60	0.46	0.51	B1		guard, watchman, guardian, keeper
1661	تَابَعَ	verb	68.65	37.91	124.34	0.60	0.40	B2		to continue, carry on
1662	جَوْدَة	noun	68.65	14.33	228.37	1.00	0.00	A2		quality (level of excellence)
1663	تَقْيِيم	noun	68.65	21.27	153.83	1.00	0.00	A2		evaluation, assessment, appraisal
1664	لِسَان	noun	68.56	38.77	84.19	0.92	0.01	A1		tongue
1665	سَاكِن	adj,noun	68.53	23.56	138.40	0.78	0.18	A1		stationary, motionless, still, unmoving
1666	شَاطِئ	noun	68.48	64.86	72.30	1.00	0.00	B1		shore, coast, seacoast, beach, strand
1667	رَحِيل	noun	68.42	92.50	50.60	1.00	0.00	B1		leaving, departure
1668	دَوْمًا	adv	68.23	105.51	44.13	0.00	0.00			always
1669	طَابَقَ	verb,noun	68.16	125.59	36.99	0.86	0.00	C1		to be in accordance with
1670	مُوسِيقِيّ	adj	68.12	50.10	64.32	0.99	0.01	A2		musical
1671	اِسْتَمْتَعَ	verb	68.11	154.98	29.93	0.97	0.03	B2		to enjoy, to find pleasurable
1672	حَجْز	noun	68.07	42.46	109.13	0.96	0.04	C2		curbing, restraint
1673	عَاجِل	adj	68.06	41.53	111.55	1.00	0.00	B1		urgent, hasty
1674	فَقِير	adj,noun	68.03	47.83	96.77	0.81	0.19	B1		penniless, poverty-stricken
1675	اِسْتِعْمَال	noun	67.86	31.11	102.80	1.00	0.00	A2		use
1676	إِيطَالِيّ	adj,noun	67.85	20.70	154.47	0.91	0.04	A1		Italian
1677	زِرَاعَة	noun	67.79	15.48	206.16	0.99	0.00	A1		agriculture
1678	فِيل	noun	67.76	70.30	45.35	0.73	0.04	A2		elephant
1679	جَرِيدَة	noun	67.74	24.29	131.22	1.00	0.00	A1		detachment of horsemen
1680	جَحِيم	noun	67.73	421.79	10.88	1.00	0.00	B2		inferno, large fire
1681	مَسِيحِيّ	adj,noun	67.70	19.16	166.17	0.92	0.03	A2		Christian
1682	مُخَيَّم	noun	67.61	34.61	91.71	1.00	0.00	A2		camp, encampment
1683	حَشَرَة	noun	67.52	36.52	124.81	1.00	0.00	B2		insect
1684	كَوْكَب	noun	67.52	94.28	48.35	1.00	0.00	C2		planet
1685	مُهْتَمّ	adj	67.47	100.93	45.11	1.00	0.00	B2		interested (بِ (bi) in)
1686	بُرْج	noun	67.40	33.38	136.13	0.71	0.29	B1		castle
1687	دَرَسَ	verb	67.38	54.01	58.38	0.99	0.01	A1		to erase, to efface, to obliterate, to wipe out, to make hard to see
1688	ثَرْوَة	noun	67.36	39.37	80.05	0.86	0.00	A2		plenty
1689	مَرْئِيّ	adj	67.36	13.78	228.63	0.99	0.00	A2		perceived by sight, visual
1690	أَكْل	noun	67.30	74.42	42.26	0.69	0.31	A2		food › meal, repast
1691	حَرِيق	noun,adj	67.26	65.78	68.79	1.00	0.00	B2		fire, inferno, blaze
1692	أَدَب	noun	67.26	14.72	307.38	1.00	0.00	B2		discipline
1693	يَابَانِيّ	adj,noun	67.23	29.39	106.78	0.97	0.00	A1		Japanese
1694	أَبَى	verb	67.17	108.53	41.57	0.14	0.16			to reject, to refuse
1695	وَعَى	verb	67.12	25.81	174.55	0.11	0.08			to be aware; to be ware
1696	تَشْكِيل	noun	67.12	15.29	204.57	1.00	0.00	A1		formation, forming, foundation, establishment
1697	صِيَانَة	noun	66.84	9.90	451.35	0.94	0.01	B1		protection
1698	تَوَاجَدَ	verb	66.83	64.07	69.71	1.00	0.00	B1		to affect passion
1699	تُهْمَة	noun	66.80	56.45	79.04	0.82	0.18	B2		impeachment, charge, accusation (both the act and its content)
1700	نِطَاق	noun	66.67	34.14	90.41	0.90	0.10	A2		range, extent, scope
1701	مُتَعَدِّد	adj	66.58	22.38	137.59	1.00	0.00	A1		multiple
1702	مِهَنِيّ	adj	66.55	28.49	155.49	1.00	0.00	C1		professional, vocational
1703	اِنْفِجَار	noun	66.53	60.77	72.84	0.92	0.00	B1		explosion
1704	بَلَدِيّ	adj,noun	66.40	72.71	60.64	0.98	0.01			native, indigenous
1705	اِخْتَفَى	verb	66.36	168.92	26.07	1.00	0.00	B2		to vanish, disappear, to go missing
1706	سَيْر	noun	66.35	37.30	81.96	0.00	1.00	A1		strap, strip of hide, skin thong (such as, and originally, of a horse-harness or…
1707	رَصَاص	noun	66.24	83.30	52.68	0.80	0.20	B2		lead
1708	مَصِير	noun	66.24	40.62	75.00	1.00	0.00	A2		consequence, outcome
1709	رَفِيق	noun,adj,name	66.23	105.86	41.43	0.51	0.38	B1		friend, comrade, associate, colleague, companion, fellow
1710	رِبْح	noun	66.07	26.61	113.89	0.88	0.10	A2		profit
1711	مُرْتَبِط	adj	65.99	37.76	80.10	1.00	0.00	A2		active participle of اِرْتَبَطَ (irtabaṭa) › connected (to), related (to)
1712	عَرَبَة	noun	65.93	69.73	62.33	0.43	0.00	B1		river with a strong current
1713	المُهِمّ	intj	65.85	73.52	58.98	0.00	0.08			Used to indicate that one returns to the original topic: anyway; long story shor…
1714	دَلَّ	verb	65.80	37.80	114.56	0.76	0.00	C2		to show, to indicate, to direct
1715	غَضِبَ	verb,adj	65.74	68.51	43.81	0.09	0.91	A2		to become angry, to be angry
1716	مُخَطَّط	noun,adj	65.66	37.74	79.31	0.99	0.01	A2		sketch, outline
1717	اِرْتَفَعَ	verb	65.63	32.65	131.95	1.00	0.00	B1		to lift, to rise, to ascend, to go higher
1718	حَاسُوب	noun	65.63	55.49	77.62	1.00	0.00	B2		computer
1719	أَحْلَى	adj	65.57	29.53	145.56	0.01	0.44	B2		elative degree of حُلْو (ḥulw): › sweeter; sweetest
1720	إِلْغَاء	noun	65.53	26.99	110.49	1.00	0.00	A2		cancellation, abolition
1721	اِلْتِزَام	noun	65.49	19.89	149.75	1.00	0.00	A2		responsibility, obligation
1722	جَزَرَ	verb,noun	65.48	16.15	184.36	0.87	0.13	A2		to slaughter
1723	عُطْلَة	noun	65.45	93.69	45.73	0.95	0.04	C1		vacation, holiday
1724	جَمَلَ	verb,noun	65.30	31.82	93.06	0.00	0.91	A1		to sum up, to summarize
1725	إِسْلَامِيّ	adj	65.30	2.10	1412.04	0.92	0.00	A2		of, relating to, associated with, or characteristic of Islam; Islamic; Islamitic
1726	أَذْهَبَ	verb	65.19	535.62	7.93	0.01	0.06			to cause to go away, to make disappear, to remove, to eliminate, to take away
1727	خَلِيَّة	noun	65.12	42.95	98.73	1.00	0.00	B1		cell (basic unit of a living organism)
1728	تَيَّار	noun	65.08	20.68	142.21	1.00	0.00	A1		stream, flow, current
1729	اِسْتَغْرَقَ	verb	65.01	101.58	41.61	1.00	0.00	C2		to absorb; to engross; to overpower
1730	ضَمَّ	verb,noun	64.90	16.47	255.71	0.94	0.00	B2		to gather, hoard, join, bring near
1731	قَصَص	noun	64.76	24.03	174.54	0.00	0.00	B1		narrative
1732	خَاتَم	noun	64.74	66.85	43.54	0.96	0.04	A2		signet, seal ring
1733	بَشَرَ	verb,noun	64.68	68.30	61.24	0.00	0.73	B2		to peel, to pare
1734	قِتْل	noun	64.52	103.90	40.07	0.00	1.00	B2		enemy, adversary, foe, opponent
1735	مُرَاجِع	adj	64.51	16.87	171.36	0.02	0.05	A2		reviewer
1736	مِهْرَجَان	noun	64.46	20.07	207.08	1.00	0.00	B2		festival, fair
1737	أَخْذ	noun	64.44	68.08	42.36	0.53	0.47	A2		acceptance, reception
1738	مَفْقُود	adj	64.29	104.87	39.41	1.00	0.00	B2		lost
1739	كَشْف	noun	64.26	23.38	122.68	0.89	0.08	A2		overview, summary, register, list
1740	تَمَثَّلَ	verb	64.25	19.92	207.18	0.29	0.00			to make oneself similar, to assimilate oneself
1741	فَوْضَى	noun,adj	64.19	91.99	44.79	0.96	0.01	B2		a state of dispersion, leaderlessness, where everyone/everything mixes with ever…
1742	شُكْر	noun	64.19	48.51	58.99	0.81	0.16	A1		thankfulness, gratitude
1743	كَرِهَ	verb,adj	64.17	157.69	26.11	0.88	0.12	B1		to hate, to dislike, to detest, to loathe, to abhor
1744	وَعْي	noun	64.08	53.33	76.99	0.94	0.01	B1		consciousness; alertness
1745	تَعْلِيمِيّ	adj	64.06	10.17	280.30	0.92	0.03	A2		educational, instructive
1746	تَامّ	adj	64.04	34.77	81.91	0.94	0.06	A2		whole, complete, perfect
1747	مُقَدَّم	noun	64.01	25.57	111.31	0.73	0.27	A2		chief
1748	حَمِدَ	verb	64.01	25.09	163.32	0.17	0.82	B1		to praise, to commend
1749	مُذْهِل	adj	63.99	142.00	28.83	1.00	0.00	B2		astonishing, amazing
1750	حَسَّ	verb,noun	63.94	45.38	62.57	0.25	0.30	A2		to be moved with compassion
1751	رِيح	noun	63.89	61.44	66.43	0.96	0.04	B1		wind
1752	زِفَاف	noun	63.82	113.04	36.03	1.00	0.00	C2		wedding, marriage feast
1753	شُرْطِيّ	noun	63.80	133.75	21.13	0.50	0.00	A2		policeman, police officer
1754	سِينَمَا	noun	63.78	25.21	112.03	1.00	0.00	A2		cinema
1755	رَقْص	noun	63.74	107.60	26.22	0.98	0.02	A1		dance, dancing
1756	وُضُوح	noun	63.71	48.55	58.06	1.00	0.00	A1		being visible, being clearly seen, clarity, clearness
1757	بَاحِث	noun	63.68	16.98	165.88	0.43	0.00	A1		researcher
1758	رَحْمَة	noun	63.66	32.08	126.31	0.56	0.06	B1		instance noun of رَحِمَ (raḥima)
1759	زَادَ	verb	63.54	29.87	135.19	0.91	0.07	B1		to become greater, become more, grow, increase
1760	زَاوِيَة	noun	63.50	55.93	72.10	0.97	0.00	B1		angle, corner, edge
1761	عِصَابَة	noun	63.49	91.17	44.22	0.98	0.01	C2		union, league, federation
1762	عَهْد	noun	63.46	22.68	177.61	0.79	0.21	C1		covenant
1763	رَابِطَة	noun	63.35	20.08	199.86	0.99	0.01	B2		association, league, union
1764	وَجَّهَ	verb	63.33	28.29	98.48	0.59	0.41	A1		to raise to eminence, to distinguish, to honor
1765	مُفْرَد	noun	63.32	94.42	42.47	0.76	0.00	B1		singular
1766	وَعْد	noun	63.29	50.46	55.13	0.64	0.36	A2		promise
1767	شَرْقِيّ	adj	63.21	26.32	105.42	0.85	0.00	A2		eastern
1768	اِحْتَفَظَ	verb	63.17	111.92	35.65	0.98	0.02	C2		to uphold, to maintain
1769	زَارَ	verb	63.14	30.76	129.61	0.85	0.10	B1		to incline towards, to repair to the direction of
1770	مَقْطَع	noun	63.12	22.03	125.57	0.99	0.01	A2		division, part, section, portion
1771	رَحِم	noun,verb	63.10	18.22	151.79	0.92	0.08	A2		uterus, womb
1772	مِيل	noun	63.09	80.55	34.31	0.29	0.71	A2		reach of the eye, as far as one can see
1773	بِالضَّبْطِ	adv	63.04	281.61	14.11	0.00	0.00	B1		exactly, precisely
1774	اِخْتَلَفَ	verb	63.03	24.21	113.93	1.00	0.00	A1		to differ (عَنْ (ʕan) from)
1775	مُقَارَنَة	noun	63.02	22.97	120.07	0.99	0.00	A2		comparison
1776	مُهِمَّة	noun	62.97	65.26	60.77	0.00	1.00	B2		important matter
1777	اِمْتِحَان	noun	62.94	17.77	222.96	1.00	0.00	B1		examination
1778	جِنْسِيَّة	noun	62.87	36.49	75.21	0.00	0.59	A2		nationality, citizenship
1779	هَادِئ	adj	62.85	101.49	38.92	0.89	0.11	B2		calm, restful, quiet, tranquil
1780	صَارُوخ	noun	62.82	33.77	116.86	0.96	0.00	B1		rocket
1781	شُعَاع	noun	62.72	47.00	58.13	1.00	0.00	A2		ray, beam
1782	بَثّ	noun,verb	62.71	24.38	161.33	0.97	0.01	B1		transmission
1783	مُتَخَصِّص	noun	62.67	11.77	231.67	0.98	0.00	A2		specialist, expert
1784	دَامَ	verb,adj	62.63	41.63	65.43	0.93	0.01	A2		to last, to endure
1785	اِتِّهَام	noun	62.61	28.41	95.82	1.00	0.00	A2		accusation, charge
1786	حِيَالَ	prep,noun	62.55	106.61	36.70	0.94	0.06	B2		opposite, forenenst
1787	أَنَّة	noun	62.53	277.27	14.10	0.01	0.49			a groan, moan, sigh, wail, whimper
1788	يَسَار	noun	62.39	61.78	43.75	0.91	0.09	A1		left
1789	سَرَقَ	verb	62.38	184.76	21.06	0.89	0.00	B1		to steal, take away clandestinely
1790	هَائِل	adj	62.33	45.31	59.55	1.00	0.00	A2		active participle of هَالَ (hāla). › tremendous › enormous, gigantic
1791	تَدْمِير	noun	62.33	67.03	57.96	1.00	0.00	B1		destruction
1792	نَظِيف	adj	62.22	61.99	62.45	0.99	0.01	B2		clean, pure, cleanly
1793	رِئَاسَة	noun	62.18	14.85	260.36	0.99	0.01	B2		ruling, governing
1794	جُنُون	noun	62.11	180.11	21.42	0.93	0.00	B1		madness, insanity
1795	طَارِئَة	noun	62.08	71.71	53.75	0.64	0.00	C2		unforeseen event, emergency, casus maior vel minor
1796	خَرِيطَة	noun	62.03	47.93	80.26	0.98	0.00	B1		map
1797	مُحْتَوًى	noun	61.91	4.87	546.42	0.98	0.00	A2		content
1798	سُقُوط	noun	61.88	29.24	90.95	1.00	0.00	A2		fall, falling, downfall
1799	قِطْع	noun	61.83	19.15	138.66	0.13	0.87	A2		twig cut off at the end
1800	سِيَادَة	noun	61.77	29.37	90.22	1.00	0.00	A2		mastery, seignory, lordship, sovereignty
1801	خُلُق	noun	61.59	24.90	152.32	0.55	0.45	C1		natural disposition, character, nature
1802	أَمَسّ	adj	61.57	90.05	29.24	0.83	0.17	A1		elative degree of مَاسّ (māss)
1803	جُلُوس	noun	61.44	98.19	38.45	1.00	0.00	B2		sitting, sitting down
1804	خَدَمَ	verb,noun	61.40	43.23	60.57	0.92	0.08	A1		to serve
1805	شُغْل	noun	61.26	21.70	120.08	0.86	0.14	A2		occupancy, filling, taking up
1806	بَكَى	verb	61.14	107.79	34.68	0.88	0.07	B1		to cry, to weep (over)
1807	جِين	noun	61.07	177.53	21.01	0.64	0.33	C2		gene
1808	خَوْف	noun	61.02	52.55	49.19	0.00	1.00	A1		fear (of sth مِن (min))
1809	تَقْلِيدِيّ	adj	60.83	26.13	98.34	0.99	0.00	A1		conventional
1810	تَحَدٍّ	noun	60.80	19.03	134.88	0.00	0.00	A2		challenge
1811	تَجَاهَلَ	verb	60.77	36.12	102.25	1.00	0.00	B2		to ignore
1812	سَاءَ	verb	60.60	233.96	15.70	0.30	0.02			to act badly; to maltreat; to injure
1813	مُحْتَرِف	noun,adj	60.55	45.23	81.06	1.00	0.00	B2		professional; expert
1814	سَبَّ	verb	60.46	33.25	109.95	0.34	0.40	B1		to revile, to abuse
1815	مَشَى	verb	60.42	92.60	39.42	0.97	0.01	C2		to walk
1816	فَضَّلَ	verb	60.33	70.05	51.96	0.00	0.94	B1		to deem more favorable, to prefer, to favor
1817	بَحْرِيَّة	noun	60.29	51.89	70.05	0.00	0.52	B2		marine, navy
1818	اِتَّبَعَ	verb	60.29	80.08	45.39	0.59	0.30	C1		to follow
1819	مِقْدَار	noun	60.25	43.82	57.53	1.00	0.00	A2		amount, quantity
1820	جَمْع	noun	60.04	29.15	85.87	0.00	0.92	A1		gathering, collecting
1821	مُعَدَّات	noun	59.96	28.08	128.03	1.00	0.00	B1		equipment
1822	مَوْرِد	noun	59.85	18.48	134.58	1.00	0.00	A2		resource, a place or means whereby one gets access to material or immaterial goo…
1823	مِصْرِيّ	adj,noun	59.78	4.10	604.80	0.80	0.02	A2		Egyptian
1824	غاضِب	adj	59.74	168.61	21.16	1.00	0.00	B1		angry; furious; enraged; vexed
1825	إِلَيْنَا	adv	59.70	105.01	33.94	0.00	0.00			to us
1826	وَدَّ	verb,noun,name	59.68	62.82	56.70	0.47	0.49			to love, to like
1827	سَكَن	noun,verb	59.67	36.41	67.92	0.77	0.23	A2		time for rest, means for rest
1828	نَظَّارَة	noun	59.65	33.53	73.70	1.00	0.00	A2		spectacles, glasses, eyeglasses
1829	اِسْتِثْمَار	noun	59.65	12.15	292.86	0.92	0.00	B2		investment
1830	سَلَّة	noun	59.61	41.44	85.75	0.96	0.01	C1		instance noun of سَلّ (sall, “drawing out”).
1831	لُبْنَانِيّ	adj	59.53	6.43	551.54	0.99	0.00			Lebanese
1832	تَقَبَّلَ	verb	59.52	52.24	47.09	0.23	0.00	A2		to accept
1833	حَدَّدَ	verb	59.49	28.70	85.63	0.38	0.62	A2		to sharpen
1834	إِحْسَاس	noun	59.46	50.58	48.53	0.94	0.06	A2		feeling, sensation, emotion
1835	تَوْزِيع	noun	59.26	14.72	165.73	0.96	0.00	A2		distribution, dispensation
1836	مَعْهَد	noun	59.26	14.85	164.17	0.99	0.01	A2		institute
1837	أَفْعَل	adj	59.21	512.94	6.83	0.00	0.06			elative degree of فَاعِل (fāʕil): › more effective; most effective
1838	نَهَار	noun	59.20	33.31	73.06	0.40	0.60	A1		daytime, day
1839	اِنْتَمَى	verb	59.15	57.35	61.01	0.83	0.14	B1		to derive one’s origin from, to descend from; to be relate to
1840	غَرْب	noun	59.12	24.09	100.75	0.00	1.00	A1		west, occident
1841	فَرْع	noun	59.11	14.62	166.01	0.83	0.17	A1		branch, twig, shoot, limb
1842	قَضَائِي	adj	59.10	23.19	104.57	1.00	0.00	A2		judicial
1843	تَحِيَّة	noun	59.01	56.58	61.53	0.92	0.00	B2		a greeting
1844	نِفْط	noun	58.97	19.72	176.36	0.99	0.00	B2		oil, petroleum, naphtha
1845	صِلَة	noun	58.97	38.41	62.87	0.90	0.08	A2		link, connection
1846	حَجَر	noun,verb	58.96	32.96	73.25	0.00	0.98	A2		stone
1847	مَصْرِف	noun	58.89	36.74	94.41	0.94	0.00	B1		bank (institution)
1848	ذَنْب	noun	58.81	72.72	47.56	1.00	0.00	B1		sin, offense, crime
1849	أَصْغَر	adj,verb	58.78	64.98	53.17	0.83	0.08	B1		elative degree of صَغِير (ṣaḡīr): › smaller; smallest
1850	فَوْرًا	adv	58.77	73.53	46.97	0.00	0.00	B1		instantly, immediately
1851	بَذَلَ	verb	58.74	40.78	84.62	1.00	0.00	C2		to give willingly, to offer
1852	اِحْتَفَلَ	verb	58.53	42.73	55.67	1.00	0.00	A2		to celebrate
1853	إِنْسَانِيّ	adj,noun	58.49	14.05	169.12	0.68	0.28	A2		human
1854	قَاسَ	verb,adj	58.43	85.95	39.72	0.03	0.03	B1		to measure
1855	صَرْف	noun	58.41	21.42	159.30	0.99	0.00	B2		diverting, averting, turning away
1856	تَخْطِيط	noun	58.38	24.87	95.16	1.00	0.00	A2		striping
1857	عَامَّة	noun,adv	58.31	18.00	188.90	0.02	0.01	B2		the major or most general part (of), the majority or generality (of); most (of),…
1858	سِتَار	noun	58.28	30.52	111.29	0.86	0.14	C2		veil; screen; curtain
1859	عُنْف	noun	58.25	28.78	81.88	0.24	0.76	A1		violence, force
1860	نِيَّة	noun	58.23	34.93	67.42	0.87	0.04	A2		intention, purpose, resolution
1861	رُومَانْسِيّ	adj	58.20	44.38	76.33	0.79	0.00	C2		romantic
1862	دَرَى	verb	58.16	114.32	29.59	0.12	0.87			to know
1863	دَيْر	noun	58.11	49.84	67.76	0.94	0.06	C1		monastery, convent, cloister
1864	سَفِير	noun	58.05	12.94	180.79	1.00	0.00	A2		ambassador or mediator
1865	تَلَّ	verb,noun	58.02	32.28	72.42	0.40	0.60	A1		to humble oneself, to fawn
1866	نَبَأ	noun,verb	57.98	21.07	159.53	0.89	0.01	B1		news, tidings, story
1867	إِجَازَة	noun	57.95	59.40	56.53	0.99	0.01	B1		permission, authorization
1868	سُلُوك	noun	57.92	42.97	78.07	0.99	0.01	C2		march, journey, travel
1869	عَار	noun,adj,verb	57.80	92.83	35.99	0.45	0.03	B1		shame, disgrace, ignominy
1870	حَذَّرَ	verb	57.65	47.63	48.45	0.00	1.00	A2		to warn, to admonish
1871	وَسَائِل	noun	57.63	20.90	158.88	0.00	0.00	B2		means
1872	حِجْر	noun,adj	57.60	33.96	67.84	0.00	1.00	A2		wall, enclosure › dam
1873	ذِرَاع	noun	57.59	87.38	26.36	0.98	0.00	A2		the limb of any animal, an arm or leg
1874	وَالَى	verb	57.57	36.07	91.87	0.00	0.09			to be a friend, a helper, a supporter, a patron, a protector
1875	خَفِيف	adj	57.51	39.27	58.48	0.97	0.01	A2		light (in weight)
1876	سِجِلّ	noun	57.43	66.26	34.57	0.96	0.04	A1		scroll, book
1877	اِقْتِصَادِيّ	adj	57.40	5.97	552.15	0.97	0.00	B2		economic
1878	عَقَدَ	verb	57.37	26.19	125.70	0.84	0.16	B2		to tie, knit, make a knot
1879	مَخْرَج	noun	57.36	42.63	53.60	0.60	0.40	A2		exit, place of issue
1880	طَرْد	noun	57.32	64.62	50.84	0.98	0.02	B1		driving away, pushing away, repelling
1881	مَدْخَل	noun	57.31	33.50	68.08	0.88	0.12	A2		entrance (place of entrance), ingress, access
1882	جَنَاح	noun	57.30	46.11	71.22	0.87	0.00	B1		wing (organ of flight)
1883	تَمْر	noun	57.27	36.26	62.81	0.12	0.00	A2		date (fruit)
1884	حَلَمَ	verb,noun	57.26	68.41	33.29	0.94	0.04	A1		to dream (something) or about [with بِ (bi)] (something) while asleep
1885	اِسْتِثْنَاء	noun	57.25	42.75	53.24	0.99	0.01	A2		exception
1886	تَوَجَّهَ	verb	57.24	33.32	98.33	0.94	0.06	B1		to wend one's way, to go
1887	نَاجِح	adj	57.22	34.47	65.96	1.00	0.00	A2		successful
1888	اِسْتَعْمَلَ	verb	57.11	66.87	48.77	1.00	0.00	B2		to use, make use of
1889	يَهُودِيّ	adj,noun	57.10	34.23	95.24	0.62	0.37	B2		Jewish
1890	دُفْعَة	noun	57.06	43.76	74.40	0.28	0.72	B2		one go
1891	إِيجَار	noun	56.99	26.59	84.81	0.97	0.00	A1		rent
1892	جَرَّاح	noun	56.91	39.26	82.50	0.22	0.56	B1		surgeon
1893	اِقْتَرَحَ	verb	56.86	73.97	43.70	1.00	0.00	C1		to urge
1894	عَبَرَ	verb	56.84	35.42	91.22	0.13	0.87	B2		to cross, to traverse
1895	مُكَالَمَة	noun	56.77	130.17	24.76	0.96	0.00			conversation; discussion
1896	كَاذِب	adj,noun	56.71	93.17	34.51	0.65	0.35	B2		false, untrue
1897	مُشْرِف	noun,adj	56.69	15.10	147.83	0.87	0.13	A2		supervisor
1898	نَظَرِيَّة	noun	56.68	44.76	49.85	0.62	0.36	A1		theory
1899	صُلْب	noun,adj	56.67	42.45	75.65	1.00	0.00	B1		backbone, the bone extending from the base of the neck to the coccyx
1900	مُخَاطِر	adj	56.60	38.95	57.11	0.40	0.59	A2		risk-taking, adventurous, bold, daring
1901	بَيَانَات	noun	56.58	24.50	130.63	0.00	0.00	B2		facts, details, information
1902	عَائِد	noun	56.57	36.36	88.00	0.94	0.02	B1		anaphor, an expression referring to another expression
1903	عَاطِفِيّ	adj	56.56	49.08	45.27	0.96	0.00	A2		emotional
1904	غَضَب	noun	56.51	55.17	40.20	0.16	0.84	A2		anger
1905	لَائِحَة	noun	56.49	22.65	97.84	1.00	0.00	A2		list, ordered mention of things
1906	رَكَّزَ	verb	56.47	49.47	64.45	0.97	0.03	B2		to fix firmly, to stick with intensity
1907	رَاحَ	verb,noun	56.46	32.68	67.73	0.62	0.38	A2		to go in the evening
1908	ضَبْط	noun	56.43	17.38	127.26	1.00	0.00	A2		verification
1909	أَوَان	noun	56.34	67.11	47.30	1.00	0.00	C1		particular time, timeframe, occasion, time that has come or is due
1910	اِعْتِدَاء	noun	56.27	20.87	105.34	1.00	0.00	A2		assault
1911	اِنْضِمَام	noun	56.18	41.72	75.65	1.00	0.00	B1		verbal noun of اِنْضَمَّ (inḍamma) (form VII) › joining, congregation
1912	تَفَقَّدَ	verb	56.17	92.44	34.13	0.96	0.04	B2		to inspect, to check
1913	مَوْهِبَة	noun	56.12	45.27	69.59	0.45	0.00	C2		talent, gift, knack, aptitude
1914	غَبِيّ	adj	56.10	310.56	7.04	0.94	0.00	A2		stupid, foolish
1915	قَدَّرَ	verb	56.09	39.92	54.72	0.00	1.00	A2		to determine, to fix
1916	عَصَب	noun,verb	56.04	36.66	59.49	0.97	0.00	A2		nerve
1917	خِزَانَة	noun	55.99	46.58	46.75	0.47	0.53	A2		an enclosed storage serving as furniture, depository: cupboard, wardrobe; closet…
1918	اِنْضَمَّ	verb	55.96	60.07	52.13	0.99	0.01	C1		to be put together, to be gathered, to be collected, to be contracted
1919	بَلَدِيَّة	noun	55.89	13.17	237.23	0.94	0.05	B1		township, rural community
1920	سَبُع	noun	55.71	34.26	62.93	0.64	0.36	A2		a beast of prey; a voracious animal
1921	حَدِيد	noun	55.70	23.58	91.38	1.00	0.00	A1		armor, helmet
1922	قَمِيص	noun	55.54	82.00	26.13	1.00	0.00	A2		a short and usually form-fitting upper-body outer garment; a sleeved top; a shir…
1923	مُسْتَخْدِم	noun	55.47	10.51	203.35	0.53	0.47	A1		employer
1924	اِقْتِصَاد	noun	55.46	10.90	282.26	0.98	0.00	B2		economy (“frugal use of resources”)
1925	اِسْتِرَاحَة	noun	55.46	41.91	73.39	0.75	0.00	C2		reposing, resting
1926	ضَرُورَة	noun	55.39	9.35	227.94	1.00	0.00	A2		necessity, compulsion, want, exigency
1927	تَسَوُّق	noun	55.38	32.16	95.37	1.00	0.00	C2		shopping
1928	مُؤْمِن	adj,name	55.38	20.25	151.42	1.00	0.00	C1		faithful, believing
1929	رُفْقَة	noun	55.33	70.84	43.23	0.91	0.09			company (which one has when one is accompanied)
1930	فَاتَ	verb	55.31	76.59	39.95	0.72	0.15	C1		to pass, pass by, escape, run out, be missed or lost
1931	تَرَدَّدَ	verb	55.27	24.78	85.63	0.99	0.01	A2		to be made to go back
1932	وَصَفَ	verb	55.24	29.85	102.23	0.17	0.83	B1		to describe, to depict
1933	اِرْتَكَبَ	verb	55.23	62.24	49.01	1.00	0.00	B1		to commit, to perpetrate (a bad action)
1934	حِصَّة	noun	55.16	40.41	75.29	0.98	0.02	C1		share, quota, ration, contingent
1935	حَزِين	adj	55.15	70.88	29.80	0.99	0.00	A2		sad, sorrowful
1936	جَبْهَة	noun	55.08	17.35	121.43	1.00	0.00	A2		forehead, brow
1937	مُنَظَّم	adj	54.99	18.29	165.30	0.20	0.80	B2		arranged, regulated, ordered, organized
1938	أَمَّنَ	verb	54.98	71.73	42.14	0.37	0.62	B2		to reassure
1939	رُبُع	noun	54.98	28.85	104.75	1.00	0.00	B1		one fourth; one quarter
1940	مَحْدُود	adj	54.97	19.45	107.88	0.98	0.00	A2		bounded, bordered (by)
1941	جِسْر	noun	54.81	49.76	60.38	1.00	0.00	B1		bridge
1942	مُقَاوَمَة	noun	54.74	27.48	109.03	0.35	0.63	C1		resistance
1943	شَهِير	adj	54.73	24.78	83.95	0.99	0.00	A2		famous, generally known, celebrated
1944	حِصَان	noun	54.62	82.72	25.04	0.94	0.06	A2		horse
1945	مُضَادّ	adj	54.60	34.25	60.45	0.85	0.15	A2		contrary, opposed, opposite, antithetical, adverse, counter
1946	عُشْب	noun	54.59	36.69	81.23	1.00	0.00	B2		fresh, green, juicy, soft or tender herbs or herbage, green grass
1947	أَبْقَى	adj,verb	54.57	221.49	13.45	0.30	0.31			elative degree of بَاقٍ (bāqin): › more lasting, more permanent; most lasting, m…
1948	قَتَّال	adj	54.57	64.32	32.15	0.00	1.00	A2		someone who kills many people
1949	أَدَارَ	verb	54.55	53.46	55.67	0.91	0.08	C1		to run, to manage, to govern, to operate
1950	دَجَاج	noun	54.49	56.82	36.29	1.00	0.00	A2		chickens, poultry, fowl
1951	حُلْو	adj	54.48	47.94	61.90	0.89	0.10	B1		sweet
1952	مُتَقَدِّم	adj	54.46	17.81	115.62	0.99	0.00	A2		preceding
1953	طِبّ	noun	54.36	9.65	212.59	1.00	0.00	A2		medicine (field of study)
1954	مُحَاضَرَة	noun	54.29	15.99	127.97	0.91	0.00	A1		lecture
1955	فَخُور	adj	54.29	95.77	21.37	0.88	0.12	A1		proud
1956	مَثَلًا	adv	54.25	31.09	94.68	0.00	0.00	B1		for example
1957	رَاتِب	noun,adj	54.24	28.36	72.05	1.00	0.00	A2		salary, pay, wages, emolument, stipend
1958	شَاعِر	noun	54.18	8.95	328.01	0.99	0.00	B1		poet
1959	قِتَال	noun	54.18	64.32	31.69	0.00	1.00	A2		fighting, battle, warfare
1960	اِعْتَذَرَ	verb	54.17	130.43	22.50	1.00	0.00	C2		to excuse oneself; to apologise to
1961	سَلِيم	adj,name	54.16	34.78	84.36	0.57	0.42	B1		safe, secure
1962	إِصْبَع	noun	54.07	90.97	32.13	0.94	0.02	B2		finger, toe
1963	زِرّ	noun	54.05	42.25	69.13	0.65	0.00	B2		button
1964	بِضْع	noun	54.01	92.52	21.89	1.00	0.00	A2		a few
1965	طَرَحَ	verb	54.00	22.64	128.79	0.62	0.38	C1		to throw, to cast, to fling, to toss
1966	مُجْرِم	noun	53.96	79.57	36.60	1.00	0.00	B1		criminal
1967	رَبَطَ	verb	53.91	38.85	74.79	0.72	0.28	B1		to tie up, to bind
1968	مُحَافَظَة	noun	53.83	7.36	393.93	0.55	0.45	B2		preservation
1969	مَيْدَان	noun	53.80	26.37	109.77	0.95	0.00	B1		square (open space in a city)
1970	طَبَقَة	noun	53.80	29.69	97.49	0.99	0.01	B1		layer; stratum; level
1971	حَقْل	noun	53.79	37.21	54.00	1.00	0.00	A2		field (distinguished by there being harvests, no matter if crops or raw material…
1972	حَادَ	verb,adj	53.74	32.46	61.79	0.02	0.21	A1		to deviate, to turn away
1973	تَكْلِيف	noun	53.71	21.23	94.34	0.26	0.19	A2		an act of entrusting or giving authority, commission
1974	مَنْع	noun	53.67	26.80	107.47	0.15	0.84	B1		prevention
1975	إِسْبَانِيّ	adj,noun	53.62	18.55	155.00	0.94	0.03			Spanish
1976	تَفَضَّلَ	verb	53.59	143.77	19.98	0.03	0.00	B1		to have the kindness of; be so kind; deign, condescend
1977	صَحْرَاء	noun	53.54	29.98	95.63	0.97	0.00	B1		desert
1978	مُحَقِّق	noun,adj	53.49	92.66	30.88	0.47	0.52	B1		detective
1979	صَاحَ	verb,adj	53.43	134.36	21.25	0.88	0.10	B2		to yell, to shout
1980	جِدّ	noun	53.35	40.91	48.31	0.00	1.00	A2		seriousness, earnestness
1981	أَمَامِيّ	adj	53.32	83.88	33.89	0.58	0.02	B2		anterior, front, frontal, fore-, forward
1982	تَسَاءَلَ	verb	53.24	78.51	36.11	1.00	0.00	B2		to ask one another
1983	هُمَا	pron	53.21	40.88	69.25	0.77	0.23			they both, the two of them (masculine or feminine dual subject pronoun)
1984	مُفَاجَأَة	noun	53.18	74.31	38.06	0.97	0.00	B2		surprise
1985	شِعَار	noun	53.12	16.70	117.30	0.75	0.00	A2		password, watchword
1986	صَعِيد	noun	53.10	16.32	119.97	0.74	0.22	A2		highland, upland, plateau
1987	لَقْوة	noun	53.10	56.41	49.98	0.00	0.00			facial paralysis
1988	أَجَدّ	adj	53.00	119.89	23.43	0.00	0.03			elative degree of جَدِيد (jadīd)
1989	ـني	pron	52.92	79.67	35.16	0.21	0.79			me (bound object pronoun)
1990	أُنْس	noun	52.90	30.05	93.13	0.00	0.88	B1		comforting, solace
1991	اِخْتِلَاف	noun	52.74	20.94	92.22	0.89	0.00	A1		disagreement
1992	قَلْعَة	noun	52.64	35.26	54.57	0.96	0.01	A1		fortress, fort, castle
1993	يَوْمِيًّا	adv	52.62	27.58	100.41	0.00	0.00	B1		daily
1994	لِوَاء	noun	52.58	14.12	135.92	0.99	0.01	A2		banner, flag, standard
1995	أَحْمَدَ	verb,adj,name	52.53	8.15	235.07	0.00	0.99	A2		to show oneself praiseworthy
1996	وَيَّلَ	verb	52.50	105.33	26.17	0.05	0.14	C2		to exclaim "woe!" over or repeatedly
1997	نُمُوّ	noun	52.50	13.70	139.75	1.00	0.00	A1		growth
1998	كَائِن	noun	52.46	41.11	46.49	0.95	0.00	A2		creature, a living thing
1999	إِمْكَانِيَّة	noun	52.41	21.04	130.57	0.99	0.00	B1		possibility, feasibility, capacity
2000	مُسْتَقِلّ	adj	52.40	12.52	152.25	1.00	0.00	A2		independent
2001	عِمْلَاق	noun,adj	52.36	46.54	58.91	1.00	0.00	B2		giant
2002	أَيَّل	noun	52.36	128.51	21.33	0.43	0.19	C1		stag, hart; deer
2003	عِيَادَة	noun	52.34	26.46	103.54	0.95	0.00	C2		visit, consultation
2004	فَرِقَ	verb	52.21	37.02	73.62	0.00	0.10	B1		to be spaced far apart, to be gappy (of teeth)
2005	أَمِين	noun,adj,name	52.17	21.06	89.74	0.19	0.81	A2		secretary
2006	آتٍ	adj	52.09	54.82	49.50	0.00	0.06	C2		coming, next
2007	نَبِيّ	noun	51.94	5.46	343.16	0.96	0.00	A2		prophet
2008	فَيْرُوس	noun	51.93	40.50	66.59	1.00	0.00	B2		virus
2009	نَادِر	adj,noun	51.91	26.60	70.34	0.83	0.11	A2		rare, extraordinary
2010	نَظَّمَ	verb	51.88	11.47	163.00	0.78	0.22	A2		to organize, to arrange, to regulate, to put in order
2011	صَرَاحَة	noun	51.88	71.32	37.73	0.97	0.03	B1		explicitness, openness, sincerity, honesty
2012	تَوَفَّرَ	verb	51.74	14.00	132.81	0.35	0.03	A2		to pay respect, honor or regards to
2013	ثُنَائِيّ	adj,noun	51.69	22.79	117.22	0.39	0.00	B1		double, two-fold, twice, di- having two of something
2014	وَهَى	verb	51.67	42.05	63.49	0.01	0.23			to be or become weak or fragile
2015	قَبْر	noun	51.67	38.45	48.22	1.00	0.00	A2		tomb, grave, sepulcher
2016	بَرِيء	adj	51.64	76.96	34.65	0.60	0.00	B2		pure, guiltless, innocent
2017	فَارِغ	adj	51.61	83.63	31.85	0.84	0.16	B1		empty
2018	أَنْقَذَ	verb	51.44	165.30	16.01	1.00	0.00	C2		to save, rescue
2019	مُتْعَة	noun	51.39	72.14	36.61	0.55	0.00	B1		enjoyment, delight, pleasure
2020	دِمَاغ	noun	51.34	70.07	37.62	0.97	0.03	B2		brain (control center of the central nervous system)
2021	تَحَالُف	noun	51.30	12.07	151.46	1.00	0.00	A2		alliance
2022	وَفَرَ	verb	51.26	26.26	100.03	0.04	0.93	B1		to be abundant, be plentiful
2023	صَلَاحِيَّة	noun	51.25	12.30	148.33	1.00	0.00	A2		suitability, appropriateness
2024	واثِق	adj	51.21	146.16	17.94	0.97	0.00	C2		certain, sure
2025	لَعَلَّ	particle	51.20	32.86	79.79	0.99	0.01	B1		hopefully
2026	بَدَل	noun,verb,adj,prep	51.16	38.07	68.76	0.87	0.13	B1		compensation
2027	تَمْثِيل	noun	51.14	33.23	78.69	1.00	0.00	B1		representation
2028	جِوَار	noun,prep	51.03	71.12	36.62	1.00	0.00	B1		neighborhood (“the quality of being a neighbor, of living nearby, next to each o…
2029	سَدّ	noun,verb	51.01	19.35	93.41	0.84	0.16	A2		dam, dike
2030	مَعْلُوم	adj,noun	50.96	30.62	84.83	0.45	0.55	B1		known
2031	عَبَّرَ	verb	50.80	25.73	100.29	0.00	1.00	B2		to get across › to express, to put into terms
2032	مِسَاحَة	noun	50.79	18.35	97.64	0.00	0.99	A1		plane; surface; area; space; extent
2033	فَجْأَة	noun,adv	50.72	99.66	25.82	0.16	0.00	B1		unexpected event, sudden event, sudden arrival, bolt from the blue, surprise
2034	أُحِبُّكَ	phrase	50.70	290.21	8.86	0.00	0.00			I love you (to a male)
2035	ظُهُور	noun	50.68	29.30	87.64	0.64	0.36	B1		rise, emergence
2036	جُمْهُورِيَّة	noun	50.61	10.23	250.51	0.00	0.50	B1		republicanism
2037	اِتِّفَاقِيَّة	noun	50.60	12.87	138.13	0.91	0.02	A2		treaty, convention, agreement
2038	فَاعِل	adj,noun	50.59	38.44	66.58	0.95	0.05	B1		effective, efficient
2039	نَمَط	noun	50.58	31.32	56.72	0.98	0.00	A2		pattern, type, style, manner, mode, wise
2040	هَوَى	verb,noun	50.58	61.29	41.73	0.83	0.08	B1		to breeze, to waft
2041	قِلَّة	noun	50.52	37.30	47.51	0.72	0.22	A2		littleness, smallness, scarceness, fewness
2042	أَرْبَعُونَ	adj,num	50.42	27.77	63.57	0.00	0.00	A1		fortieth
2043	سَيْطَرَ	verb	50.41	39.33	64.62	1.00	0.00			to dominate, gain power
2044	تَكْلِفَة	noun	50.38	13.45	188.66	0.00	0.11	B2		cost
2045	وَحَى	verb	50.36	30.59	82.90	0.03	0.43			to inspire
2046	وَقُود	noun	50.32	49.29	51.38	1.00	0.00	B1		fuel
2047	اِزْدَادَ	verb	50.27	41.82	60.43	1.00	0.00	B2		to increase, to augment, to grow, to multiply
2048	قَصِيدَة	noun	50.22	15.48	162.90	0.97	0.00	B2		poem
2049	أَلَا	verb,particle	50.22	116.82	21.59	0.68	0.25	C1		to neglect to do, to fail to do, not to do
2050	جِنِرال	noun	50.17	54.18	46.46	0.02	0.23	B1		general (officer in any general rank, such as a brigadier general, major general…
2051	لُغْز	noun	50.16	28.93	86.96	0.94	0.06	C2		riddle, mystery
2052	هَنْدَسَة	noun	50.11	10.28	169.63	0.98	0.00	A2		geometry
2053	لِلْأَسَف	adv	50.06	51.31	48.85	0.00	0.05	B2		sadly, unfortunately
2054	اِجْتَمَعَ	verb	50.02	33.28	75.18	1.00	0.00	B1		to meet, to meet up, to gather, to get together, to have a meeting
2055	طُفُولَة	noun	50.01	26.10	66.56	0.96	0.00	A1		childhood
2056	أُورُوبِّيّ	noun,adj	50.01	4.97	349.61	0.00	0.00	A1		European
2057	شَرْح	noun	49.98	18.42	94.16	0.37	0.63	A1		expounding, presentation, explanation
2058	تَاجِر	noun	49.98	27.54	62.97	1.00	0.00	A2		merchant, trader, businessman, dealer, tradesman
2059	اِسْتِمَاع	noun	49.89	60.87	40.89	1.00	0.00	B2		listening
2060	ثَقِيل	adj	49.86	42.01	59.18	0.99	0.00	B1		heavy
2061	جِلْد	noun	49.76	37.78	65.54	0.73	0.19	B1		skin, hide
2062	طَاقَم	noun	49.75	53.17	46.55	1.00	0.00	C2		staff, crew, team, personnel (human resources working together occupying a facil…
2063	جَوَّال	adj,noun	49.74	6.55	377.85	0.98	0.00	B2		ambulatory, itinerant
2064	شِعْرِيّ	adj	49.74	28.87	85.72	0.95	0.01	B1		poetic
2065	نَجَا	verb,noun	49.68	98.47	25.07	0.83	0.06	C1		to survive
2066	اِسْتَعَادَ	verb	49.67	51.50	47.91	0.51	0.35	C1		to recover, to regain, to recapture, to recover
2067	زَبُون	noun	49.67	55.27	30.99	0.96	0.00	A2		customer, client
2068	حَرَصَ	verb	49.65	17.11	100.04	0.85	0.15	A2		to desire, to want something
2069	بَوْل	noun	49.62	71.39	34.49	0.22	0.77	B1		urine
2070	عَسَل	noun,verb	49.61	46.43	53.00	0.97	0.00	B2		honey
2071	بِنْيَة	noun	49.53	17.62	96.70	0.89	0.11	A2		edifice
2072	تَكْوِين	noun	49.39	14.99	112.97	0.97	0.00	A2		formation, creation, making, origination
2073	نَبَات	noun	49.36	29.63	82.25	1.00	0.00	B2		plant, vegetable, vegetation
2074	مُؤَشِّر	noun	49.36	12.07	140.24	1.00	0.00	A2		indicator, index, pointer
2075	عَلَّقَ	verb	49.36	30.27	55.90	0.99	0.01	A2		to hang, to suspend (بِ (bi) or عَلَى (ʕalā) on something)
2076	حِفَاظ	noun	49.36	23.29	72.65	0.02	0.98	A2		protection
2077	فِقْدَان	noun	49.33	43.38	56.11	0.95	0.05	B2		loss
2078	مُدَوَّنَة	noun	49.33	4.76	511.75	0.00	0.00	B2		short academic article, piece of writing in a journal, a blog
2079	سَرَطَان	noun	49.23	37.06	45.41	0.99	0.01	A2		crab
2080	شَغَلَ	verb	49.18	35.80	46.91	0.76	0.24	A2		to occupy, to keep busy
2081	دَعَّ	verb	49.17	365.15	6.62	0.00	0.87	B2		to rebuff
2082	تَوَافُق	noun	49.15	21.22	79.04	0.96	0.03	A2		compatibility, harmony
2083	كِفَايَة	noun,adv	49.14	138.60	17.42	0.94	0.01	B1		sufficiency
2084	هَدَأَ	verb	49.10	108.35	22.25	0.67	0.19			to be quiet, to quiet down, to pipe down
2085	أَسْمَعَ	verb	49.09	249.34	9.66	0.06	0.16			to make hear, to let hear, to give someone something to hear
2086	هَاتِفِيّ	adj	49.08	70.93	33.97	0.95	0.01	B1		telephonic, relating to telephones
2087	شَجَرَ	verb,noun	49.07	42.76	39.11	0.00	0.89	A1		to pierce
2088	عَقْلِيّ	adj	49.00	65.62	36.59	0.59	0.03	C1		mental, intellectual
2089	فَجْر	noun,name	48.97	29.41	81.54	1.00	0.00	B1		dawn, daybreak; dayspring
2090	فَشَل	noun	48.97	28.62	58.19	0.18	0.82	A1		failure
2091	مَوَّلَ	verb	48.96	35.39	67.74	0.64	0.35	C1		to make rich
2092	مَسَّاحَة	noun	48.94	17.64	94.29	0.00	1.00	A1		eraser
2093	إِثْبَات	noun	48.88	53.05	45.04	0.98	0.00	B1		affirmation
2094	أَبْعَد	adj,verb	48.83	82.65	28.85	0.65	0.15	B2		elative degree of بَعِيد (baʕīd): › farther, more distant; farthest, most distan…
2095	طَلَاق	noun	48.81	43.72	37.84	0.95	0.00	A2		the annulment of marriage by any means, divorce
2096	صَحَّ	verb	48.79	54.69	30.23	0.84	0.16	A2		to be healthy, to be in order, to be strong, to be correct, to be faultless, to …
2097	اِتَّجَهَ	verb	48.76	53.20	44.70	1.00	0.00	C1		to direct to, to turn to, to be oriented to
2098	سَاحِل	noun	48.71	29.76	79.71	0.84	0.14	B1		coast
2099	مِينَاء	noun	48.62	26.88	87.93	0.89	0.10	B1		port, harbor
2100	مَحْمُول	noun,adj	48.60	27.54	85.79	0.99	0.00	B1		freight, transported goods
2101	أَخْفَى	verb,adj	48.44	74.76	31.38	0.84	0.16	B2		to hide, to conceal
2102	إِلَيْهِمْ	adv	48.43	51.05	45.95	0.00	0.00			to them
2103	مُتَرْجِم	noun	48.38	11.03	212.25	0.99	0.00	C1		translator; interpreter
2104	أَهْلِيّ	adj	48.37	9.13	177.97	0.79	0.14	A1		domesticated, tame
2105	تَمْرِين	noun	48.36	36.93	63.33	0.84	0.00	C1		practice
2106	تَفَكَّرَ	verb	48.22	137.58	16.90	0.03	0.00	B2		to ponder, to reflect
2107	مَادِّيّ	adj	48.19	22.34	72.21	0.95	0.00	A1		material, referring to matter
2108	دُول	noun	48.18	9.68	239.75	0.00	0.00			dhole (Cuon alpinus)
2109	رَاعَ	verb,noun	48.14	29.81	77.75	0.00	0.11	B2		to awe, to amaze, to startle
2110	زَيْت	noun	48.12	23.52	98.47	0.99	0.01	B2		oil (all types of oil, edible, fuel, motor oil, etc.)
2111	طَوَّلَ	verb	48.11	34.95	45.99	0.00	1.00	A2		to lengthen
2112	تَصْوِيت	noun	47.99	31.02	74.23	0.99	0.00	B1		voting (in elections)
2113	جَمَّال	noun	47.97	20.19	79.14	0.00	1.00	A2		camel driver
2114	غَائِب	adj,noun	47.91	18.82	84.67	0.76	0.24	A2		concealed, hidden, occult
2115	سَوِيّ	adj	47.76	107.37	21.25	0.89	0.00	B1		equal, symmetrical, proportional, parallel
2116	كِيمِيَائِيّ	adj,noun	47.76	31.66	72.05	0.81	0.16	B2		chemical
2117	مِلْكِيَّة	noun	47.72	26.29	60.15	0.38	0.59	A2		ownership, property
2118	نَفَق	noun,verb	47.61	43.92	35.84	0.77	0.23	A2		tunnel, a passageway or burrow having two openings
2119	وَادٍ	noun	47.58	18.99	82.78	0.00	0.00	A2		valley
2120	خَلْفِيَّة	noun	47.58	13.30	118.15	0.50	0.49	A1		background
2121	مُؤَقَّت	adj	47.57	30.47	51.57	0.99	0.00	A2		temporary
2122	قُرْص	noun	47.57	50.23	45.04	1.00	0.00	B1		disk (in most meanings, including technology-related)
2123	مَبْدَأ	noun	47.54	17.72	127.57	1.00	0.00	B1		beginning, start
2124	نَقَصَ	verb	47.53	20.14	77.89	0.30	0.70	A2		to decrease, diminish, reduce
2125	تَخَيَّلَ	verb	47.52	121.92	18.53	1.00	0.00	B1		to imagine, to take into one's head, to fancy
2126	جُمْهُورِيّ	adj,noun	47.50	12.88	175.13	0.28	0.70	C1		republican
2127	حَشْد	noun	47.47	26.08	60.02	1.00	0.00	A1		assembling, rallying
2128	مُتَاح	adj	47.47	25.72	87.60	0.99	0.00	B1		granted
2129	هَارَ	verb,adj	47.47	92.32	24.41	0.10	0.03			to be destroyed, crash down, fall down, collapse
2130	غُرَاب	noun	47.34	26.83	57.99	0.19	0.80	A2		crow, raven
2131	ثَوْب	noun	47.32	56.49	39.64	1.00	0.00	B1		dress, garment
2132	حَلِيب	noun	47.32	44.23	35.15	1.00	0.00	A2		milk
2133	وَصْف	noun	47.29	24.01	93.12	0.47	0.53	B1		description
2134	مُتَزَوِّج	adj	47.28	89.04	25.10	1.00	0.00	B2		married
2135	مِعًى	noun	47.28	84.32	26.51	0.00	0.12	C2		gut, intestine
2136	مَثَّلَ	verb	47.21	19.03	81.32	0.00	1.00	A1		to portray, to play, to present
2137	مَرَّتَيْنِ	adv	47.14	67.26	33.04	0.00	0.00	B1		twice
2138	دَعْوَى	noun	47.13	20.93	73.70	0.98	0.01	A2		assertion
2139	خَافَ	verb	47.11	75.87	29.26	0.86	0.10	B1		to fear, to be afraid of
2140	دِيمُقْرَاطِيّ	noun,adj	47.11	8.07	190.94	0.00	0.00	A1		democrat
2141	جِرَاحَة	noun	47.09	40.11	55.28	0.65	0.33			surgery
2142	خَيْمَة	noun	47.07	14.58	151.92	0.95	0.00	C2		tent
2143	تَعْيِين	noun	47.05	21.82	101.45	0.93	0.00	B2		appointment
2144	اِعْتَادَ	verb	46.98	92.43	23.88	0.94	0.04			to be or get used to, to accustom oneself to
2145	حِكْمَة	noun	46.98	22.58	67.89	0.96	0.02	A2		wisdom
2146	أَتَاحَ	verb	46.98	18.60	118.67	0.74	0.06			to make easy, to make possible, to facilitate
2147	ظَاهِرَة	noun	46.86	13.28	114.80	0.99	0.01	A1		phenomenon
2148	فَرِيد	adj,name	46.83	50.22	43.67	0.48	0.50	C1		alone, single
2149	صِرَاع	noun	46.74	16.13	135.44	1.00	0.00	B2		conflict, warfare
2150	مَعْقُول	adj,noun	46.73	51.38	29.51	1.00	0.00	A2		seized by the intellect, comprehended, conceived
2151	عَقِيد	noun	46.58	39.94	37.72	0.99	0.01	A2		colonel
2152	فَسَاد	noun	46.57	10.10	149.08	0.16	0.00	A2		perversion, corruption, depravity, wickedness
2153	مَلِيء	adj	46.53	83.09	26.06	0.97	0.00	C2		full, filled, replete
2154	عَشَاء	noun	46.49	118.53	18.24	0.00	1.00	B1		supper, dinner
2155	عِشَاء	noun	46.49	118.53	18.24	0.00	1.00	B1		dusk, nightfall; evening
2156	مِثْلَمَا	conj	46.41	65.59	32.84	0.00	0.01			as (in the same manner as)
2157	تَبَيَّنَ	verb	46.38	30.69	70.08	0.89	0.11	C2		to be or become apparent
2158	صَمْت	noun	46.35	35.40	42.14	0.71	0.29	A2		silence
2159	جَنَّة	noun	46.32	20.65	72.18	0.29	0.62	A1		garden
2160	يَدَوِيّ	adj	46.28	24.80	86.38	0.95	0.00	C2		manual
2161	سَاوَى	verb	46.15	40.46	52.65	0.89	0.11	C2		to equal
2162	أَسْبَاب	noun	46.15	17.94	118.68	0.00	0.00			guards, guardhouse, watchtower
2163	مِيَاه	noun	46.05	25.19	84.19	0.00	0.00	C2		plural of مَاء (māʔ) › territorial waters, coastal waters
2164	اِعْتِقَاد	noun	45.98	33.34	44.03	1.00	0.00	A2		belief, faith, conviction
2165	مِهْنَة	noun	45.94	33.69	62.64	0.89	0.11	C2		work, vocation, profession, occupation, business
2166	نَفَى	verb	45.92	21.80	96.70	0.78	0.14	C2		to carry off, to remove, to relegate
2167	لَفَتَ	verb	45.89	26.55	79.31	0.40	0.49	B1		to bend, to crook
2168	جِيم	noun	45.86	143.14	14.70	0.67	0.33			gimel; jim, name of the fifth letter of the Arabic alphabet (ج (j)), representin…
2169	صَبِيّ	noun	45.84	94.19	22.31	0.97	0.00	B2		a young male human, a boy-child
2170	نَمَا	verb	45.77	51.58	40.61	0.56	0.42			to grow, to develop
2171	نَوَى	verb,noun	45.70	42.30	49.38	0.44	0.51			to think
2172	قَبِيل	noun	45.62	64.34	22.46	0.76	0.24	A2		guarantor
2173	أَجْمَع	adj,verb	45.60	32.62	63.75	0.24	0.32	B1		elative degree of جَامِع (jāmiʕ)
2174	كَارِثَة	noun	45.57	34.54	60.13	0.98	0.00	B1		catastrophe, disaster
2175	بُقْعَة	noun	45.56	38.01	54.62	0.72	0.00	B2		spot, stain, smudge
2176	دَافَعَ	verb	45.54	35.99	40.02	0.93	0.06	A2		to defend
2177	مُعَامَلَة	noun	45.53	28.96	71.60	1.00	0.00	B1		treatment, handling, way of acting toward someone or something
2178	نِسَائِيّ	adj	45.53	13.66	105.38	0.97	0.00	A2		female, women's, ladies'
2179	قَوَّى	verb	45.49	28.05	73.76	0.00	0.10			to strengthen, to bolster, to potentiate
2180	حَاجِز	noun	45.48	27.48	52.28	1.00	0.00	A2		barrier, barricade, hurdle, obstacle, impediment, obstruction
2181	طَبْخ	noun	45.43	19.52	105.70	0.84	0.16	B1		cooking
2182	غَطَّى	verb	45.41	37.55	54.91	0.92	0.06	B2		to cover up, to cover over › to enfold, to envelop, to wrap up
2183	أَلَدّ	adj	45.38	76.21	27.02	0.01	0.61			implacable, mortal (enemy)
2184	نَاقَشَ	verb	45.35	34.29	59.98	0.99	0.01	B2		to discuss, criticize
2185	تَخَلَّى	verb	45.35	67.61	30.42	0.92	0.07	C1		to relinquish or surrender
2186	شَرْق	noun	45.29	14.99	94.98	0.02	0.87	A2		east; Orient
2187	حَادّ	adj	45.26	33.06	43.03	0.74	0.26	A1		sharp, pointed
2188	كَوْنِيّ	adj	45.24	94.05	21.76	0.98	0.02	C2		cosmic, universal, cosmo-
2189	سَمّ	noun,verb	45.19	44.93	45.44	0.95	0.05			poison, toxin
2190	تَحَسَّنَ	verb	45.17	54.53	37.42	0.96	0.04	B2		to improve, to get better, to ameliorate
2191	أَسْمَك	adj	45.08	150.92	13.46	0.00	0.00			elative degree of سَمِيك (samīk)
2192	حَمْد	noun	45.01	24.92	81.30	1.00	0.00	B1		praise, eulogy, commendation
2193	دَعَمَ	verb	44.99	15.83	127.82	0.98	0.01	B2		to support
2194	جُمْلَة	noun	44.95	22.40	90.20	0.96	0.04	C1		series, whole range, collectivity
2195	تَفْجِير	noun	44.95	34.69	58.24	0.81	0.00	C1		explosion
2196	حَافَظَ	verb	44.92	31.11	45.04	0.97	0.03	A2		to preserve, to maintain, to keep up, to uphold, to sustain
2197	اِسْتِفَادَة	noun	44.88	13.34	104.85	0.99	0.00	A2		benefit
2198	بِمُجَرَّدِ	prep	44.87	71.64	28.11	0.00	0.00			as soon as, once that
2199	أُجْرَة	noun	44.86	52.07	38.64	0.99	0.01	B2		rent
2200	خِنْزِير	noun	44.83	77.24	18.07	1.00	0.00	A2		pig, swine, hog
2201	كُوب	noun	44.82	36.65	38.07	0.00	0.41	A2		glass, cup
2202	صَدَاقَة	noun	44.82	41.75	48.12	0.97	0.00	B2		friendship
2203	صَرِيح	adj	44.78	41.43	48.41	0.97	0.03	B1		explicit, straightforward
2204	إِنْذَار	noun	44.77	56.85	35.26	1.00	0.00	C1		warning
2205	حَكَمَ	verb,noun	44.76	24.97	80.26	0.63	0.37	B2		to exercise authority, command, bid, over
2206	إِدَارِيّ	adj	44.70	3.11	446.17	0.91	0.00	A2		administrative, managerial
2207	زِمَام	noun	44.70	15.08	92.01	0.18	0.82	A2		reins
2208	أَزَالَ	verb	44.69	103.27	19.34	0.63	0.15	B2		to eliminate, to make disappear
2209	أَرْجُوك	noun	44.57	522.29	3.80	0.00	0.01			please
2210	مَشْغُول	adj	44.55	131.75	15.06	1.00	0.00	C2		busy
2211	دَرَجَ	verb,noun	44.54	26.31	52.36	0.29	0.21	A1		to step, step onward, walk
2212	مَقْبُول	adj	44.49	34.37	57.58	1.00	0.00	B1		passive participle of قَبِلَ (qabila) › acceptable, accepted, admissible, acknow…
2213	تَمْوِيل	noun	44.39	15.89	124.00	0.98	0.00	C1		funding, sponsorship
2214	مُزْعِج	adj	44.38	58.25	23.49	1.00	0.00	A1		annoying, unpleasant
2215	جَازَ	verb	44.38	18.40	107.03	0.91	0.08	B1		to pass, pass by
2216	مَرْكَبَة	noun	44.33	29.35	46.51	0.00	0.60	A2		vehicle, carriage
2217	تَعَالَّ	verb	44.32	380.24	5.17	0.00	0.00	B1		to exhaust the last remains of, to take the last portion of
2218	شَارِب	noun	44.29	68.85	28.50	0.38	0.62	C2		drinking
2219	تَرْكِيب	noun	44.28	11.44	119.04	0.85	0.00	A2		installation, putting up
2220	مَيْل	noun	44.28	64.09	21.24	0.00	1.00	A2		inclination, tendency
2221	قَتِيل	adj,noun	44.26	21.56	90.89	0.99	0.00	B1		killed, murdered
2222	وَرَّى	verb	44.14	66.87	29.14	0.00	0.59			strike fire
2223	تَقْلِيد	noun	44.14	23.94	56.51	1.00	0.00	A1		imitation, copying
2224	حَيَّا	verb	44.12	73.38	18.42	0.00	0.00	A1		to greet
2225	عَجِيب	adj	44.05	28.90	67.13	0.36	0.64	B1		wonderful, marvelous
2226	طُنّ	noun	43.97	22.25	60.35	0.84	0.16	A1		tonne, metric ton
2227	دَمَّرَ	verb	43.95	60.53	31.91	1.00	0.00	C1		to destroy
2228	جَمَال	noun,name	43.77	26.15	50.88	0.00	1.00	A2		beauty
2229	إِيَّا	particle	43.74	64.34	29.74	0.60	0.13			particle attached to oblique pronoun forms when they are not attached to the ver…
2230	نَقِيب	noun	43.69	32.77	58.25	1.00	0.00	B2		captain
2231	تَجْمِيل	noun	43.69	16.92	112.79	0.97	0.00	C1		beautification (making something beautiful)
2232	اِخْتِرَاق	noun	43.68	29.27	65.20	0.97	0.00	C1		piercing, penetration
2233	عَرَب	noun	43.65	5.76	229.66	0.25	0.75	A1		Arabs, true Arabs
2234	اِسْمِيّ	adj	43.64	142.45	13.37	0.02	0.01			nominal
2235	عَرُوض	noun	43.62	9.65	197.26	0.00	0.00	B2		a path or road lying to the side or obliquely or on a declivity
2236	تَحْذِير	noun	43.62	37.81	50.31	0.97	0.00	B2		verbal noun of حَذَّرَ (ḥaḏḏara) (form II) › warning (“instance of warning someo…
2237	اِنْتَشَرَ	verb	43.41	31.40	60.03	1.00	0.00	B2		to disperse
2238	حَادِثَة	noun	43.38	59.04	31.87	0.00	0.25	B1		a thing that springs up or happens
2239	بِضْعَة	noun	43.34	106.11	17.70	0.00	0.00			a piece of something
2240	ضَيِّق	adj	43.27	35.14	53.28	0.99	0.00	B1		narrow, strait
2241	ذَكَاء	noun	43.24	40.48	46.19	1.00	0.00	B1		intelligence, mental acuteness
2242	أَحْمَق	noun,adj	43.23	299.61	4.33	0.87	0.06	A2		fool
2243	حَسَّاس	noun,adj	43.22	37.93	34.21	0.98	0.02	A2		living being
2244	وَحْش	noun	43.20	126.67	14.73	0.99	0.00	B2		wild animal
2245	فَكّ	noun,verb	43.16	29.87	62.36	0.77	0.11	B1		jaw
2246	سَحَاب	noun	43.11	27.42	47.07	0.11	0.13	A2		clouds
2247	سَاحِر	adj,noun	43.09	83.80	22.16	0.90	0.08	B1		enchanting, bewitching, charming
2248	ضَاعَ	verb	42.89	67.87	27.10	0.92	0.06	B2		to be lost
2249	نَظَرِيّ	adj	42.85	35.86	51.21	0.30	0.40	B1		theoretical
2250	مُسَافِر	noun	42.85	21.81	84.18	1.00	0.00	B2		traveller
2251	كافّةً	adv	42.81	10.42	175.96	0.00	1.00	C1		all of, altogether, entirely
2252	حُفْرَة	noun	42.80	53.36	34.32	0.93	0.06	C1		hole
2253	هَاجَمَ	verb	42.77	52.61	34.77	0.97	0.03	B2		to attack
2254	قَابِل	adj	42.77	37.89	33.52	0.27	0.73	A2		susceptible, subject, receptive [with لِ (li) ‘to something’]; -able, -ible
2255	طَبِيعِيَّة	noun	42.74	36.10	50.59	0.00	0.00			naturalism
2256	سَجِين	noun,adj	42.72	53.00	34.44	1.00	0.00	C1		prisoner, inmate
2257	مُكَوِّن	noun	42.72	13.19	96.03	1.00	0.00	A2		constituent, component
2258	مَسْرَحِيّة	noun	42.69	26.79	47.24	0.58	0.42	A2		a play, a drama
2259	عَصَبِيّ	adj	42.68	34.98	36.16	0.75	0.03	A1		neural, nervous (concerning the nerves)
2260	تَفْتِيش	noun	42.68	37.12	49.06	1.00	0.00	B1		search, looking for (act of searching for something)
2261	آثَار	noun	42.66	31.61	57.57	0.00	0.00	B1		archeology
2262	سُكَّان	noun	42.57	22.24	81.49	0.00	0.00	B2		rudder, helm, steering wheel of a ship
2263	سَرِيّة	noun	42.55	41.89	43.23	0.18	0.00	B2		company
2264	قَارِب	noun	42.52	81.30	22.24	0.80	0.20	B1		small boat, skiff, dinghy
2265	كَسَرَ	verb	42.51	72.79	24.82	0.58	0.42	B1		to break, to crash, to smash
2266	فَاتُورَة	noun	42.49	37.66	33.30	1.00	0.00	A1		invoice, bill
2267	شَرِيحَة	noun	42.41	34.63	51.94	1.00	0.00	B2		slice, filet, strip (of meat, fruit, etc.)
2268	لَقِيَ	verb	42.40	25.65	48.68	0.68	0.28	A2		to meet, to encounter
2269	مِنَصَّة	noun	42.36	21.89	81.95	0.97	0.00	C2		platform
2270	مَتْحَف	noun	42.32	26.70	67.07	1.00	0.00	B1		museum
2271	كَسْر	noun	42.31	43.12	41.53	0.47	0.53	B1		breach, fracture
2272	مَدَار	noun	42.30	20.70	86.45	1.00	0.00	C1		orbit
2273	حَوْض	noun	42.30	44.42	40.28	1.00	0.00	B1		basin, pool, tank, sink
2274	غِنَاء	noun	42.27	44.48	40.17	0.94	0.00	B1		singing, song
2275	ثَلْج	noun	42.18	76.23	23.34	1.00	0.00	C1		snow
2276	إِسْعَاف	noun	42.17	47.48	37.45	0.88	0.00	C1		financial aid
2277	قَرْض	noun	42.15	17.79	69.37	1.00	0.00	A2		cutting
2278	شِتَاء	noun	42.02	29.09	42.14	0.99	0.01	A2		winter
2279	اِفْتِتَاح	noun	42.00	16.55	106.64	0.94	0.06			opening, introduction, inauguration, commencement, the starting off or beginning…
2280	اِسْتِقْرَار	noun	41.96	7.80	156.71	1.00	0.00	A2		stabilization, stability
2281	آرَ	verb	41.92	71.87	24.45	0.03	0.38			to have sex with
2282	مِعْيَار	noun	41.88	11.49	105.99	1.00	0.00	A2		standard measure, standard, gauge (of measures and weights)
2283	سَمَّاع	adj	41.87	92.63	18.92	0.00	1.00	B2		receptive, acceptive, or absorptive (of ideas, information, and so on); attentiv…
2284	أَعْمَلَ	verb	41.85	188.16	9.31	0.98	0.00	B2		to cause to work, to make work, to ply one's hands
2285	مُهَاجِم	noun	41.85	19.52	89.75	0.66	0.00	C2		a forward
2286	شَخْصِيًّا	adv	41.85	58.29	30.04	0.00	0.00	B1		personally
2287	رُوحِيّ	adj	41.81	34.25	51.03	0.58	0.00	B2		spiritual
2288	سَافَرَ	verb	41.81	55.17	31.68	1.00	0.00	B1		to travel
2289	مَجَّانًا	adv	41.74	18.77	92.84	0.00	0.00	B1		charge-free, for free, gratis
2290	أُنْثَى	noun,adj	41.73	27.79	62.68	0.62	0.00	B1		a female
2291	زُجَاج	noun	41.71	46.47	37.44	0.79	0.20	B2		glass (substance)
2292	مُبَادَرَة	noun	41.67	7.21	167.13	1.00	0.00	A2		making haste; setting about (doing something)
2293	ضَمِنَ	verb	41.65	25.87	67.08	0.72	0.28	B2		to guarantee
2294	حَافِلَة	noun	41.58	43.88	27.36	0.60	0.37	A1		bus; streetcar
2295	مُحِبّ	noun,name	41.54	20.60	83.76	0.63	0.31	B2		lover
2296	مُوَاصَلَة	noun	41.53	20.64	83.56	1.00	0.00	B1		continuance, unbroken connection
2297	وَرْشَة	noun	41.52	12.18	141.50	0.99	0.00	B2		workshop (small manufacturing room)
2298	فَائِز	noun,adj	41.46	30.06	57.20	0.95	0.05	B2		victor
2299	مُرَكَّب	noun,adj	41.41	25.77	46.21	0.00	1.00	A2		compound
2300	تَوْظِيف	noun	41.39	11.33	151.18	0.99	0.00	B1		employment
2301	وَلِيّ	noun,adj	41.37	13.61	87.29	0.45	0.55	A2		one of the most beautiful Names of God: The Protector
2302	كِيس	noun	41.36	61.05	28.03	0.46	0.09	C1		bag, sack
2303	صَدْمَة	noun	41.34	57.44	29.75	0.98	0.02	B2		shock
2304	مُخَصَّص	adj	41.27	12.49	94.71	0.98	0.00	A2		passive participle of خَصَّصَ (ḵaṣṣaṣa) › allocated, reserved, dedicated, devote…
2305	أَسْعَد	adj,verb,name	41.26	38.14	44.63	0.36	0.43	C2		elative degree of سَعِيد (saʕīd): › happier; happiest
2306	مُنْتَخَب	noun	41.25	3.37	350.20	0.99	0.01	A1		elected candidate
2307	سَكِرَ	verb,adj	41.24	25.98	45.47	0.03	0.96	A2		to get drunk, to become intoxicated
2308	كَاسَ	verb	41.23	45.11	37.69	0.43	0.09			to walk with one foot less; to coil oneself up
2309	قِيَاس	noun	41.22	16.63	70.93	1.00	0.00	A2		size, dimension, measurement
2310	شَال	noun,verb	41.17	30.53	55.53	0.59	0.40			certain fishes › Synodontis spp.
2311	سِبَاق	noun	41.15	35.76	47.36	0.00	1.00	C1		race
2312	غِيَاب	noun	41.14	18.04	93.80	0.76	0.22	B1		absence
2313	مُعَقَّد	adj	41.12	56.93	29.70	1.00	0.00	B2		tied in many knots
2314	حَفِظَ	verb	41.04	17.05	98.81	0.29	0.71	B2		to preserve, to conserve
2315	مُخْتَبَر	noun	41.02	51.02	32.99	1.00	0.00	B1		laboratory
2316	رَيّ	noun	41.02	39.51	42.59	0.45	0.40	B2		irrigation, watering
2317	تَحَقُّق	noun	41.01	31.45	37.14	1.00	0.00	A1		verification, assurance
2318	تِقْنِيَة	noun	40.95	18.45	90.90	0.00	0.00	B2		technique
2319	تَطَلَّعَ	verb	40.95	40.88	41.01	0.87	0.00	B1		to look out
2320	غَدَاء	noun	40.94	98.06	17.09	1.00	0.00	C2		lunch
2321	طَوْر	noun	40.94	36.74	31.68	0.97	0.03	A2		time, stage, phase
2322	غَرَفَ	verb	40.84	19.40	85.97	0.00	0.00			to lade out, to scoop
2323	فَارِق	noun	40.80	23.66	70.37	0.96	0.00	B1		a difference
2324	أَنَّى	adv,verb	40.80	130.71	12.73	0.00	0.14			how
2325	دَافِع	noun	40.64	28.59	40.12	0.92	0.06	A2		motivator, stimulus, driver
2326	لَعِين	adj	40.60	324.02	5.09	0.75	0.05	B2		cursed, execrable
2327	تَوْصِيل	noun	40.58	32.91	50.05	0.99	0.01	C2		bringing or putting together, connecting, plugging
2328	تَصَوَّرَ	verb	40.55	39.02	29.27	0.66	0.34	A2		to be or become formed, fashioned, figured, shaped, sculptured, pictured, portra…
2329	تَجْهِيز	noun	40.51	20.74	79.10	1.00	0.00	B2		preparation
2330	وِدِّيّ	adj	40.49	26.25	62.45	0.79	0.07	B2		friendly
2331	دَمْع	noun	40.46	25.25	64.85	0.99	0.01	B2		tears
2332	مُبَارَك	adj	40.42	11.04	148.02	0.60	0.40			blessed
2333	كُورِيّ	adj	40.40	21.05	77.54	0.80	0.06			Korean
2334	سَقْف	noun	40.39	36.27	44.97	0.99	0.01	B1		ceiling
2335	اِرْتِبَاط	noun	40.34	12.07	134.89	0.99	0.00	B2		link, connection, correlation
2336	مُرْتَفِع	adj	40.29	26.29	42.88	0.45	0.55	A2		high, elevated, lofty
2337	بَعَثَ	verb	40.28	20.02	56.27	0.98	0.02	A2		to awake
2338	مُعَسْكَر	noun	40.21	27.03	59.80	1.00	0.00	B1		camp
2339	قَاتَلَ	verb	40.18	64.40	17.41	0.91	0.09	A2		to combat, to battle, to fight
2340	خَاضَ	verb	40.16	26.50	60.87	1.00	0.00	C2		to wade into
2341	مَائِيّ	adj	40.15	24.50	65.77	0.74	0.09	B2		aquatic
2342	رَاقَبَ	verb	40.14	109.64	14.70	0.97	0.03	B2		to keep track, monitor
2343	أَوَّهَ	verb	40.10	1101.91	1.46	0.99	0.00			to moan, sigh
2344	هَزِيمَة	noun	40.07	30.76	52.20	1.00	0.00	B1		debacle, defeat
2345	لِلّٰهِ	phrase	40.07	29.17	55.04	0.00	1.00			Used other than figuratively or idiomatically: see لِـ (li-), الله (allāh).
2346	حِكَايَة	noun	40.03	19.61	81.72	0.99	0.00	B1		story, tale
2347	غِطَاء	noun	40.02	44.99	35.60	0.97	0.03	B1		cover
2348	بَعُدَ	verb	39.97	36.58	30.34	0.86	0.14	A1		to be distant, afar, to become distant, go away (مِنْ (min) or عَنْ (ʕan) from)
2349	صَعِدَ	verb	39.97	64.08	24.93	0.77	0.20	C2		to go up, to ascend, to rise
2350	كُتْلَة	noun	39.96	18.26	87.46	1.00	0.00	B1		clump, mass, agglomeration, cluster
2351	مَعِدَة	noun	39.96	38.00	42.03	0.00	0.02	C2		stomach, belly
2352	ذَالَ	verb,noun	39.91	88.29	18.04	0.64	0.07			to drag (of a garment)
2353	يَدِيَ	verb	39.90	72.32	22.02	0.00	0.01			to have withered hand or be weak in hand
2354	أَطْوَل	adj	39.87	59.33	26.79	1.00	0.00	B2		elative degree of طَوِيل (ṭawīl): › longer; longest
2355	تُوُفِّيَ	verb	39.87	31.58	34.95	0.00	0.00	A2		to die
2356	سِيف	noun	39.84	30.33	36.34	0.01	0.99	A2		coast
2357	خَاطِئَة	noun	39.83	46.25	34.31	0.00	0.00			sin, sinfulness
2358	بَصْمَة	noun	39.80	52.45	30.20	0.98	0.02	B2		print, fingerprint, mark, footprint, imprint
2359	عَرُوس	noun	39.76	23.29	67.89	0.76	0.21	B1		bridegroom
2360	أَمِيرِكِيّ	adj	39.67	5.75	273.86	0.00	0.86			American
2361	مُتَحَرِّك	adj	39.65	22.70	69.25	0.97	0.00	C2		mobile, movable, moving, loose, oscillating
2362	صَمَتَ	verb	39.62	66.78	16.32	0.61	0.39	A2		to be silent, to be taciturn, to hold one's tongue, to hush up, to be quiet, to …
2363	عَدَسَة	noun	39.61	9.41	166.81	0.99	0.01	C1		lentil
2364	صَبْر	noun	39.58	20.69	52.58	0.91	0.09	A2		fettering, shackling
2365	اِضْطِرَاب	noun	39.57	30.09	52.05	0.49	0.00	B1		disturbance
2366	تِلْمِيذ	noun	39.52	12.06	89.95	1.00	0.00	A2		pupil, student, disciple
2367	رَبِحَ	verb	39.51	55.60	19.50	0.81	0.19	A2		to win, to gain; to profit
2368	أَيَّدَ	verb	39.49	38.15	40.88	0.75	0.14	C1		to support, to endorse, to back
2369	مُفَاوَضَة	noun	39.43	9.01	119.87	1.00	0.00	A2		negotiation, parley, talk
2370	شَائِع	adj	39.33	26.78	57.77	0.95	0.00	B1		circulating, in vogue, in the public sphere, in common use, common
2371	آبَ	verb,adj,name	39.32	40.81	37.88	0.00	0.69	B2		to return, to come back
2372	عَصِير	noun	39.31	37.45	28.66	0.88	0.12	A2		juice
2373	دِيكُور	noun	39.24	5.52	279.13	1.00	0.00			decor, decoration.
2374	نُخْبَة	noun	39.24	31.95	48.19	1.00	0.00	B2		elite, cream, the best part
2375	شَبَح	noun,verb	39.23	87.89	17.51	0.98	0.00	C2		specter, ghost, apparition, phantom, spirit
2376	اِنْحِرَاف	noun	39.21	4.06	378.27	1.00	0.00	C1		deviation
2377	مَنْطِقِيّ	adj	39.21	69.62	22.08	0.99	0.00	B1		logical, rational, reasonable
2378	ظَالِم	adj	39.15	39.71	38.60	0.36	0.64	B1		active participle of ظَلَمَ (ẓalama) › unjust; tyrannical, oppressing, iniquitou…
2379	صَالَة	noun	39.10	27.40	55.79	0.97	0.02	C1		hall, large room
2380	سُمْعَة	noun	39.08	52.28	29.22	0.53	0.45	B2		reputation, honor, fame
2381	دِيك	noun	39.05	84.15	12.58	0.14	0.80	A2		rooster; cock
2382	جِنَائِيّ	adj	39.03	25.46	59.85	0.95	0.00	B1		criminal
2383	فَعَّال	adj	39.01	16.18	65.31	0.87	0.13	A1		who does things or realizes them; effecting
2384	رَقْمِيّ	adj	39.00	21.26	71.56	0.94	0.06	B1		numerical
2385	وَشْك	noun	38.95	157.62	9.63	1.00	0.00			speed, swiftness
2386	نَشَّأَ	verb	38.86	8.93	117.45	0.00	0.98	A2		to nurture
2387	تَجَنَّبَ	verb	38.75	29.14	51.53	0.74	0.26	B1		to avoid, to shun
2388	خَمْسُونَ	adj,num	38.71	33.35	31.21	0.00	0.46	A1		fiftieth
2389	تَصْدِيق	noun	38.70	70.41	21.27	1.00	0.00	B2		believing
2390	إِيجَابِيّ	adj	38.67	15.64	95.60	0.94	0.00	B2		positive, affirmative
2391	رَاهِن	noun,adj	38.60	25.20	59.13	0.96	0.04	B2		active participle of رَهَنَ (rahana) › pledger, mortgagor
2392	جَرَّبَ	verb	38.58	80.34	18.53	0.88	0.11	C2		to experience
2393	مِسْكِين	adj	38.54	77.47	19.17	0.98	0.00	B2		poor
2394	حَارّ	adj	38.44	43.14	34.25	0.73	0.27	B1		hot, burning
2395	سُودَانِيّ	adj	38.43	9.28	159.18	0.94	0.00			Sudanese
2396	مَجْمُوع	noun,adj	38.42	18.18	56.39	0.96	0.04	A2		sum, crowd
2397	مَوَّنَ	verb	38.39	68.56	21.49	0.89	0.11			to supply with food or provide catering services
2398	مُتَمَيِّز	adj	38.33	4.25	239.95	0.99	0.00	A2		distinguished, distinctive
2399	مُعْجَب	adj,noun	38.32	109.87	13.36	1.00	0.00	B2		pleased
2400	عِطْر	noun	38.29	13.35	109.85	0.99	0.01	B1		perfume, scent
2401	مَقَام	noun	38.28	19.66	51.77	0.88	0.12	A2		place, spot
2402	رُخْصَة	noun	38.26	31.83	45.98	1.00	0.00	C2		permission
2403	قَارَبَ	verb	38.24	40.56	36.06	0.67	0.33	B1		to be one coming near or close to something, to be an approacher, to be almost a…
2404	مَسْجِد	noun	38.24	5.12	198.25	1.00	0.00	A1		mosque
2405	حُجَّة	noun	38.24	17.36	84.26	0.98	0.02	B2		argument (for or against something) › piece of evidence, proof, legal record
2406	قَانُونِيَّة	noun	38.15	20.17	72.14	0.00	0.00			legality
2407	اِمْرُؤ	noun	38.14	46.62	31.20	0.00	0.09			person; human being; “one”
2408	مَانَعَ	verb	38.11	127.21	11.42	0.85	0.14	B1		to resist, to oppose, to counteract, to rise up against, to stand up against
2409	خَزَّان	noun	38.09	29.99	48.38	0.35	0.63	C1		dam
2410	سَائِل	noun	38.09	30.31	47.86	1.00	0.00	B1		questioner, petitioner, asker
2411	لَيِّن	adj	38.08	48.00	30.21	0.88	0.10	C1		soft
2412	عَاشِق	noun,adj	38.06	19.61	73.86	1.00	0.00	C2		admirer, lover, adorer
2413	نِدَاء	noun,name	38.00	28.25	51.12	0.89	0.02	B1		call, appeal (e.g., for help)
2414	تَسْوِيَة	noun	37.98	20.76	69.46	0.95	0.00	C1		settlement
2415	هِجْرَة	noun	37.96	15.72	91.66	0.98	0.02	B2		migration, emigration, immigration
2416	خَالِد	adj,name	37.96	11.76	122.55	0.17	0.82	B2		immortal; glorious; eternal
2417	مُعَارَضَة	noun	37.93	6.01	166.14	1.00	0.00	A1		resistance, opposition
2418	خَشَب	noun	37.92	33.71	42.64	0.81	0.00	B1		wood, lumber, timber
2419	مَخْلُوق	noun	37.91	61.49	23.38	0.99	0.00	B1		creature
2420	شَرَف	noun	37.86	38.37	37.35	0.00	1.00	B1		elevated place
2421	اِبْتِدَائِيّ	adj	37.84	4.84	295.89	0.59	0.01			initial
2422	حِزَام	noun	37.83	40.35	35.46	0.75	0.18	B2		belt, girth, waistband
2423	تَحْسِين	noun	37.81	13.04	109.64	0.71	0.26	B1		amelioration, betterment, improvement, beautification
2424	آلَمَ	verb	37.78	51.04	27.97	0.03	0.76			to hurt, to cause pain to
2425	اِسْتِخْبَار	noun	37.75	36.03	39.55	0.00	0.00	B1		intelligence
2426	أَيْسَر	adj,verb	37.74	36.88	38.63	0.85	0.10	B2		elative degree of يَسِير (yasīr): › easier; easiest
2427	ثَلَّاجَة	noun	37.72	22.54	43.83	0.97	0.00	A1		refrigerator
2428	أَنْزَلَ	verb	37.69	57.82	24.57	0.08	0.09	B1		to make go down, to get down
2429	ذِي	pron	37.65	26.20	54.11	0.00	0.00			this (feminine singular of ذا)
2430	حَائِط	noun	37.63	50.21	28.20	1.00	0.00	B1		wall
2431	تَوَتُّر	noun	37.56	23.52	59.98	0.88	0.02	B1		tension (“psychological state”)
2432	خَاطِر	noun	37.55	7.65	184.29	1.00	0.00	B2		thought, notion (especially a spontaneous one)
2433	ثَقَافِيّ	adj	37.55	3.97	354.73	0.95	0.00	B1		cultural
2434	رَقَبَة	noun	37.51	37.20	26.27	1.00	0.00	A2		neck
2435	أَلَّ	verb	37.51	14.69	95.79	0.00	0.11			to be agitated
2436	زَمَان	noun	37.45	15.97	87.80	0.89	0.08	C2		time
2437	رَادْيُو	noun	37.44	35.43	27.47	1.00	0.00	A2		radio
2438	حُزْن	noun	37.43	26.66	36.50	0.25	0.75	A2		sadness, grief, sorrow
2439	اِعْتِذَار	noun	37.41	48.93	28.60	1.00	0.00	B2		apology
2440	أَصْدَرَ	verb	37.39	11.97	116.82	0.74	0.19	B1		to issue
2441	مُرَبَّع	noun,adj	37.35	19.50	71.54	1.00	0.00	B1		square, quadrangular piece
2442	تَارِيخِيّ	adj	37.32	9.99	139.46	0.97	0.00	B1		historical
2443	عَضَلَة	noun	37.31	33.58	41.46	1.00	0.00	C2		muscle
2444	سَلْبِيّ	adj	37.31	18.40	75.63	0.89	0.03	C1		negative (not positive or neutral)
2445	مُغَامَرَة	noun	37.30	22.28	43.38	1.00	0.00	A1		adventure; hazardous enterprise; hazard; risk
2446	مُصَمِّم	noun	37.25	18.09	76.70	1.00	0.00	C2		designer
2447	تَوَصَّلَ	verb	37.24	19.20	50.15	0.91	0.09	A2		to obtain access [with إِلَى (ʔilā) ‘to something’] (through friendship)
2448	مُنْشَأَة	noun	37.23	12.30	112.69	1.00	0.00	C1		facility
2449	تَ	prep	37.22	21.26	65.15	0.89	0.01			particle denoting an oath, used only in تَٱللّٰهِ (tal-lāhi)
2450	عُبُور	noun	37.19	33.57	41.21	1.00	0.00	B2		crossing, passing
2451	وَرَم	noun	37.17	37.12	37.22	0.99	0.01	C1		tumor
2452	هَجْمَة	noun	37.16	15.76	87.61	1.00	0.00	B1		attack
2453	مَقْهًى	noun	37.15	21.59	44.41	0.98	0.00	A2		café, coffeehouse
2454	نَفَذَ	verb	37.07	29.76	46.17	0.02	0.98	B1		to pierce, to penetrate
2455	مَنْظَر	noun	37.07	34.64	39.66	1.00	0.00	B2		sight
2456	أَوَى	verb	37.00	75.59	18.11	0.85	0.15			to look for shelter
2457	تَلَعَّبَ	verb	36.99	57.39	23.84	0.00	0.00			to play, to act playfully
2458	مُسَدَّس	noun	36.98	149.30	9.16	0.93	0.00	B2		hexagon
2459	عَيْب	noun	36.96	26.52	51.53	1.00	0.00	B1		fault, defect, deficiency, failing
2460	ذَاهِب	verb	36.91	282.38	4.82	1.00	0.00			going
2461	قِدِّيس	noun,adj	36.86	31.44	43.22	1.00	0.00	B1		saint
2462	إِيَّاهُ	pron	36.86	76.42	17.78	0.00	0.00			him, it (third person masculine singular object pronoun)
2463	شُجَاع	adj	36.82	51.33	18.34	0.41	0.59	A1		brave, courageous, plucky, bold
2464	إِدْخَال	noun	36.82	18.48	73.34	1.00	0.00	B1		introducing
2465	سَمَاع	noun,verb	36.81	87.63	15.46	0.00	0.98	B2		attestation (perceived as a form of hearing or receiving)
2466	جَيْب	noun	36.75	38.90	34.73	0.73	0.27	B1		opening in a garment › neckline, collar
2467	دَقَّة	noun	36.71	18.44	50.74	0.10	0.90	A1		resolution
2468	إِفْطَار	noun	36.71	34.98	38.52	1.00	0.00	C2		breaking of fasting
2469	نَصْر	noun	36.67	12.18	76.66	0.14	0.86	A1		victory, triumph
2470	سَنّ	noun,verb	36.65	23.47	39.75	0.13	0.84	A1		prescription, introduction, enactment
2471	أَرْضِيّ	adj,noun	36.63	30.28	44.32	0.41	0.40	B1		earthly, terrestrial
2472	اِنْخَفَضَ	verb	36.61	29.64	45.22	0.99	0.01	B2		to go down, to decline, to drop, to decrease
2473	اِتَّضَحَ	verb	36.60	44.00	30.45	1.00	0.00	C1		to become manifest
2474	وَسِيط	noun,adj	36.60	11.27	118.85	1.00	0.00	C1		broker, middleman, intercessor, mediator
2475	شَرْعِيَّة	noun	36.55	12.60	106.02	0.00	0.60	B2		legality, lawfulness
2476	خَيَال	noun	36.55	28.67	46.59	0.99	0.00	B1		imagination
2477	حَوَّلَ	verb	36.51	35.74	37.31	0.20	0.80	B1		to change, to transform, to convert, to turn (into), to make
2478	شَهْرِيّ	adj	36.49	9.36	98.76	0.98	0.00	A2		monthly
2479	اِلْتِهَاب	noun	36.44	20.76	63.99	1.00	0.00	B2		burning
2480	غَنَّى	verb	36.43	47.12	28.17	0.46	0.48	B1		to sing
2481	تَذْكِرَة	noun	36.43	55.98	23.70	0.55	0.01	C2		memorandum, admonition
2482	بَيْض	noun	36.41	47.20	28.09	0.30	0.70	B1		eggs
2483	آدَم	noun,adj,name	36.40	26.35	50.27	0.00	1.00			human
2484	رِيف	noun	36.39	15.98	82.87	0.99	0.01	B1		countryside, rural area, thorp land
2485	سِيَاحِيّ	adj	36.39	4.65	197.67	0.95	0.00	A1		tourist
2486	راحِل	adj	36.38	19.73	67.07	0.99	0.01	B1		leaving, outgoing, departing
2487	نَفَّذَ	verb	36.37	29.76	44.43	0.00	1.00	B1		to carry out, to execute
2488	اِنْسِحَاب	noun	36.33	11.79	77.74	1.00	0.00	A2		retreat, evacuation, withdrawal
2489	وَصْفَة	noun	36.32	21.21	62.18	0.17	0.47	B2		prescription
2490	تَتَبَّعَ	verb	36.29	40.18	32.78	0.14	0.00	B1		to pursue, investigate, examine
2491	حِذْر	noun	36.20	52.46	17.35	0.30	0.70	A2		caution, care, precaution
2492	رَسَمَ	verb	36.19	32.86	27.68	0.94	0.06	A2		to draw, to trace, to sketch, to depict, to portray, to outline, to paint
2493	حَرْق	noun	36.19	34.14	38.36	0.98	0.01	C1		burning, incineration
2494	مَوْضِع	noun	36.19	16.86	53.94	1.00	0.00	A1		position
2495	وَتَر	noun,verb	36.18	24.46	53.52	0.80	0.14	C2		string
2496	عَاصِفَة	noun	36.18	39.70	22.90	0.53	0.43	A1		storm
2497	أُنْبُوب	noun	36.17	38.76	33.75	1.00	0.00	B1		tube, pipe
2498	وَرِيد	noun	36.11	22.22	58.68	0.29	0.71	C2		vein
2499	لَطِيفَة	noun	36.11	96.26	13.54	0.00	0.00			witticism, quip
2500	أَسِير	noun	35.98	12.99	69.21	0.68	0.13	A2		prisoner of war, captive
2501	وَارِد	noun	35.92	17.29	51.80	0.57	0.43	A2		one who descends, especially to a watering place
2502	تَكْرَار	noun	35.90	29.45	43.76	0.96	0.04	B1		repetition, reiteration
2503	نَفَعَ	verb	35.89	37.32	34.51	0.86	0.14	B1		to profit, to benefit
2504	إِعْجَاب	noun	35.88	36.03	35.74	0.98	0.01	C2		admiration
2505	شَرَاب	noun	35.84	120.25	10.68	0.54	0.46	C1		drink, beverage
2506	سِلْعَة	noun	35.80	6.65	192.82	1.00	0.00	B2		commodity, good, article, piece of merchandise
2507	مَرْسُوم	noun,verb	35.79	12.76	100.45	0.73	0.13	B1		decree, command
2508	إِلَيْكُمْ	adv	35.79	41.51	30.85	0.00	0.00			to you
2509	حِفْظ	noun	35.77	14.03	91.19	0.23	0.77	B2		preservation, maintenance, conservation, upholding
2510	بَابَا	noun	35.76	27.50	46.49	0.00	0.93	B2		pope, patriarch
2511	خَيْرِيّ	adj,noun	35.75	17.83	71.71	0.94	0.03	B1		charitable, bounteous
2512	وَاقِعَة	noun	35.74	15.23	83.86	0.28	0.35	B2		event, incident
2513	قُفْل	noun	35.72	30.69	28.88	0.53	0.00	A2		Audio: (file)
2514	حَدَا	verb	35.71	38.22	33.37	0.37	0.57			to spur on, to instigate
2515	مُراهِق	noun	35.68	31.81	40.03	0.10	0.00	B2		adolescent, teenager
2516	سَرَاح	noun	35.67	45.81	27.77	0.65	0.35			release, discharge, dismissal
2517	اِدَّعَى	verb	35.65	32.82	38.73	0.25	0.75	C1		to claim, to pretend, to allege, to maintain
2518	اِسْتَيْقَظَ	verb	35.60	133.55	9.49	0.95	0.05	B1		to wake up
2519	أَفْهَمَ	verb,adj	35.59	245.14	5.17	0.04	0.00			to make understand
2520	مَثَابَة	noun	35.59	28.27	44.80	1.00	0.00			refuge, resort
2521	مُحِقّ	adj	35.57	251.79	5.02	0.89	0.09			telling the truth, in the right
2522	سَخِيف	adj	35.56	152.36	5.76	1.00	0.00	A2		stupid, absurd, ridiculous, silly
2523	خَيْل	noun	35.55	33.37	37.86	1.00	0.00	B2		horses
2524	جَسَدِيّ	adj	35.53	46.84	26.95	0.00	0.05	C1		physical, bodily
2525	قَوْم	noun	35.49	22.48	38.91	0.05	0.95	A1		people, nation, tribe, folk
2526	عَمِيد	noun	35.47	14.67	85.76	0.99	0.01	B1		headman, dean
2527	اِنْتَبَهَ	verb	35.42	93.60	13.40	0.92	0.08			to be careful, to be on one's guard, to think about what one is doing
2528	أَلْغَى	verb	35.38	32.24	38.83	0.86	0.11	C1		to cancel, to call off (e.g., a meeting)
2529	كَارَى	verb	35.35	52.30	23.89	0.55	0.19			to rent out, to rent to, to hire out, to lease out, to give on rent
2530	حَرَم	noun,verb,adj	35.32	13.97	89.31	0.87	0.13	B2		sacred object, sacred possession
2531	مِيزَة	noun	35.26	10.54	117.91	1.00	0.00	B2		advantage, feature
2532	اِشْتِرَاك	noun	35.20	4.47	277.13	0.99	0.00	B1		partnership
2533	تَمَسَّكَ	verb	35.16	39.41	31.37	0.82	0.18	B1		to hold on, hold fast, clutch (بِ (bi))
2534	مَجْرًى	noun	35.07	21.19	58.02	0.87	0.00	B2		gutter, channel, canalization
2535	نِيل	noun	35.05	52.85	23.24	0.91	0.09	B2		indigo (Indigofera)
2536	جَرَّاء	noun	35.03	17.25	71.14	1.00	0.00			only used in مِنْ جَرَّاءِ (min jarrāʔi)
2537	أَخْلَاقِيّ	adj	35.03	17.70	48.15	1.00	0.00	A1		moral, ethical
2538	طَالَ	verb	35.03	22.39	54.81	0.70	0.30	B1		to benefit, to bestow favors on
2539	بَارَكَ	verb	34.99	33.03	25.74	0.16	0.82	A2		to bless
2540	مُخَالَفَة	noun	34.99	14.05	87.14	0.00	0.45			minor offence, infraction
2541	هَوْل	noun	34.94	94.74	12.89	0.98	0.00	C2		fright, terror, anything fearful
2542	مُتَّصِل	adj	34.93	27.74	44.00	1.00	0.00	B1		persistent, continuous, continual, unceasing, uninterrupted
2543	فِعْلِيّ	adj	34.93	21.92	38.64	0.96	0.00	A2		actual, real
2544	تِنِس	noun	34.89	23.69	35.68	0.63	0.00	A2		tennis
2545	مُسَجِّل	noun	34.82	14.45	83.95	0.99	0.00	B1		registrar, notary public
2546	مِثْلِيّ	adj,noun	34.80	80.57	15.03	0.08	0.07			sexually attracted to the same sex, homosexual
2547	بِمُنَاسَبَةِ	prep	34.76	10.54	114.61	0.00	0.00			with reference to
2548	صَعُبَ	verb	34.75	28.98	28.94	0.99	0.01	A1		to be hard, difficult
2549	مُصْطَلَح	noun	34.75	13.70	61.19	1.00	0.00	A2		term
2550	أُسْطُورَة	noun	34.74	36.83	32.78	1.00	0.00	B1		myth, fable, tale, legend, story especially full of embellishments
2551	مُرِيح	adj	34.74	39.01	30.93	1.00	0.00	B1		comfortable (of a thing)
2552	كَسَبَ	verb	34.74	35.63	33.87	0.59	0.41	B1		to win (a struggle or war)
2553	وَرَدَ	verb	34.71	8.59	97.37	0.01	0.15	A1		to come, to arrive
2554	أَرْشِيف	noun	34.69	3.61	333.11	1.00	0.00	B2		archive
2555	أَمِيرَة	noun	34.68	33.21	25.15	0.00	0.61	A2		female equivalent of أَمِير (ʔamīr): › princess
2556	غَضَا	verb,noun	34.66	39.40	30.50	0.00	0.03			to be dark and cover everything
2557	عَظِيمَة	noun	34.65	64.23	18.70	0.00	0.00			misfortune, affliction, calamity
2558	كَوَى	verb	34.65	43.37	27.69	0.82	0.15			to sear, to cauterize
2559	رَخِيص	adj	34.63	33.92	35.36	0.79	0.03	C2		cheap (“low in price”)
2560	هَيْكَل	noun,name	34.61	16.83	49.42	0.99	0.00	A2		temple
2561	إِرَادَة	noun	34.58	13.53	61.37	0.56	0.08	A2		will, intention, desire
2562	عُلْبَة	noun	34.57	52.76	22.64	1.00	0.00	C1		box, chest, trunk, can
2563	صَوَاب	noun,adj	34.55	64.48	18.51	1.00	0.00	B1		correctness, right
2564	أَلْبُوم	noun	34.55	13.73	60.38	0.52	0.17	A1		album
2565	نَبِيل	adj,name	34.50	29.96	39.74	0.62	0.38	B1		noble, of noble lineage, honored, celebrated
2566	حَكِيم	adj,noun	34.43	19.52	42.18	0.47	0.53	A2		wise
2567	كَرَا	verb	34.43	13.89	85.32	0.56	0.06			to dig, to excavate
2568	تَرْفِيه	noun	34.39	9.81	120.53	0.84	0.02	C2		verbal noun of رَفَّهَ (raffaha) (form II) › recreation
2569	تَوَقُّع	noun	34.39	10.39	79.07	0.04	0.07	A2		expectation
2570	لَيْلًا	adv	34.32	38.12	30.90	0.00	0.00	C2		by night
2571	لَيْلِيّ	adj	34.29	76.51	15.37	0.93	0.07	C2		related to night; nocturnal
2572	اِسْتَعَدَّ	verb	34.28	47.84	24.56	0.40	0.60			to prepare oneself for (intransitive), be ready, be prepared
2573	أَصْلًا	adv	34.28	36.58	32.12	0.00	0.00			originally
2574	وِلَادَة	noun	34.25	24.13	48.62	0.00	0.93	B1		birth (process of childbearing)
2575	صَخْر	noun	34.20	38.89	30.08	1.00	0.00	B2		rocks
2576	نَقْص	noun	34.20	10.14	80.10	0.20	0.80	A2		reduction
2577	حَافِل	adj	34.16	37.83	30.85	0.62	0.38	C1		rich in, full of
2578	وَرْدِيّ	adj	34.14	17.73	45.64	0.87	0.00	A1		pertaining to or made up of flowers, flower-, floral
2579	آمَ	verb	34.10	99.08	11.74	0.00	0.34			to respire thirstily
2580	بَائِع	noun	34.09	21.07	55.15	0.92	0.01	B1		seller
2581	تَعِبَ	verb,adj	34.07	40.99	28.32	1.00	0.00	B1		to get tired, to wear oneself out
2582	تَعَيَّنَ	verb	34.06	36.82	31.51	0.82	0.00			to be appointed, to be assigned, to be named, to be nominated
2583	مَفْرُوض	adj	34.03	22.59	35.60	1.00	0.00	A2		imposed, enforced
2584	كَفَّ	verb,noun	34.03	28.15	28.56	0.94	0.06	A2		to desist or to cease
2585	مَلِكَة	noun	34.01	52.18	22.17	0.00	1.00	B1		queen
2586	مَخْزَن	noun	34.00	35.70	32.39	0.98	0.00	B1		storeroom, storehouse
2587	قَفَزَ	verb	33.96	70.56	16.34	0.97	0.03	B2		to jump, to leap
2588	وَيْس	intj	33.95	59.53	19.36	0.00	0.93			a word used to denote compassion, or pity, and admiration of one's beauty
2589	حَمْض	noun	33.95	48.18	23.92	1.00	0.00			acid
2590	مُعْتَاد	adj	33.92	55.03	20.91	1.00	0.00	B2		common, usual, normal
2591	وِعَاء	noun	33.89	29.42	39.04	1.00	0.00	C2		vessel, container, bowl
2592	تَفْعِيل	noun	33.85	8.37	136.94	0.98	0.00	B1		activation
2593	رَأْسِيّ	adj	33.82	67.91	16.84	0.07	0.01	B2		vertical
2594	عَدْل	noun,adj	33.82	19.79	57.78	0.00	0.98	C1		justice, equity
2595	تَجَاوُز	noun	33.73	14.09	56.05	0.32	0.68	A1		a violation
2596	أَرْضِيَّة	noun	33.66	25.59	44.28	0.53	0.43	B2		floor (“lower part of a room”)
2597	عُنُق	noun,adj	33.65	50.03	22.64	1.00	0.00	B2		neck
2598	فَاكِهَة	noun	33.64	24.43	46.32	0.99	0.00	C2		fruit
2599	إِفْرِيقِيّ	noun,adj	33.62	7.07	159.75	0.00	0.06			African
2600	جَهَّزَ	verb	33.62	39.33	28.73	0.66	0.34	C2		to ready, to prepare, to furnish
2601	مُقَاوِم	noun,adj	33.61	12.28	91.96	0.18	0.82	C1		resistor
2602	مُمَرِّض	noun	33.61	49.19	22.96	0.97	0.00			nurse (person who takes care of the sick)
2603	مَزْرَعَة	noun	33.55	37.97	29.65	0.00	0.44	B1		farm
2604	سِكِّين	noun	33.55	62.55	17.99	1.00	0.00	C2		knife
2605	مَسَكَ	verb	33.51	65.93	17.03	0.16	0.84	B2		to grab, grasp, clutch, clasp, seize, take hold
2606	إِي	adv,particle	33.49	44.94	24.96	0.71	0.28			yes
2607	فِرَاش	noun	33.49	63.15	17.76	0.98	0.02	C1		cushion, pillow
2608	أَقَرَّ	verb	33.47	14.67	76.39	0.80	0.15	C1		to ratify, to uphold, to adopt, to sanction, to settle, to approve, to affirm, t…
2609	شَحَنَ	verb	33.47	10.20	109.78	0.55	0.03	C2		to fill, to load
2610	دَمَوِيّ	adj	33.46	23.83	46.99	1.00	0.00	B2		related to blood
2611	حَضَارَة	noun	33.45	11.58	96.63	0.70	0.00	B1		civilization
2612	دَيْن	noun	33.44	20.58	37.72	0.92	0.08	A1		debt, debit, liability, pecuniary, obligation, financial claim
2613	رُجُوع	noun	33.43	21.78	35.64	1.00	0.00	A2		return
2614	مِلْح	noun,adj	33.40	16.61	46.65	0.94	0.06	A2		salt
2615	جَذَّاب	adj	33.31	40.80	18.88	1.00	0.00	A2		attractive, attracting powerfully
2616	اِلْتَقَطَ	verb	33.30	68.54	16.18	0.99	0.01	B2		to pick up (especially from the ground), to pull up, to catch, to gather
2617	اِنْتِشَار	noun	33.27	10.75	102.96	1.00	0.00	B1		spread, proliferation
2618	شَفْرَة	noun	33.26	32.83	33.71	0.72	0.01	C2		large knife
2619	اِسْتَقْبَلَ	verb	33.21	8.42	131.02	1.00	0.00	C1		to receive (a person, radio broadcast, etc.)
2620	لَهَا	verb	33.21	70.81	15.58	0.03	0.97	B1		to divert oneself, to fool around, to putz around
2621	شُرْفَة	noun	33.21	38.02	29.01	0.41	0.59	B1		veranda
2622	مَنْطِق	noun	33.19	19.68	56.00	0.89	0.06	B1		logic, dialectic
2623	خَصْم	noun	33.19	17.14	64.26	1.00	0.00	B2		adversary, opponent
2624	بَطْن	noun	33.16	24.75	44.43	0.58	0.13	B2		stomach, abdomen
2625	مَسْرَحِيّ	adj	33.16	16.32	67.38	0.30	0.39	B1		theatrical, scenic, dramatic
2626	إِنْجِيل	noun	33.15	43.96	24.99	1.00	0.00	B1		the Gospel, the evangel
2627	لِيف	noun	33.11	31.96	34.31	0.96	0.04	C1		fibres, spongy interior of a plant
2628	خَانَ	verb,noun	33.10	39.77	27.54	0.64	0.36	B2		to be disloyal, to be faithless, to be false, to be treacherous, to be perfidiou…
2629	مُرَافِق	noun,adj	33.09	20.80	52.66	0.55	0.28	B2		close friend (especially at school), associate, companion
2630	بَعْضًا	adv	33.06	52.37	20.87	0.00	0.00			partly
2631	مِلَفَّة	noun	33.05	17.68	61.78	0.01	0.97			file, dossier, chart
2632	عَيْنِيّ	adj	33.00	44.35	24.56	0.13	0.00	B1		ocular, eye-related
2633	شَفَة	noun	33.00	31.27	24.19	0.88	0.02	A2		lip
2634	اِبْتِعَاد	noun	32.97	24.86	43.72	1.00	0.00			moving away
2635	خَمْر	noun	32.97	54.29	20.02	1.00	0.00	B1		wine
2636	تَوَفَّى	verb	32.96	34.05	31.92	0.97	0.03	C2		to receive in full
2637	سِيجَارَة	noun	32.95	47.72	15.80	0.99	0.01	A1		cigarette
2638	سَارّ	adj,verb	32.93	31.36	34.58	0.16	0.48	B1		pleasant, delightful
2639	أَسْهَل	adj	32.92	52.16	20.78	0.82	0.01	C1		elative degree of سَهْل (sahl): › smoother; smoothest
2640	عَوْن	noun,name	32.88	13.88	77.88	0.46	0.54	C1		help
2641	اِفْتَقَدَ	verb	32.86	78.77	13.71	1.00	0.00			to miss; to lose
2642	أَصْدَق	adj,verb	32.85	156.95	6.88	0.00	0.00	C1		elative degree of صَادِق (ṣādiq): › truer, sincerer; truest, sincerest
2643	أَيْض	noun	32.84	26.11	41.31	0.03	0.97			metabolism
2644	شَدِيدَة	noun	32.84	29.14	37.00	0.00	0.00			misfortune, distress, hardship, discomfort, affliction
2645	سِفَارَة	noun	32.82	10.32	104.34	1.00	0.00	B1		embassy
2646	رَمْل	noun	32.81	22.50	33.24	0.99	0.01	A2		sand
2647	عَالِق	adj	32.80	51.72	20.80	0.96	0.04	C2		stuck
2648	تَمَام	noun,adj	32.79	30.18	35.63	1.00	0.00	B1		completeness, wholeness, entirety
2649	سَبَّبَ	verb	32.77	26.77	27.86	0.00	1.00	A1		to cause, to effect, to trigger, to generate
2650	شَاذّ	noun,adj	32.77	79.27	13.54	1.00	0.00	C1		homosexual or queer
2651	مُسْتَقْبَلِيّ	adj	32.76	23.39	45.88	1.00	0.00	B1		future
2652	مَطْلَب	noun	32.76	6.52	114.34	1.00	0.00	A2		something sought
2653	بِفَضْلِ	prep	32.75	19.23	55.80	0.00	0.00			thanks to
2654	دِبْلُومَاسِيّ	noun,adj	32.75	6.95	107.22	0.79	0.00	A2		diplomat (“person who is accredited to represent a government”)
2655	أَقْسَمَ	verb	32.71	132.56	8.07	0.83	0.02	C1		to swear
2656	حَظْر	noun	32.70	11.44	64.91	1.00	0.00	A2		interdiction, banning, embargo, curfew
2657	تَدْخِين	noun	32.69	30.55	34.97	1.00	0.00	B2		smoking
2658	مُوضَة	noun	32.67	12.07	88.47	0.86	0.00	C2		fashion, trend, style, vogue
2659	إِمَام	noun	32.66	4.45	239.65	0.87	0.13	B1		leader, example, exemplar, paragon
2660	فَسَّرَ	verb	32.65	40.60	26.26	1.00	0.00	B2		to interpret
2661	مُجَاوِر	adj	32.62	21.51	49.48	0.99	0.00	B1		adjacent, neighboring
2662	ذِئْب	noun	32.62	43.98	16.80	1.00	0.00	A2		wolf
2663	قَضِيب	noun	32.57	63.96	16.59	1.00	0.00	B2		branch or twig that has been cut off
2664	مُدَرِّس	noun	32.56	15.84	46.47	0.93	0.06	A2		teacher
2665	سَحَقَ	verb	32.53	45.53	23.24	0.31	0.69	B1		to crush, to thrash, to pestle, to smush, to bruise, to bray, to pound
2666	تَصَدَّرَ	verb	32.51	9.91	74.07	1.00	0.00	A2		to preside, to head, to be in charge of
2667	مُرَاسِل	noun	32.51	13.43	78.68	1.00	0.00	B2		correspondent, reporter, journalist
2668	مَلَكَة	noun	32.51	48.25	21.90	0.00	1.00	B1		possession
2669	مُلَازِم	noun,adj	32.50	74.92	14.10	0.95	0.00	C1		lieutenant
2670	نَسِيج	noun	32.48	23.23	45.42	1.00	0.00	B1		textile, fabric, material
2671	اِنْهِيَار	noun	32.47	19.01	55.46	1.00	0.00	B1		collapse, crash, breakdown
2672	لَبَن	noun	32.47	11.12	65.84	0.48	0.50	A1		اَلْأَلْبَان (al-ʔalbān): dairy products
2673	مُبَكِّرًا	adv	32.47	62.05	16.99	0.00	0.00			early
2674	خَلِيل	noun,name	32.46	22.95	31.88	0.20	0.80	A2		a close friend, an intimate
2675	اِسْتِغْلال	noun	32.44	10.18	71.76	1.00	0.00	A2		exploitation
2676	قُبَّعَة	noun	32.44	57.24	12.77	0.57	0.05	A1		cap, hood, cowl
2677	حَمَاس	noun,name	32.43	14.43	72.90	0.37	0.63	C2		excitement; enthusiasm; zeal
2678	فَهْم	noun	32.43	24.99	29.23	0.05	0.95	A2		understanding, comprehension
2679	بِيتْزَا	noun	32.43	47.12	15.49	1.00	0.00	A2		pizza
2680	مَسِيرَة	noun	32.40	10.56	99.41	0.56	0.44	C2		walk, ride, travel, journey
2681	سَعَة	noun	32.39	30.23	24.09	0.98	0.02	A2		capacity
2682	نَدَا	verb	32.38	73.10	14.34	0.02	0.45			to call
2683	كَنْز	noun	32.37	28.38	36.92	1.00	0.00	B1		treasure
2684	خِيَانَة	noun	32.37	41.47	25.26	0.97	0.00	B2		faithlessness, falseness, disloyalty, treachery, perfidy
2685	أَكَادِيمِيّ	adj,noun	32.35	9.06	115.47	0.97	0.00	B1		academic
2686	اِنْتِحَار	noun	32.35	38.40	18.93	1.00	0.00	A2		suicide
2687	وَلَّادَة	adj	32.34	22.88	45.73	0.00	1.00	B1		fecund, spawning many offsprings, prolific
2688	اِسْتِقْلَال	noun	32.33	4.52	160.74	1.00	0.00	A2		independence
2689	بِيَانُو	noun	32.32	42.00	17.27	0.46	0.00	A1		piano
2690	إِنْسَانِيَّة	noun	32.31	9.36	77.47	0.00	0.57	A1		The condition or quality of being human, humanity
2691	حَائِل	noun,adj	32.31	7.50	139.11	0.28	0.72	C2		anything shifting or moving in (مِن (min)) its place
2692	اِسْتَدْعَى	verb	32.22	30.27	34.29	1.00	0.00	C2		to call for
2693	إِعْدَام	noun	32.21	24.31	42.68	0.90	0.10	B1		execution (act of putting to death or being put to death as a penalty)
2694	غَسِيل	noun,adj	32.20	28.63	36.22	1.00	0.00	C2		washing, cleaning
2695	سَابِقَة	noun	32.20	18.79	55.19	0.00	0.07			a precedent (a past act used as example)
2696	قِطّ	noun	32.09	36.00	19.86	0.76	0.24	A2		cat, tomcat
2697	اِنْتِقَام	noun	32.05	48.92	21.00	1.00	0.00	C2		revenge, vengeance
2698	كَهَٰذَا	adv	31.84	128.64	7.88	0.00	0.00			like this
2699	تَتَرَّكَ	verb	31.83	47.89	21.16	0.00	0.00			To be Turkified, to act Turkish
2700	أَسَنَّ	verb,adj	31.81	29.31	34.53	0.00	0.94			to grow teeth, to cut one’s teeth, to teethe
2701	طَيَّار	noun,adj	31.70	30.80	32.63	1.00	0.00	C2		flyer (person who flies)
2702	نِزَاع	noun	31.64	9.57	72.65	0.68	0.00	A2		conflict, quarrel, dispute, lawsuit, agony
2703	خَطِيب	noun	31.63	30.00	33.36	0.72	0.28	B1		speaker, lecturer
2704	مَجْد	noun	31.57	16.68	59.77	0.82	0.18	B1		glory
2705	كَرَّرَ	verb	31.57	29.04	34.32	0.85	0.09	C2		to repeat, reiterate, redo
2706	مُزْدَوِج	adj	31.56	25.12	27.54	1.00	0.00	A2		double, twofold, two-
2707	نَاتِج	adj,noun	31.56	10.81	64.01	0.99	0.01	A2		resulting, resultant, arising (from)
2708	تَنْسِيق	noun	31.54	4.49	153.81	0.99	0.00	A2		coordination, harmonization
2709	صَرَخَ	verb	31.53	71.47	13.91	1.00	0.00	B2		to scream, to shout, to shriek
2710	هَنَّأَ	verb	31.53	32.64	30.46	0.47	0.53			to make rejoice
2711	مَمَرّ	noun	31.53	44.62	22.28	1.00	0.00	C1		passageway, corridor
2712	تَعْوِيض	noun	31.53	15.83	62.80	1.00	0.00	B1		compensation
2713	وَدَاعًا	intj	31.52	184.18	5.40	0.00	0.00	B1		farewell, adieu, goodbye
2714	مَصْنُوع	adj	31.51	32.10	30.93	1.00	0.00	B1		manufactured, made (of), crafted (from)
2715	غَامِض	adj	31.50	46.16	21.50	1.00	0.00	C2		mysterious
2716	تَوْضِيح	noun	31.48	22.61	43.82	1.00	0.00	B1		clarification, explanation, elucidation, disambiguation
2717	جُزْئِيّ	adj	31.40	20.28	48.63	1.00	0.00	B1		partial
2718	إِعْلَامِيّ	adj,noun	31.40	4.13	238.71	0.88	0.02	B1		media
2719	دِقَّة	noun	31.39	13.47	50.80	0.00	0.97	A1		accuracy, precision
2720	حَزَنَ	verb,noun	31.33	17.48	38.98	0.09	0.91	A2		to make sad, to sadden
2721	كَرَامَة	noun	31.32	10.44	65.24	1.00	0.00	A2		dignity
2722	إِبْدَاع	noun	31.29	4.77	205.31	0.74	0.01	B1		creativity, originality, ingenuity
2723	طِيلَةَ	prep	31.28	39.78	24.60	1.00	0.00	B1		during, throughout
2724	بَقَرَة	noun	31.27	27.14	25.02	0.00	0.79	A2		cow
2725	كَانَا	noun	31.25	46.96	20.80	0.00	0.00			kana (japanese syllabaries)
2726	كَعْك	noun	31.24	105.81	9.23	0.96	0.03	C2		cake(s)
2727	هَدَّدَ	verb	31.22	18.08	53.90	1.00	0.00	B1		to threaten › to make or utter a threat against (someone); to intimidate
2728	مِيزَانِيَّة	noun	31.20	11.82	57.21	0.60	0.02	A2		budget
2729	مُتَحَدِّث	noun	31.20	7.94	122.68	0.14	0.00	B1		spokesman, speaker
2730	دُسْتُور	noun	31.15	6.47	149.97	1.00	0.00	C1		constitution
2731	سُلْطَان	noun	31.15	6.77	99.52	0.59	0.41	A1		power, strength
2732	أَشَدّ	adj	31.14	16.52	40.77	0.82	0.02	A2		elative degree of شَدِيد (šadīd)
2733	بِضَاعَة	noun	31.08	25.17	38.37	1.00	0.00	B2		commodity, goods, merchandise
2734	ثَمِين	adj	31.07	32.56	20.60	0.89	0.00	A1		valuable
2735	فَرَضَ	verb	31.06	6.68	144.47	0.71	0.29	B1		to ordain
2736	مُنْخَفِض	adj	31.04	28.64	33.65	0.62	0.38	B1		low (altitude, frequency, price, etc.)
2737	وَحْشِيّ	adj	31.01	26.09	25.60	0.90	0.00	A1		wild
2738	غْرَام	noun	30.97	22.89	41.90	0.00	0.08	B1		gram (unit of mass)
2739	مُدْهِش	adj	30.93	73.15	13.08	1.00	0.00	B1		amazing
2740	نِعْمَة	noun	30.89	14.02	47.26	0.86	0.14	A2		blessing, grace, benefit
2741	عَقِب	noun,prep	30.89	9.83	67.41	0.00	0.99	A1		heel
2742	صِيغَة	noun	30.89	7.70	86.06	1.00	0.00	A2		form
2743	مُحَارِب	noun,adj	30.88	39.30	24.26	0.76	0.24	B1		belligerent, militant, warrior, fighter, combatant
2744	جَوَاز	noun	30.86	21.25	44.81	1.00	0.00	C2		lawfulness
2745	أَوْلَوِيَّة	noun	30.83	16.01	59.38	0.55	0.00	B1		priority; precedence (an item's relative importance)
2746	غَرَب	noun,verb	30.79	12.45	52.89	0.01	0.91	A1		Euphrates poplar (Populus euphratica)
2747	طَبَّقَ	verb	30.79	16.66	39.53	0.40	0.60	A1		to superpose, to make cover or covered so that there is congruence, to fold into…
2748	هَالَ	verb	30.78	36.61	25.88	0.42	0.22			to frighten
2749	تَسَمَّعَ	verb	30.77	77.00	12.29	0.06	0.06	B1		to give ear, to listen, to lend an ear
2750	رِيَال	noun	30.76	1.76	373.11	1.00	0.00	A1		riyal (the official currency of Saudi Arabia and Qatar).
2751	اِكْتَفَى	verb	30.70	25.41	37.09	1.00	0.00	C2		to content oneself with
2752	آلِيَّة	noun	30.70	15.80	59.66	0.76	0.24	C1		mechanism
2753	مِيعَاد	noun	30.69	25.90	36.37	0.55	0.45	C2		appointment, date
2754	أَنْشَأَ	verb	30.68	7.59	123.93	0.22	0.75	C2		to create, to establish, to found
2755	عُلُوم	noun	30.65	4.09	159.53	0.00	0.00	A1		science
2756	فَأْر	noun	30.65	41.26	22.76	0.79	0.01	B1		mouse, rat
2757	شَقّ	noun,verb	30.61	23.54	27.65	0.66	0.34	A2		a gap; a gash; a fissure; a hollow, a cranny
2758	مُشَاهِد	noun	30.61	12.47	75.15	0.00	0.96	B2		spectator, viewer, onlooker
2759	خَطَبَ	verb	30.61	44.39	21.11	0.04	0.00	B1		to give a speech, lecture, or oration
2760	لَوْح	noun	30.61	27.89	33.58	0.51	0.47	B1		board, tablet, slab, plank, signboard, sign
2761	تَنَاسَبَ	verb	30.58	17.31	54.04	0.68	0.02	B1		to be related to one another
2762	فِيزِيَاء	noun	30.58	14.34	65.21	1.00	0.00	B2		physics
2763	لَوَى	verb	30.55	68.19	13.69	0.43	0.39			to bend, to curve, to contort
2764	كَسَا	verb	30.55	28.72	32.49	0.00	0.43			to clothe, to attire
2765	بِحَسَبِ	prep	30.52	7.87	118.36	0.00	0.00			according to
2766	حَلَا	verb	30.51	30.40	30.63	0.00	0.00			to be sweet or pleasant
2767	تَعَلُّم	noun	30.46	12.47	51.70	1.00	0.00	A2		action of learning
2768	لَوْلَا	conj	30.45	26.66	34.78	0.97	0.03			if not for
2769	سَكَنِيّ	adj	30.44	9.78	94.72	0.94	0.01	C1		residential
2770	رَوْضَة	noun	30.44	4.96	186.84	0.25	0.75	B1		garden, meadow
2771	بَرْلَمَان	noun	30.43	6.29	147.21	1.00	0.00	B2		parliament
2772	اِغْتِيَال	noun	30.42	12.02	76.98	1.00	0.00	C1		verbal noun of اِغْتَالَ (iḡtāla) (form VIII) › assassination
2773	عُقْب	noun	30.40	9.83	65.30	0.00	1.00	A1		end, latter part, consequence, result, issue, butt, that wherewith one is left
2774	جَنَازَة	noun	30.36	41.44	22.25	1.00	0.00	B2		funeral
2775	تَنَفُّس	noun	30.34	62.75	14.67	0.76	0.24	C1		breathing
2776	غَارَ	verb,noun	30.29	33.23	27.61	0.60	0.40			to be jealous
2777	طَرْح	noun	30.24	12.55	72.90	0.33	0.67	C1		expulsion, rejection, repulsion, banishment, repudiation
2778	أَشْرَف	adj,verb,name	30.14	6.28	144.60	0.90	0.03	B1		elative degree of شَرِيف (šarīf): › more noble, more honored; most noble, most h…
2779	آخِر	noun,adj	30.13	14.28	44.13	0.07	0.74	A1		end, conclusion
2780	حِوَال	noun	30.13	17.40	52.15	0.00	0.14	B2		something that intervenes between two things, as a separation, partition, fence,…
2781	مَعْدِنِيّ	adj	30.11	23.41	38.74	0.99	0.00	C1		of metal, metallic
2782	حَصْرِيّ	adj	30.11	7.54	120.21	0.86	0.04	C1		exclusive
2783	عَيِّنَة	noun	30.09	47.97	18.87	0.63	0.37	C1		sample, specimen
2784	ذَرَّة	noun	30.08	30.49	20.61	0.98	0.02	A2		tiny particle, speck, mote
2785	نَوْعِيَّة	noun	30.06	12.73	49.32	0.00	0.21	A2		specific character, nature, quality
2786	خُصُوصِيّ	adj	30.06	11.54	78.28	0.97	0.00	B2		particular, peculiar, special
2787	رَاكِب	noun	30.06	19.60	46.10	0.84	0.16	B1		passenger, rider
2788	مَنَى	verb	30.05	28.64	31.53	0.04	0.90			to put to the test, to try
2789	تَبِعَ	verb	30.05	27.69	22.64	0.05	0.84	A1		to follow, to succeed, to come after in a sequence
2790	مُدَّعٍ	noun	30.00	33.03	27.24	0.00	0.00	B2		claimant, plaintiff, prosecutor (in civil and criminal cases)
2791	حَرْبِيّ	adj	29.99	13.81	65.11	0.86	0.00	C1		military (relating to war)
2792	اِنْفَجَرَ	verb	29.97	53.30	16.86	1.00	0.00	C2		to go off, to discharge, to burst
2793	طِرَاز	noun	29.95	22.58	39.73	0.98	0.02	B1		embroidery, or a piece of embroidered textile
2794	سَالِم	adj,name	29.95	12.03	51.79	0.27	0.73	A2		safe, secure, safe and sound
2795	كَذَبَ	verb	29.95	53.10	11.73	0.12	0.88	A2		to lie, to not tell the truth › to lie to (someone)
2796	لَيْرَة	noun	29.89	8.71	102.58	1.00	0.00	B2		pound (denomination of currency used in Syria and Lebanon)
2797	عُمْق	noun	29.88	25.81	34.59	0.00	1.00	B1		depth
2798	مَمْنُوع	adj	29.88	29.91	29.85	1.00	0.00	B2		forbidden
2799	لَطَالَمَا	adv	29.87	78.57	11.35	0.00	0.00			often, frequently, oftentimes, many times, many a time, in many instances, repea…
2800	أَكِيد	adj	29.87	42.75	20.86	0.98	0.02	B1		certain, sure
2801	أَسِفَ	verb	29.80	61.06	10.10	0.03	0.87	A2		to regret
2802	سِلْك	noun	29.80	30.38	29.22	0.82	0.18	B1		thread
2803	أَنْف	noun	29.79	18.83	32.74	0.70	0.01	A1		nose
2804	يَسِير	adj	29.74	36.09	24.51	0.04	0.01			easy
2805	خَضَعَ	verb	29.74	13.43	65.86	1.00	0.00	B2		to be submissive, be humble
2806	حَوْزَة	noun	29.73	32.96	26.81	1.00	0.00			possession (all meanings)
2807	مُقِيم	noun,adj	29.68	10.96	80.41	1.00	0.00	B1		resident, inhabitant
2808	حَالًا	adv	29.67	142.66	6.17	0.00	0.00	B1		presently, immediately, at once, right away, without delay
2809	بَقَر	noun,verb	29.67	26.44	23.12	0.17	0.83	A2		cattle, oxen
2810	الْقَاعِدَة	noun,name	29.66	22.79	38.58	0.00	1.00			the toilet, a Western-style sitting toilet as opposed to a squatting toilet.
2811	هَاوٍ	noun	29.65	17.66	49.79	0.00	0.56	B2		amateur
2812	خَلَق	noun,verb,adj	29.64	19.48	45.10	0.88	0.12	C1		rags
2813	تَسَمَّى	verb	29.62	22.17	39.58	0.00	0.16	B1		to use as a name, to go by
2814	عَمُود	noun	29.61	24.10	36.38	0.98	0.02	B1		column, shaft, pillar, pole
2815	شَكَا	verb	29.60	35.88	24.42	0.34	0.66			to complain
2816	اِحْتَرَمَ	verb	29.58	29.89	29.28	1.00	0.00	B2		to honor, to revere, to venerate, to esteem, to respect
2817	إِقْنَاع	noun	29.56	30.33	28.81	1.00	0.00	C1		convincing, persuasion
2818	اِطِّلَاع	noun	29.53	10.56	82.56	1.00	0.00			verbal noun of اِطَّلَعَ (iṭṭalaʕa) (form VIII) › being aware or informed of
2819	شَنّ	noun,verb	29.50	10.79	80.61	0.93	0.02	B2		waterskin
2820	مُؤَخَّرَة	noun	29.35	153.92	5.60	0.00	0.00	B2		buttocks, backside
2821	مِنْحَة	noun	29.30	14.22	41.92	0.92	0.00	A2		gift, donation
2822	اِسْتِشَارَة	noun	29.27	7.07	121.13	1.00	0.00	B2		advice, consultation
2823	جُدَّة	noun	29.26	13.53	43.95	0.00	1.00	A2		streak, tract, path, stria
2824	مُمْتَلَكَات	noun	29.24	22.21	26.73	1.00	0.00	A1		property, belongings, possessions, owned things
2825	تَخْزِين	noun	29.21	14.44	59.10	0.68	0.00	C1		storage, safekeeping
2826	تَجْدِيد	noun	29.16	9.35	90.96	0.98	0.00	B1		renewal, restoration
2827	تَحْدِيث	noun	29.16	7.14	119.16	0.82	0.00	B1		modernization, upgrade
2828	دِرْع	noun	29.14	24.56	34.58	0.94	0.02	C2		protective coverings › protective war equipment, armor
2829	رَاقَ	verb	29.14	28.81	29.48	0.63	0.29	C1		to glisten, to glint
2830	مَذْكُور	adj	29.14	7.87	74.90	1.00	0.00	A1		mentioned, aforementioned
2831	مِرْآة	noun	29.13	29.22	20.17	0.70	0.00	A1		mirror
2832	أَرَاك	noun	29.13	227.48	3.73	0.00	0.01			toothbrush tree (Salvadora persica)
2833	ثُلَاثِيّ	adj,noun	29.13	17.13	49.53	0.95	0.00	C1		consisting of three things; triple, threefold, three-
2834	زَرَعَ	verb	29.08	16.22	52.13	0.44	0.56	B1		to sow
2835	اِعْتِرَاض	noun	29.08	24.63	34.33	1.00	0.00	B1		demure, rebuke, disagreement, reproval, censure
2836	مُخّ	noun	29.08	24.40	34.66	1.00	0.00	C1		cerebrum
2837	مُسْتَعْمَل	adj	29.07	7.14	118.32	0.99	0.00	B2		used
2838	فَاسِد	adj	29.05	27.87	30.29	0.99	0.01	B2		spoiled, rotten
2839	تَظَاهَرَ	verb	29.05	56.09	15.04	0.98	0.02	C2		to manifest, to display, to exhibit
2840	فِقْرَة	noun	29.05	13.37	43.83	0.99	0.01	A2		vertebra
2841	تَسْوِيق	noun	29.03	6.62	127.33	1.00	0.00	B1		marketing
2842	اِنْتِصَار	noun,name	29.03	10.51	80.18	1.00	0.00	B1		victory, triumph
2843	نَقْدِيّ	adj	29.02	14.20	59.29	0.91	0.00	B1		monetary
2844	مُسْتَخْدَم	noun	29.01	5.99	97.54	0.00	0.97	A1		employee
2845	جُوع	noun	28.95	38.49	21.78	0.97	0.03	B2		hunger
2846	نَسَخَ	verb	28.93	13.54	42.94	0.03	0.00	A2		to transcribe, to copy
2847	بَوَّبَ	verb	28.91	82.20	10.17	0.00	0.95			to put a door
2848	شُعْبَة	noun	28.90	14.41	57.96	0.97	0.03	B2		branch
2849	رَابَ	verb,noun	28.85	43.37	19.20	0.18	0.14			to be thick, to solidify
2850	تَرْقِيَة	noun	28.83	17.72	46.88	0.97	0.00	B2		making or letting ascend or advance and make progress
2851	نَجَاة	noun	28.82	36.12	22.99	0.75	0.01	C2		survival, salvation
2852	بِيرَة	noun	28.81	52.53	10.97	0.00	0.02	A2		beer
2853	سِتُّونَ	adj,num	28.80	27.26	21.12	0.00	0.64	A1		sixtieth
2854	جَادَّة	noun	28.76	39.54	20.92	0.00	0.00	B2		avenue, boulevard
2855	تَرَدُّد	noun	28.76	10.14	56.66	0.27	0.01	A2		reluctance, indecision, hesitation, wavering
2856	فَارِس	noun,name	28.76	22.55	36.68	0.04	0.96	B2		horseman, rider
2857	تَسْلِيَة	noun	28.75	10.58	78.12	0.75	0.06	B1		entertainment, amusement
2858	إِجْمَالِيّ	adj	28.74	4.20	136.56	0.89	0.00	A2		comprehensive, general, total
2859	اِتَّهَمَ	verb	28.71	11.25	73.27	0.93	0.07	B1		to charge, to accuse; to impeach
2860	مِحْوَر	noun	28.58	7.56	75.10	0.97	0.02	A2		axis, pivot
2861	تَمْيِيز	noun	28.58	11.28	50.30	1.00	0.00	A2		being able to tell the difference
2862	أَمَانَة	noun	28.55	6.83	82.94	0.90	0.10	A2		trust
2863	قِرْد	noun	28.50	53.99	10.45	1.00	0.00	A2		monkey, ape (mammal)
2864	سُورِيّ	adj,noun	28.50	1.53	531.15	0.93	0.05	B2		Syrian
2865	اِبْتِسَامَة	noun	28.48	24.85	22.67	1.00	0.00	A1		smile
2866	إِحْضَار	noun	28.48	78.07	10.39	1.00	0.00			bringing, fetching, getting, sending for
2867	مَظَلَّة	noun	28.47	9.10	89.09	1.00	0.00	B2		umbrella, parasol, shade
2868	صُوفِيّ	noun,adj	28.47	28.43	28.50	0.94	0.00	B2		Sufi
2869	مُعْجِزَة	noun	28.46	33.96	16.57	0.62	0.38	A1		miracle
2870	قَطْر	noun	28.43	5.35	105.00	0.00	1.00	A1		drops, dribblets; rain
2871	عَقَارِيّ	adj	28.41	7.36	109.77	0.94	0.00	C1		related to real estate
2872	تَصْنِيف	noun	28.37	4.88	114.47	1.00	0.00	A2		rating
2873	مُفَتِّش	noun	28.35	33.24	24.17	0.98	0.00	B2		inspector, examiner, investigator
2874	دَافِئ	adj	28.33	30.61	18.20	1.00	0.00	A1		warm
2875	مَكَانَة	noun	28.29	9.97	55.71	0.99	0.01	A2		place, location, position
2876	مَالِيَّة	noun	28.26	9.63	82.99	0.00	0.00	C1		treasury
2877	مَسْمُوح	adj	28.24	42.74	18.65	1.00	0.00	B2		permitted, allowed
2878	مَقْصُود	noun,adj	28.22	15.47	35.75	1.00	0.00	A2		aim, intention, goal, purpose
2879	بَسَّ	verb	28.21	10.56	75.38	0.99	0.00			to crush
2880	قَارِئ	noun	28.18	5.16	106.87	0.98	0.02	A1		reader
2881	مُخِيف	adj	28.16	71.98	11.02	1.00	0.00	B1		frightening, scary
2882	عُمْدَة	noun	28.16	45.43	17.45	0.89	0.06	C1		mayor
2883	مَطَاف	noun	28.16	46.65	16.99	1.00	0.00	B2		journey
2884	حَبِيبِي	noun	28.13	76.00	10.41	1.00	0.00			first-person singular possessive of حَبِيب (ḥabīb): › my darling, my beloved (ma…
2885	رِفَاق	noun	28.10	257.28	3.07	0.00	0.00	C2		a rope used to tie cattle
2886	مِزَاج	noun	28.06	45.80	17.20	1.00	0.00	C1		mixture, medley, blend
2887	نَزَعَ	verb	28.05	26.70	29.48	0.99	0.01	B2		to take away, to remove, to withdraw, to pull out, to pull away, to alienate › t…
2888	هَانَ	verb	28.03	78.13	10.06	0.41	0.58			to be easy
2889	شَيَّأَ	verb	28.03	130.55	6.02	0.00	0.99			to objectify
2890	رَضِيع	noun	28.00	34.10	22.98	0.73	0.00	B1		baby, infant, suckling
2891	رَفْض	noun	27.96	17.04	45.88	0.58	0.42	B1		refusal
2892	حَضْرَة	noun	27.95	61.08	12.79	0.95	0.03			presence
2893	اِسْتَهْدَفَ	verb	27.93	7.25	107.58	1.00	0.00	B2		to be exposed, to be open
2894	مُكَلَّف	adj	27.91	8.77	88.80	0.87	0.00	B1		in charge (بِ (bi) of), responsible (بِ (bi) for)
2895	فَائِق	adj,name	27.91	22.11	35.22	1.00	0.00	B2		active participle of فَاقَ (fāqa) › supernormal, accomplished, dominant
2896	زَمَنِيّ	adj	27.91	14.83	36.48	0.74	0.23	A2		temporal
2897	فَرْض	noun	27.90	4.99	156.09	0.73	0.27	B1		duty
2898	أَخْطَأَ	verb	27.89	47.56	16.35	0.78	0.17	B2		to miss (to fail to hit)
2899	أَبْلَغَ	verb,adj	27.88	21.33	36.46	0.72	0.14	B2		to send or bring news, to notify, to report
2900	وَاجِهَة	noun	27.88	10.99	70.70	0.99	0.01	B1		face, front
2901	قِيَاسِيّ	adj	27.87	13.69	56.74	0.98	0.00			analogical (acquired by analogy)
2902	اِسْتَفَادَ	verb	27.86	11.80	65.80	0.99	0.01	C1		to earn, to acquire, to benefit, to profit, to capitalize, to avail oneself of
2903	هَبَطَ	verb	27.83	35.01	22.13	1.00	0.00	C1		to descend; to go or come down; to fall
2904	غَفَرَ	verb	27.83	21.66	35.76	1.00	0.00	B1		to forgive, to excuse, to pardon
2905	شَجَاعَة	noun	27.83	43.45	17.82	0.45	0.51	B2		courage, bravery, boldness
2906	سُكَّر	noun	27.81	15.17	35.40	0.00	1.00	A2		sugar
2907	تَخْفِيض	noun	27.80	11.46	67.47	0.57	0.00	B2		lowering
2908	بَطَّارِيَّة	noun	27.79	20.99	25.55	1.00	0.00	A1		battery (device producing electricity)
2909	نِقَابَة	noun	27.72	6.30	122.01	0.56	0.44	C1		association, union, syndicate
2910	كَفَاءَة	noun	27.70	9.34	82.17	0.81	0.00	B2		equality
2911	بَكَّاء	adj	27.68	39.44	19.43	1.00	0.00	B2		crying frequently
2912	مُحْتَرَم	adj	27.66	42.67	17.94	1.00	0.00	B1		honorable, respectable, esteemed
2913	لِيبِيّ	adj	27.65	5.74	133.16	0.90	0.06			Libyan
2914	سِكَّة	noun	27.64	17.17	44.51	0.80	0.03			plowshare
2915	شَوَّى	verb	27.63	28.90	26.42	0.00	0.85			to roast, have roasted, feed a roasted flesh-meat
2916	تَشَارَكَ	verb	27.61	18.98	40.18	0.23	0.00	B2		to partner, to participate together, to share with one another
2917	نَاعِم	adj	27.52	19.31	39.22	0.89	0.11	B1		soft, tender, delicate, fond
2918	جَلَّ	verb,adj	27.51	20.06	37.73	0.83	0.06			to be illustrious
2919	نَمِر	noun	27.51	32.20	23.51	0.88	0.12	B1		leopard
2920	رَهِيب	adj	27.45	40.43	18.64	1.00	0.00	C1		terrifying, frightening, awe-inspiring
2921	نَشْرَة	noun	27.42	12.12	43.06	1.00	0.00	A2		publication, announcement, edict
2922	بِالضَّرُورَة	adv	27.41	12.76	58.92	0.00	0.00			necessarily
2923	نَصْل	noun	27.38	62.05	12.08	0.06	0.00			cutting edge
2924	سُكَّرِيّ	adj,noun	27.37	5.00	149.79	0.94	0.00	B1		sugary
2925	قَذِر	adj,verb	27.36	96.64	7.75	0.98	0.00	C2		dirty, unclean
2926	رُوك	noun	27.35	59.60	12.55	0.75	0.20			rock
2927	ثَدْي	noun	27.35	22.95	32.59	0.97	0.00	B2		breast
2928	فَاشِل	noun	27.34	45.09	16.58	0.58	0.15	C1		One who fails; loser.
2929	لَبِسَ	verb	27.33	37.07	20.15	0.54	0.17	C1		to wear; to put on (clothing)
2930	مَخَاطِر	noun	27.31	11.60	44.66	0.00	1.00	A2		risks, dangers, pitfalls
2931	أَحْرَزَ	verb	27.31	22.79	32.72	0.90	0.01			to keep, preserve, guard, secure
2932	مَدّ	noun,verb	27.28	16.75	44.45	0.76	0.23	B1		flow of the sea, rising tide (when the ebb has ceased)
2933	حَدِيدِيّ	adj	27.28	22.30	33.36	0.98	0.00	B2		iron
2934	صَاعِد	adj	27.24	39.00	19.03	0.42	0.00			ascending, mounting, rising, proceeding
2935	أُنَاس	noun	27.23	59.07	12.55	0.00	0.00			persons, people
2936	كَمَال	noun,name	27.22	11.02	46.70	0.37	0.63	A2		perfection, completeness, wholeness
2937	اِطَّلَبَ	verb	27.20	30.38	24.36	0.00	0.00			to demand or beg repeatedly and instantly
2938	تَدَوَّرَ	verb	27.20	20.51	36.07	0.00	0.00	B1		to become round, to become circular
2939	رَفِيع	adj	27.20	15.90	46.52	1.00	0.00	B1		elevated; high; noble; sublime; fine
2940	صَانِع	noun,adj	27.12	16.45	44.69	0.98	0.02	B1		artisan, artist
2941	سَيْف	noun	27.11	27.39	18.63	0.33	0.64	A2		sword, sabre, foil, rapier, scimitar
2942	مُسْتَقِرّ	adj	27.09	25.56	28.71	1.00	0.00	B2		sedentary, resident
2943	خَلْق	noun	27.08	12.18	60.17	0.00	1.00	C1		creation
2944	حَبِيبَتِي	noun	27.04	121.75	6.01	0.00	0.00	B1		first-person singular possessive of حَبِيبَة (ḥabība): › my darling, my beloved …
2945	تَبَرُّع	noun	27.03	22.03	33.17	0.90	0.10	B2		donation
2946	تَدْبِير	noun	26.97	10.53	69.10	1.00	0.00	C1		order
2947	دُخَان	noun	26.95	24.47	20.62	1.00	0.00	A1		smoke
2948	أَوْلَى	adj,verb	26.95	8.77	82.78	0.00	1.00			elative degree of وَلِيّ (waliyy)
2949	بوب	noun,name	26.94	55.04	13.19	0.00	0.83			pop music
2950	سِحْرِيّ	adj	26.93	50.32	14.41	1.00	0.00	B1		magic, magical
2951	تَدَخَّلَ	verb	26.91	29.67	24.41	1.00	0.00	B1		to interfere (فِي (fī) in)
2952	اِلْتَزَمَ	verb	26.91	16.70	43.34	1.00	0.00	C2		to stick to, to keep to, to adhere strictly to › to make oneself responsible for…
2953	وَعَدَ	verb	26.89	19.29	26.03	0.04	0.95	A2		to promise (construed doubly transitive or someone بِ (bi) something)
2954	عُضْوِيَّة	noun	26.87	7.06	71.02	0.45	0.52	A2		membership
2955	اِمْتِيَاز	noun	26.85	9.84	73.26	1.00	0.00	C1		distinguishing, distinction
2956	تَحَوُّل	noun	26.82	13.79	52.14	0.69	0.07	B2		transformation, transmutation, metamorphosis, opinionatedness
2957	رَقِيب	noun	26.82	55.12	13.05	0.99	0.00	C2		watchman › guard, sentry
2958	شِفَاء	noun	26.81	16.01	44.92	1.00	0.00	B1		healing, recovery
2959	كَتِيبَة	noun	26.81	8.96	80.23	1.00	0.00	C1		battalion, squadron, regiment, militia, troop, brigade, cohort
2960	سِيَاحَة	noun	26.81	1.62	308.14	0.92	0.00	A1		tourism
2961	جَدِير	adj	26.78	16.81	42.64	0.98	0.02	B1		fit, suitable
2962	طَائِفَة	noun	26.76	9.12	78.50	1.00	0.00	C2		band, bevy, covey, drove, group, swarm, troop
2963	رَافَقَ	verb	26.76	14.27	50.18	0.99	0.00	B2		to accompany, to be ((someone)'s) companion
2964	وَغْد	noun	26.69	166.28	4.28	0.77	0.05	B2		scoundrel, miscreant, wicked
2965	لَوْم	noun	26.66	45.42	15.65	0.96	0.02	C1		blame
2966	عَكَسَ	verb	26.66	7.36	67.06	0.97	0.03	A1		to overturn
2967	تَوَازُن	noun	26.65	13.03	54.49	0.96	0.00	B1		being or becoming of equal weight
2968	عَصًا	noun,verb	26.62	32.47	15.16	0.92	0.08	A2		staff, stick
2969	شَعْبِيَّة	noun	26.61	10.07	48.84	0.00	0.07	A2		popularity
2970	زَائِد	adj	26.58	23.16	30.52	1.00	0.00	B1		increasing, growing
2971	سِيَاق	noun	26.57	5.48	89.51	1.00	0.00	A2		context
2972	فَلْسَفَة	noun	26.55	6.45	75.87	1.00	0.00	A1		philosophy
2973	خَاطِب	noun,adj	26.52	14.60	48.17	0.01	0.97	C1		suitor (someone who asks a woman to marry him)
2974	دَفْن	noun	26.49	23.17	30.28	0.92	0.08	B2		burying, burial, interment
2975	صاحِبَة	noun	26.48	22.39	31.31	0.00	0.00			wife
2976	حَبْل	noun	26.42	36.62	19.06	0.74	0.26	C1		a rope, a cable; a hawser; a cord; a string; a thread
2977	مَنْشُور	adj,noun	26.39	5.18	134.45	1.00	0.00	B1		published, issued, announced
2978	تَفَتَّحَ	verb	26.39	28.52	24.42	0.05	0.00	B1		to open, to open up
2979	سَعِدَ	verb	26.38	32.36	14.94	0.00	1.00	A2		to be happy
2980	تَخْفِيف	noun	26.36	12.09	57.48	1.00	0.00	B1		alleviation, mitigation, relief (sanction, sentence, burden, etc)
2981	جَدَّدَ	verb	26.30	14.62	47.33	0.72	0.28	B1		to renew, refresh, restore, refurbish
2982	بَيْضَاء	noun	26.29	25.74	26.85	0.00	0.00	B1		minim, half note
2983	حَرَج	noun	26.29	20.48	33.74	0.75	0.25	C2		tightness, difficulty, critical situation
2984	مِيلَادِيّ	adj	26.28	22.87	20.97	0.32	0.04	A2		related to birthdays
2985	اِنْهَارَ	verb	26.27	37.98	18.17	0.68	0.01	B2		to collapse, to fall down
2986	تَدْرِيس	noun	26.26	9.79	70.45	0.99	0.00	B1		teaching, schooling
2987	مُؤَثِّر	adj,noun	26.19	13.81	49.68	1.00	0.00	B1		impressive
2988	بِمَنْ	det	26.18	27.51	24.91	0.00	0.00			those who
2989	تَقَدَّرَ	verb	26.16	20.92	32.70	0.00	0.00	B1		to cause oneself to measure, reckon, or compute
2990	حَالِك	adj	26.14	227.06	3.01	0.00	0.00			very dark or black, pitch-black, deep black, murky, gloomy
2991	أَقْرَأَ	verb	26.12	29.14	23.42	0.00	0.00			to cause one to read or study, to cause one to know something by putting togethe…
2992	تَخَلَّصَ	verb	26.12	50.01	9.48	0.93	0.07	A2		to rid, to get rid of
2993	غَابَ	verb	26.12	16.68	40.88	0.96	0.02	B2		to be absent
2994	يَمّ	noun	26.12	34.50	19.77	0.00	0.84			open sea
2995	إِظْهَار	noun	26.11	18.88	36.12	0.51	0.08	B2		publication
2996	مَحَبَّة	noun	26.11	8.87	53.33	0.00	0.52	A2		love
2997	عَظْم	noun	26.10	29.22	23.32	0.00	1.00	B2		bone
2998	إِسْقَاط	noun	26.07	15.85	42.88	0.99	0.01	B2		toppling, overthrow
2999	مُضِيف	noun	26.07	7.70	88.24	0.95	0.04	B1		host
3000	بَغِضَ	verb	26.02	28.40	23.83	0.01	0.05			to be hated
3001	مُجَمَّع	noun	26.01	6.59	71.30	0.24	0.64	A2		shopping mall
3002	يُونَانِيّ	adj,noun	25.99	12.08	38.85	0.97	0.00	A1		Greek
3003	دَوَام	noun	25.98	21.00	32.14	0.99	0.01	B2		endurance, continuation, persistence
3004	عُود	noun	25.97	17.55	26.68	0.86	0.05	A2		wood, timber
3005	صَيْفِيّ	adj	25.97	10.75	43.55	0.93	0.05	A1		summery, aestival
3006	اِحْتِيَاج	noun	25.97	5.70	118.23	0.07	0.00	B1		need, requirement
3007	مِغْلَق	noun	25.96	44.58	15.12	1.00	0.00	B1		lock, closure
3008	بِرْكَة	noun	25.96	10.37	45.15	0.04	0.96	A1		pond
3009	دَوَّى	verb	25.95	21.82	30.86	0.08	0.74			to buzz, to hum (of insects)
3010	طِبَاعَة	noun	25.87	7.09	65.57	0.99	0.01	A2		printing
3011	تُرَاث	noun	25.87	3.43	135.41	0.99	0.00	A2		heritage (inherited cultural values or achievements; traditions)
3012	اِسْتَغَلَّ	verb	25.77	18.45	36.00	1.00	0.00	C2		to desire from [with accusative] to bring yield
3013	مُؤَلَّف	noun,adj	25.76	6.81	67.69	0.49	0.51	A1		a work of literature, music, or art
3014	رَقِيق	adj	25.71	29.63	22.31	0.82	0.02	B2		thin, fine, subtle
3015	مَحْظُوظ	adj	25.68	137.28	4.80	1.00	0.00	B1		lucky
3016	مِصْعَد	noun	25.68	36.78	12.45	1.00	0.00	A1		elevator, lift
3017	لَائِق	adj	25.67	30.14	21.87	1.00	0.00	B2		fit, proper, appropriate
3018	بِرْمِيل	noun	25.65	13.97	47.08	1.00	0.00	B1		barrel, cask, keg, drum
3019	إِشْرَاف	noun	25.63	5.56	118.07	0.75	0.25	B1		management, supervision, oversight, control
3020	إِسْتِرَاتِيجِيَّة	noun	25.55	7.57	86.16	0.72	0.03	C1		strategy
3021	خَيْط	noun	25.54	29.77	21.90	1.00	0.00	B2		thread; string; cord
3022	آنِسَة	noun	25.53	246.81	1.83	0.40	0.00	A2		young woman
3023	عَرْش	noun	25.51	18.53	35.12	1.00	0.00	B1		throne
3024	ذِكْر	noun	25.49	8.19	55.10	0.16	0.74	A2		recollection, remembrance
3025	أَمْثَل	adj	25.48	20.68	31.39	0.66	0.16	C1		more perfect, more ideal; most perfect, most ideal
3026	أَمْسَكَ	verb	25.47	122.11	5.31	0.51	0.14			to seize, grasp, clutch, grip, hold
3027	أَدَانَ	verb	25.46	11.24	57.70	0.09	0.70			to lend on credit
3028	نَبِيذ	noun,adj	25.46	76.63	8.46	1.00	0.00	B1		wine
3029	مُمَثِّلَة	noun	25.45	14.00	32.11	0.00	0.00	A1		female equivalent of مُمَثِّل (mumaṯṯil, “actor, representative”): › actress
3030	فَرَح	noun,name	25.44	7.17	90.27	0.66	0.34	B1		happiness, gladness, mirth, joy, exultation
3031	شِيك	noun	25.44	41.33	15.66	0.96	0.04	B2		cheque
3032	اِنْتِهَاك	noun	25.42	7.26	89.00	0.91	0.02	B1		verbal noun of اِنْتَهَكَ (intahaka) (form VIII) › emaciation
3033	زُجَاجَة	noun	25.39	41.31	10.84	0.66	0.32	A1		piece of glass
3034	جُهْد	noun	25.37	13.99	46.02	0.00	1.00	B1		strain, exertion, effort
3035	مُخْرِج	noun	25.35	9.66	46.21	0.32	0.68	A2		director
3036	تَوَقَّى	verb	25.33	22.24	28.84	0.00	0.12			to be wary of
3037	إِخْفَاء	noun	25.29	34.75	18.40	0.98	0.02	C2		hiding, concealing
3038	قُبْلَة	noun	25.27	45.87	13.92	0.16	0.15	B1		kiss
3039	مُتْعِب	adj	25.25	31.10	20.50	0.25	0.75	C1		tiring
3040	إِذَاعَة	noun	25.24	7.66	83.10	0.91	0.01	B2		radio channel
3041	عَلَوِيّ	noun,adj	25.23	26.17	24.33	0.00	0.90	B2		Alawite
3042	أَمْضَى	verb,adj	25.23	43.51	14.63	0.42	0.40	C2		to spend (time)
3043	دَفْتَر	noun	25.20	16.07	39.53	1.00	0.00	C2		register; roster
3044	تَسْمِيَّة	noun	25.16	13.06	48.47	0.99	0.01	B1		giving a name
3045	مَخَافَة	noun	25.15	16.39	38.58	1.00	0.00	B2		fear
3046	رُومَانِيّ	adj,noun	25.13	14.02	45.06	0.96	0.02	B2		Roman
3047	مُصَوِّر	noun	25.12	10.52	59.99	0.56	0.44	C2		photographer
3048	حَيَّة	noun	25.08	43.07	14.60	0.00	0.02			snake, serpent
3049	مُجَوْهَرَات	noun	25.08	18.22	34.51	0.00	0.00	C1		jewellery
3050	نَحْل	noun	25.05	22.58	27.79	0.73	0.00	B2		bees, bee
3051	أَمَّمَ	verb	25.00	25.99	24.05	0.00	0.00			to nationalize
3052	تَصْفِيَة	noun	24.99	8.48	73.65	0.44	0.00	C1		purification
3053	كَبِد	noun	24.95	19.74	31.53	0.74	0.07	B2		liver (“organ”)
3054	قَبَضَ	verb	24.86	54.45	7.88	0.59	0.41	A2		to seize, to take, to grab
3055	فَاخِر	adj	24.85	20.34	30.36	0.99	0.01	B2		proud, boasting
3056	تَحْرِيك	noun	24.80	21.88	28.11	1.00	0.00	B2		moving (the act of moving something)
3057	غَسَلَ	verb	24.78	26.26	23.40	0.54	0.46	B1		to clean by washing, to wash
3058	نَفَقَة	noun	24.74	15.70	38.99	0.89	0.11	C1		expense; cost
3059	مُتَوَفِّر	adj	24.73	10.90	56.14	0.99	0.00	B1		ample; abundant; plentiful
3060	تَوْفِيق	noun,name	24.71	6.44	65.85	1.00	0.00	A2		guidance and grace of God
3061	مُسْتَعَار	adj	24.68	16.69	36.49	0.00	0.00			borrowed
3062	مُسَيَّر	adj	24.67	8.02	52.74	0.20	0.80	A2		directed, controlled (+ بِـ (bi-) by)
3063	مُصَارَعَة	noun	24.64	11.25	54.00	0.64	0.00			wrestling
3064	كِيمِيَاء	noun	24.63	11.06	54.86	1.00	0.00	B1		chemistry
3065	اِبْتَسَمَ	verb	24.62	41.58	10.13	0.97	0.03	A2		to smile, to give somebody a friendly smile
3066	دِيسِمْبِر	noun	24.59	5.14	81.74	0.00	1.00	A1		December (twelfth month of the Gregorian calendar)
3067	مُخْطِئ	adj	24.56	99.79	6.05	1.00	0.00			wrong; mistaken
3068	اِدِّعَاء	noun	24.53	17.47	34.45	1.00	0.00			verbal noun of اِدَّعَى (iddaʕā) (form VIII) › allegation, claim, contention
3069	أَنَى	verb	24.50	37.65	15.95	0.44	0.56			to come, to draw near
3070	مَشَّ	verb	24.50	13.52	44.38	0.99	0.00			to suck the marrow from (a bone)
3071	تَفَاوُض	noun	24.50	14.83	40.48	0.99	0.00	B1		verbal noun of تَفَاوَضَ (tafāwaḍa) (form VI) › negotiation, parley
3072	دُهْن	noun	24.45	13.74	43.52	1.00	0.00	C1		smeared substance, grease, fat
3073	مُنَافِس	noun	24.43	10.14	40.88	0.74	0.01	A2		rival, competitor
3074	مُخْتَصّ	adj	24.40	4.21	98.17	0.99	0.00	A2		specialized
3075	اِجْتِمَاعِيَّة	noun	24.37	8.01	74.11	0.00	0.00			socialism
3076	جِرَاحِيّ	adj	24.35	19.56	30.33	0.89	0.00			surgical
3077	صَافٍ	adj,verb	24.31	11.54	51.23	0.00	0.06	B2		pure, clear, unmixed
3078	فَضِيحَة	noun	24.30	15.17	38.91	1.00	0.00	B1		scandal
3079	تَفَاهُم	noun	24.29	12.17	48.47	0.92	0.00	B1		agreement (“understanding between individuals”), accord
3080	أَطْلَبَ	verb	24.26	104.02	5.66	0.00	0.00	C1		to cause one to need a thing
3081	جَافّ	adj	24.24	20.36	28.86	0.67	0.29	B1		dry, withered
3082	فَوْرِيّ	adj	24.21	10.79	54.31	0.89	0.02	C2		instantaneous, prompt, immediate
3083	لَيْمُون	noun	24.20	33.03	17.73	0.99	0.01	C2		lemon (fruit)
3084	مَأْلُوف	adj	24.20	38.60	15.18	1.00	0.00	C2		usual, ordinary, familiar, habitual
3085	تَصَدَّقَ	verb	24.19	54.73	10.69	0.06	0.00	B2		to give alms
3086	تَخَطَّى	verb	24.18	32.39	18.06	0.90	0.08	B2		to overstep, to step over, to walk over
3087	تُرَاب	noun	24.18	12.43	47.05	1.00	0.00	B1		earth, soil, ground, dust (organic material, sand, etc., which covers the land)
3088	بَارِز	adj	24.17	10.50	55.63	0.96	0.04	B1		prominent
3089	دِعَايَة	noun	24.16	10.73	54.40	0.80	0.00	B1		advertising
3090	نَصَحَ	verb	24.15	10.75	54.24	0.96	0.04	B2		to give sincere advice, to counsel
3091	أَذًى	noun	24.13	32.26	18.06	0.97	0.03	B2		injury, damage
3092	قِرْش	noun	24.13	33.74	11.98	1.00	0.00	A2		qirsh; a currency denomination used in the Ottoman Empire
3093	حَضَّرَ	verb	24.13	30.05	13.45	0.00	1.00	A2		to prepare, to make ready
3094	أَسْقَطَ	verb	24.13	35.14	16.56	0.28	0.34	B2		to drop, to let or cause to fall, to topple, overthrow
3095	مُحَقَّق	adj	24.12	53.25	10.93	0.00	1.00	B1		executed, fulfilled
3096	اِعْتَقَلَ	verb	24.11	12.43	46.77	1.00	0.00	B2		arrest (a natural person or a person’s assets)
3097	أَبَا	verb	24.11	13.70	42.40	0.00	0.01			to father
3098	ثَقْب	noun	24.09	37.18	15.61	1.00	0.00	B1		hole
3099	إِنْسِيّ	noun,adj	24.09	27.88	20.82	0.00	0.95			human, man
3100	أَصْلَح	adj,verb	24.06	33.22	17.43	0.09	0.63	C2		elative degree of صَالِح (ṣāliḥ): › more correct; most correct
3101	كَثْرَة	noun	23.98	10.13	56.78	0.99	0.01	B1		plentiness, abundance, multitude
3102	تَأْخِير	noun	23.96	17.57	32.68	1.00	0.00	B1		delay; deferment; postponement
3103	سَوْدَاء	noun	23.94	32.02	17.90	0.00	0.00			black bile, as one of the four liquids of ancient humor medical theory
3104	لَفَّ	verb,noun	23.93	12.03	47.60	0.28	0.66	B1		to coil, to curl, to convolute, to spool, to twirl
3105	مُرَتَّب	adj,noun	23.90	10.66	37.21	0.48	0.52	A2		arranged, consolidated
3106	رِئَة	noun	23.82	35.81	15.85	0.61	0.00	B1		lung
3107	مَائِدَة	noun	23.81	12.31	31.98	0.96	0.00	A1		dining table
3108	مُسَاهَمَة	noun	23.80	3.65	107.93	0.99	0.00	A2		contribution
3109	تَنَقُّل	noun	23.74	11.88	47.42	0.46	0.00	C1		change of residence
3110	ضَمِير	noun	23.74	17.45	32.28	1.00	0.00	B1		inner, innermost, heart, secrets of the mind
3111	نَبِض	adj	23.72	23.92	23.53	0.00	0.64	C2		agile, alacrious, bouncy
3112	جَذْر	noun	23.72	14.50	38.81	0.87	0.00	B1		root (of a plant)
3113	رَاي	noun	23.72	44.57	12.62	0.00	1.00			raï
3114	بَعْثَة	noun	23.71	6.23	62.65	0.97	0.03	A1		mission, delegation
3115	أَيِسَ	verb	23.71	33.36	16.85	0.85	0.14			to give up hope, to despair
3116	اِسْتَقَالَ	verb	23.70	27.81	20.19	0.68	0.32	B2		to seek the cancellation of (a sale)
3117	صَامِت	adj,noun	23.66	27.25	14.27	1.00	0.00	A2		silent
3118	قُمَامَة	noun	23.65	49.09	11.40	0.96	0.00	C2		sweepings, refuse, barrows, rubbish, garbage, trash
3119	مُسْتَوْدَع	noun,adj	23.65	24.09	23.23	1.00	0.00	C1		warehouse, depot, storehouse
3120	بَرَكَة	noun	23.65	10.37	37.48	0.00	0.96	A1		bliss, blessing, boon
3121	كَهْف	noun	23.63	29.39	19.00	1.00	0.00	C1		cave
3122	أَصْعَب	adj	23.62	30.08	18.55	0.81	0.01	C1		elative degree of صَعْب (ṣaʕb)
3123	تَعْطِيل	noun	23.61	8.52	65.47	1.00	0.00	C1		disruption, obstruction
3124	جَرَس	noun,verb	23.61	42.27	13.19	1.00	0.00	C2		gong, bell, tam-tam
3125	رَهِينَة	noun	23.53	36.30	15.25	0.96	0.04	C1		pawn, pledge, security, mortgage
3126	بَيْدَ	prep	23.52	11.69	47.31	0.99	0.01			for the sake of, because of
3127	هَمَسَ	verb	23.51	8.86	62.36	0.87	0.00	B2		to whisper
3128	بُطْء	noun	23.51	30.25	12.69	1.00	0.00	A1		laziness, indolence
3129	خَطِيئَة	noun	23.50	22.67	24.37	0.83	0.06	C1		sin, offense, fault, act of disobedience for which one deserves punishment
3130	حِصَار	noun	23.50	6.18	62.03	1.00	0.00	A2		blockade
3131	فُرْن	noun	23.48	14.00	27.35	1.00	0.00	A1		oven, furnace
3132	تَأَتَّى	verb	23.47	40.60	13.57	0.14	0.10	C2		to result from [+عَنْ or مِنْ (object)], to happen to
3133	طَلْقَة	noun	23.45	49.53	11.10	1.00	0.00	B2		instance noun of طَلَقَ (ṭalaqa) (weaponry) a shot (from a firearm)
3134	رِضًا	noun,name	23.43	7.49	50.89	0.00	0.49	A2		contentedness, satisfaction, fulfillment, being well pleased
3135	وَالِدَة	noun	23.41	29.45	12.92	0.00	0.05	A2		mother
3136	طَعْن	noun	23.39	13.27	41.22	0.97	0.03	B2		stabbing, piercing, thrusting
3137	أَعْمَى	verb,adj	23.39	35.65	15.34	1.00	0.00	B2		to cause or render blind, to blindfold, to deprive of sight
3138	عَشْوَائِيّ	adj	23.38	16.64	32.86	0.97	0.00	B2		random, stochastic
3139	صَلِيب	noun,adj	23.34	13.37	28.29	1.00	0.00	A2		cross (geometrical figure)
3140	اِمْتَدَّ	verb	23.33	8.17	66.60	1.00	0.00	B2		to stretch, to expand (intransitive)
3141	شَبِهَ	verb	23.33	35.15	15.49	0.00	0.00	B1		to resemble, to bear a resemblance, to be similar
3142	شِبْه	noun	23.33	13.09	41.60	0.00	0.88	B1		a thing or person similar, alike (with following genitive)
3143	لَاجِئ	noun	23.32	3.50	107.78	1.00	0.00	A2		refugee
3144	شَقِيقَة	noun	23.30	22.95	23.65	0.33	0.67	C2		migraine
3145	غَزْو	noun	23.29	11.33	33.23	0.92	0.08	A2		intention, goal
3146	صَيَّاد	noun	23.28	19.47	19.33	0.67	0.33	A1		hunter
3147	إِخْلَاء	noun	23.27	19.86	27.27	0.97	0.01	C2		evacuation
3148	جَانٍ	noun,adj	23.27	20.86	25.95	0.00	0.49	B2		gatherer, harvester, harvestman, reaper
3149	مُؤَامَرَة	noun	23.26	18.64	29.04	1.00	0.00	B2		conspiracy
3150	هَارِب	noun	23.25	31.11	17.38	1.00	0.00	B2		fugitive
3151	بَرِيدِيّ	adj	23.22	15.57	24.03	0.72	0.00	A2		postal
3152	وَاقِعِيّ	adj,noun	23.20	15.51	24.10	0.65	0.32	A2		real, actual
3153	تَنَاوُل	noun	23.19	16.42	22.74	0.52	0.44	A1		comprehension, grasp
3154	دُنْيَا	noun	23.17	4.80	77.66	0.21	0.79	A2		this mortal life; life in this world
3155	مُبْتَدِئ	adj	23.17	15.60	34.40	1.00	0.00	B1		beginner
3156	مَرْتَبَة	noun	23.16	10.65	50.39	0.59	0.41	C2		step
3157	كَاهِن	noun	23.14	28.52	18.77	1.00	0.00	B2		diviner, soothsayer, prognosticator, fortune-teller, augur, forecaster
3158	شَابَ	verb	23.13	17.57	21.15	0.36	0.10	A1		to be grey-haired, to grow grey hair
3159	نَغْمَة	noun	23.13	9.99	53.56	1.00	0.00	B1		melody, tone, sound
3160	اِسْتِثْنَائِيّ	adj	23.10	11.59	46.06	0.93	0.02	B1		exceptional, extraordinary
3161	طَابَ	verb	23.10	66.76	7.99	0.96	0.04			to seem suitable, to remit, to do well
3162	أَحَلَّ	verb	23.09	22.30	23.91	0.03	0.74			to declare lawful, to permit
3163	تَوَجُّه	noun	23.09	6.68	79.76	0.64	0.03	B1		attention, regard
3164	تَرْخِيص	noun	23.08	9.70	54.91	0.77	0.00	B1		authorization, permission
3165	اِرْتَبَطَ	verb	23.05	10.27	51.72	1.00	0.00			to be connected, associated with
3166	إِهَانَة	noun	23.05	32.73	16.23	1.00	0.00	C2		insult, offense
3167	سَلَم	noun,adj	23.04	14.36	25.68	0.00	1.00	A1		submission, surrender
3168	خَطِر	adj	23.04	19.23	19.17	0.94	0.06	A1		dangerous, risky
3169	مُغَنٍّ	noun	23.03	18.33	28.93	0.00	0.00	C2		singer
3170	نَظَافَة	noun	23.02	8.20	64.63	0.95	0.02	C1		cleanliness
3171	بَرْمَجَة	noun	23.02	5.72	92.71	0.95	0.01	C1		programming (writing code)
3172	مُلْتَقًى	noun,adj	23.02	1.35	392.88	0.97	0.00	B1		gathering place, congregation, forum, assemblage
3173	سُفْلِيّ	adj	23.01	37.46	14.14	1.00	0.00	C1		lower
3174	وَرْد	noun	23.01	13.06	28.16	0.16	0.84	A1		roses
3175	سَبَّاق	adj	22.99	17.31	30.55	0.05	0.95	C1		describes one who rushes or is first to do something
3176	حِرْص	noun	22.99	7.82	46.92	0.70	0.30	A2		greed, craving, eagerness
3177	حَرَارِيّ	adj	22.97	15.04	35.08	0.96	0.00	C1		thermic, thermal
3178	أَنِيق	adj	22.95	21.20	24.84	1.00	0.00	B1		stylish, classy, fashionable, chic, elegant
3179	اِسْتِدْعَاء	noun	22.95	24.63	21.38	1.00	0.00	C2		summoning
3180	وَفَّرَ	verb	22.94	9.42	55.84	0.00	1.00	B1		to make more abundant, make more numerous, increase
3181	حَتْمًا	adv	22.92	34.56	15.21	0.00	0.00	B1		necessarily, decidedly, without fail
3182	بِٱلْكَاد	adv	22.91	83.52	6.29	0.00	0.02	B2		almost, nearly
3183	سَيَّرَ	verb	22.87	10.60	34.29	0.00	1.00	A1		to make roll round, to set into orbital motion
3184	تَظَاهُر	noun	22.86	21.22	24.63	0.72	0.03	C2		manifestation
3185	تَمَيَّزَ	verb	22.86	2.69	134.90	0.80	0.04	A2		to be distinguished, to be characterized
3186	دَرْدَشَة	noun	22.84	7.58	68.82	0.94	0.03	C1		chat, chatter, prattle
3187	رَاجَعَ	verb	22.83	17.57	20.60	0.99	0.01	A2		to review, to reexamine
3188	اِسْتَلَمَ	verb	22.83	19.72	26.42	1.00	0.00	B2		to touch
3189	اِعْتَرَضَ	verb	22.83	19.16	27.20	1.00	0.00	C2		to block, to obstruct, to get in the way of
3190	عَقَبَة	noun	22.82	12.33	42.25	0.82	0.18			obstacle, hindrance, difficulty, handicap, hurdle
3191	مَزَاد	noun	22.80	13.27	39.19	1.00	0.00	B2		auction, public sale
3192	اِقْتِحَام	noun	22.79	18.77	27.68	0.97	0.00	C2		break-in
3193	جَرِيح	noun,adj	22.78	7.48	69.35	0.94	0.06	B2		wounded person
3194	مَعْبَد	noun	22.78	24.67	21.02	0.85	0.00	B2		place of worship, temple
3195	تَحَطَّمَ	verb	22.77	36.65	14.15	0.99	0.01	C2		to be broken; to be destroyed
3196	تَقْسِيم	noun	22.77	6.96	51.76	1.00	0.00	A2		division
3197	أَخَافَ	verb	22.76	63.12	8.21	0.84	0.09	C1		to frighten
3198	كَلِفَ	verb,adj	22.72	20.04	25.77	0.00	1.00	B2		to spend zeal, pains and costs, to be eager (on a thing)
3199	شَمْسِيَّة	noun	22.71	12.96	39.80	0.85	0.00			umbrella
3200	مُنْفَصِل	adj	22.71	19.77	26.09	1.00	0.00	B2		separate, separated
3201	عُلْوِيّ	adj	22.69	23.23	22.17	0.00	1.00	B2		upper
3202	بِئْر	noun	22.68	9.71	52.99	0.98	0.01	B1		well, spring, water-pit
3203	جَافَ	verb,adj	22.63	27.63	18.52	0.00	0.89	B1		to be hollow
3204	هَوَائِيّ	noun,adj	22.60	18.25	27.99	0.87	0.00	C1		antenna
3205	دَاخِلِيَّة	noun	22.60	16.05	31.81	0.00	0.00			interior
3206	نِظْر	adj	22.58	24.43	14.49	0.00	1.00	A2		similar, like, matching
3207	زَيْتُون	noun,name	22.55	6.96	50.74	0.98	0.02	A2		olive (fruit or tree)
3208	سُخْرِيَّة	noun	22.54	31.27	16.25	1.00	0.00	B2		barb, taunt
3209	تِمْثَال	noun	22.54	24.98	20.34	1.00	0.00	C1		sculpture, statue
3210	عَزَفَ	verb	22.51	42.29	11.98	1.00	0.00			to whistle, howl
3211	وَرَقِيّ	adj	22.50	17.40	29.10	0.69	0.02	B1		relating to leaves
3212	بَيَّنَ	verb	22.50	12.13	28.98	0.44	0.40	A1		to make clear, to explain, to outline, to illustrate, to spell out
3213	عَمِيَ	verb	22.49	64.78	7.80	0.01	0.00	B2		to be or become blind
3214	مَعْدِن	noun	22.48	16.03	31.53	0.48	0.52	B2		mine, lode, place where a mineral is found
3215	مُؤْسِف	adj	22.46	37.45	13.47	1.00	0.00	C2		regrettable, lamentable, sad, distressing
3216	جَدَرَ	verb	22.45	42.11	11.97	0.00	1.00	B1		to have or get smallpox (of a person)
3217	جَدُرَ	verb	22.45	42.11	11.97	0.00	1.00	B1		to be suitable; to be proper
3218	وَاو	noun,name	22.44	60.45	8.33	1.00	0.00			Name of the 27th letter of the Arabic alphabet (و / و), representing the sound /…
3219	تُفَّاح	noun	22.41	27.36	18.36	1.00	0.00	C2		apple, apples
3220	إِحْيَاء	noun	22.40	9.57	52.43	0.97	0.03	B2		verbal noun of أَحْيَا (ʔaḥyā) (form IV) › revival, vitalization, revivification…
3221	عَاقِبَة	noun	22.38	24.19	20.70	0.99	0.01	C1		consequence, ramification, aftermath (result of actions, especially if such a re…
3222	مَوْلًى	noun	22.36	20.04	24.95	0.00	0.65	B1		chief, lord, master
3223	مَكْسِيكِيّ	adj	22.35	20.05	24.91	0.99	0.00			Mexican
3224	خَلَعَ	verb	22.34	41.42	12.05	0.97	0.03	B2		to take (an item of clothing) off (one's or someone else's body), to remove; to …
3225	قَرُبَ	verb	22.33	12.06	28.72	1.00	0.00	A1		to be related, to be of close relations, to be kindred (especially on the matern…
3226	اِعْتَنَى	verb	22.31	120.10	4.14	0.59	0.07	C1		to look after, to take care, to nurse
3227	إِلَخ	phrase	22.30	9.54	52.11	0.00	0.00	B2		etc.
3228	غُبَار	noun	22.29	20.12	24.70	1.00	0.00	B2		dust
3229	رَكِبَ	verb	22.27	45.41	10.92	0.00	0.79	B2		to ride
3230	أَرْنَب	noun	22.27	35.21	9.78	0.89	0.06	A2		rabbit (mammal)
3231	مَوْجَة	noun	22.24	12.88	26.68	0.00	0.00	A1		wave, billow, see مَوْج (mawj)
3232	اِرْتِكَاب	noun	22.23	13.97	35.37	1.00	0.00			perpetrating, committing (a crime, sin, etc)
3233	تَقَرَّرَ	verb	22.23	16.64	29.69	0.96	0.04	B1		to be unshakable, to stabilize, to normalize, to be invariable, to be peaceful, …
3234	مُظْلِم	adj	22.20	35.87	13.74	1.00	0.00	B1		dark, becoming dark (lack of light)
3235	فِلَسْطِينِيّ	adj,noun	22.19	0.00	683.99	0.97	0.00	A1		Palestinian
3236	عِرْض	noun	22.19	11.34	43.43	0.00	1.00	B1		tract, quarter, low land
3237	أُفُق	noun	22.19	11.05	44.57	0.97	0.03	B1		horizon
3238	نُفَايَة	noun	22.19	17.96	27.41	1.00	0.00	C1		waste, refuse, rubbish, garbage, trash
3239	كَتِف	noun	22.19	28.29	17.40	0.58	0.00	C2		the shoulder › the area between the shoulder joint and the base of the neck; the…
3240	جُبْن	noun	22.18	30.25	11.29	0.25	0.46	A2		cheese
3241	مَهْلًا	verb	22.17	462.65	1.06	0.00	0.00			act slowly, gently, leisurely!
3242	نِسْيَان	noun	22.14	31.69	15.47	1.00	0.00	B2		forgetting, neglecting
3243	تَأْسِيس	noun	22.12	3.85	88.25	0.98	0.00	A2		founding
3244	دِينَار	noun	22.12	1.74	195.85	1.00	0.00	A2		dinar
3245	عَدْوَى	noun	22.11	22.89	21.35	0.90	0.03	C2		infection, contagion
3246	إِضَاءَة	noun	22.10	9.99	33.94	0.50	0.02	A2		illumination
3247	اِخْتِطَاف	noun	22.06	24.80	19.63	1.00	0.00	C2		kidnapping, hijacking
3248	أَيْنَمَا	adv	22.06	27.64	17.60	1.00	0.00	B2		wherever
3249	تَقَاعُد	noun	22.04	19.50	24.92	1.00	0.00	C1		retirement
3250	عَالَمِيَّة	noun	22.00	6.96	69.55	0.00	0.00			universality
3251	جَوْهَر	noun	21.97	11.62	28.86	0.64	0.34	A2		jewel(s)
3252	اِقْتِرَاب	noun	21.96	18.63	25.89	1.00	0.00	B2		verbal noun of اِقْتَرَبَ (iqtaraba) (form VIII) › approach, approaching
3253	اِنْسَحَبَ	verb	21.95	24.02	20.05	1.00	0.00			to retreat, to withdraw, to pull back
3254	غِلَاف	noun	21.94	22.63	21.28	0.93	0.07	B2		cover
3255	مُوَفَّق	adj	21.94	34.33	14.02	1.00	0.00	C1		successful
3256	كَانُون	noun	21.93	5.70	84.41	1.00	0.00			brazier, hearth
3257	غَرِقَ	verb	21.92	26.14	18.39	0.77	0.23	C2		to drown
3258	سُرُور	noun	21.89	36.31	13.20	0.59	0.37	B2		joy, pleasure, satisfaction
3259	مَعْمَل	noun	21.87	20.71	23.10	0.92	0.08	C1		factory, mill
3260	عُشّ	noun	21.87	16.39	29.18	0.99	0.00	B2		nest
3261	أَذْكَرَ	verb	21.86	42.11	11.35	0.00	0.02	B1		to remind, to call to mind
3262	تَأْلِيف	noun	21.83	6.63	71.84	1.00	0.00	B1		a work of literature or art
3263	تَقَتَّلَ	verb	21.82	50.64	9.40	0.00	0.00	C1		to fight each other
3264	مُزَارِع	noun	21.82	12.42	38.33	0.53	0.00	B1		farmer
3265	مِقْياس	noun	21.80	14.41	32.96	1.00	0.00	B1		standard, scale (for comparison)
3266	تَزَيَّدَ	verb	21.78	10.19	46.52	0.00	0.00			to increase, grow
3267	مَأْسَاة	noun	21.77	17.95	26.40	0.96	0.04	B2		tragedy, calamity
3268	شُرُوق	noun	21.76	12.10	39.13	1.00	0.00			sunrise
3269	كُحُول	noun	21.76	48.12	9.84	0.83	0.00	C2		alcohol, spirits
3270	جَلَالَة	noun	21.76	27.39	17.28	0.00	1.00			loftiness, sublimeness
3271	شَبَّ	verb,noun	21.75	7.04	67.20	0.13	0.85			to be brisk, to be lively, to be sprightly
3272	مُعْتَمَد	adj	21.74	3.64	129.84	0.98	0.00	B1		trustworthy, reliable, confidential, relied on
3273	مِحْفَظَة	noun	21.73	31.37	15.05	1.00	0.00	B1		wallet
3274	أَيَّتُهَا	particle	21.72	147.00	3.21	0.29	0.71			O, oh: form of أَيُّهَا (ʔayyuhā) used when addressing females or feminine colle…
3275	نَجْمَة	noun	21.72	20.61	22.88	0.86	0.12	B1		star
3276	كِيلُومِتْر	noun	21.71	10.41	45.31	0.99	0.01	B2		kilometre
3277	مُشَجِّع	noun	21.70	15.39	30.60	0.92	0.00	B2		somebody who encourages or supports › specifically, a fan
3278	بَلَاغ	noun	21.69	8.66	54.27	0.94	0.00	B2		notification, communiqué, statement, notice, memorandum
3279	غَسَّالَة	noun	21.65	4.74	68.72	0.68	0.00	A2		washerwoman
3280	قُرَابَة	prep	21.64	13.85	33.83	0.97	0.03	B1		about, almost, approximately, just, nearly, roughly
3281	جَذَبَ	verb	21.64	17.04	27.48	0.51	0.49	B2		to draw, to pull, to remove
3282	خَيَالِيّ	adj	21.62	22.38	20.88	0.70	0.01	B1		imaginary
3283	أَقْبَلَ	verb	21.60	35.76	13.04	0.03	0.02	B1		to turn forward
3284	جَدَل	noun,verb	21.59	5.74	56.36	0.97	0.00	A2		argument, dispute
3285	يَتِيم	adj	21.59	13.11	35.54	1.00	0.00	C2		orphan
3286	لِبَاس	noun	21.57	20.38	22.84	0.90	0.10	C2		clothes, raiment, vestment, dress
3287	اَلْبَارِحَة	noun,adv	21.57	82.68	5.63	0.00	0.00			last night
3288	رِئَاسِيّ	adj	21.57	5.55	83.81	0.96	0.00	C1		related to leadership
3289	شَمْع	noun	21.54	21.95	21.14	0.56	0.26	B2		wax
3290	مُسْتَثْمِر	noun	21.51	5.63	82.26	1.00	0.00	C1		investor
3291	مُحَارَبَة	noun	21.51	12.05	38.39	0.70	0.30			fighting
3292	بِجِوَار	adv	21.50	23.14	19.98	0.00	0.00			next to
3293	اِخْتِفَاء	noun	21.50	21.80	21.20	1.00	0.00	C2		disappearance, vanishing
3294	مَلَأَ	verb,noun	21.49	20.79	22.21	0.73	0.25	B1		to fill
3295	مَضْمُون	noun,verb	21.47	7.37	62.55	1.00	0.00	B1		content
3296	أَنْسَى	verb	21.46	83.42	5.52	0.02	0.02	C2		to cause to forget or neglect
3297	عُذْرًا	intj	21.46	117.37	3.92	0.00	0.00			sorry
3298	زَرْع	noun	21.45	11.62	39.58	0.21	0.75	B1		seed
3299	بَنْد	noun	21.43	7.32	62.73	1.00	0.00	B1		clause, term, article, paragraph (in a legal instrument)
3300	رَيَّان	adj,name	21.43	23.26	19.74	0.89	0.00			plump, fleshy
3301	خَفَضَ	verb	21.41	13.48	33.99	0.01	0.99	B1		to remain, abide, stay
3302	مَجْمَع	noun	21.41	6.59	48.28	0.04	0.91	A2		a junction (place where two or more things meet)
3303	قَسّ	noun,verb	21.39	28.99	15.79	0.97	0.03			clergyman; priest; pastor, minister
3304	سَامِيّ	noun,adj	21.38	12.01	38.08	0.00	1.00			Semite
3305	إِحْدَاث	noun	21.38	9.63	47.47	0.53	0.03	B2		producing a new thing, creation, invention, origination, causation
3306	إِسْتُودِيُو	noun	21.37	11.50	39.73	0.41	0.00			studio
3307	عِلَّة	noun	21.36	35.04	13.02	0.66	0.24	B1		defect, vice
3308	إطْفَاء	noun	21.36	21.98	20.75	1.00	0.00			extinguishing
3309	حَاسِم	adj	21.34	12.58	36.21	1.00	0.00	B2		conclusive, final, crucial
3310	أَسَاسًا	adv	21.34	16.65	27.35	0.00	0.00	B1		basically, in general, quintessentially, au fond
3311	مُرْتَفَع	noun,adj	21.34	12.34	25.63	0.00	1.00	A2		a high place, elevation, highland, upland, plateau
3312	فَرْدِيّ	adj	21.29	6.43	48.95	0.97	0.01	A2		single
3313	أَمْلَك	adj	21.27	89.24	5.07	0.00	0.00			elative degree of مَالِك (mālik)
3314	تَهْرِيب	noun	21.27	12.16	37.21	1.00	0.00	C1		contraband
3315	بَصَرِيّ	adj	21.26	9.13	49.47	0.73	0.27	B2		visual, optical
3316	قَابِلَة	noun	21.20	15.23	29.50	0.00	0.02			midwife, accoucheuse, obstetrician
3317	تَجْمِيع	noun	21.19	13.21	33.98	0.97	0.00	C1		collecting things together
3318	إِدْرَاك	noun	21.18	15.51	28.93	0.85	0.00	B1		catching up
3319	فَضِيل	adj	21.15	13.38	33.44	0.23	0.77	B1		excellent, superior
3320	تَشْخِيص	noun	21.15	11.22	39.87	0.99	0.01	B2		diagnosis
3321	اِسْتَسْلَمَ	verb	21.15	59.36	7.54	1.00	0.00			to surrender, to give up
3322	تَكْرِيم	noun	21.15	5.99	74.61	0.98	0.00	C1		honoring
3323	كُورَة	noun	21.11	7.81	57.07	0.26	0.17			a type of administrative division, translated as “district” or “province”, notab…
3324	شَهِيد	noun	21.07	1.41	218.19	1.00	0.00	A1		martyr
3325	أَصَرَّ	verb	21.07	17.77	24.98	0.72	0.28	B2		to persist
3326	تَقْوِيم	noun	21.07	7.76	57.17	1.00	0.00	B1		calendar
3327	قُدُوم	noun	21.04	51.97	8.52	0.00	1.00			arrival; coming
3328	كَذِب	noun,adj	21.04	27.88	11.03	0.00	1.00	A2		lying
3329	سَجْن	noun	21.02	20.87	14.71	0.00	1.00	A1		confinement, imprisonment
3330	فَعَالِيَة	noun	21.01	3.26	135.27	0.36	0.01	C1		efficiency, effectiveness, functionality
3331	رَمادِيّ	adj	21.01	16.17	18.96	1.00	0.00	A1		gray (color)
3332	أَوْقَعَ	verb	21.00	26.17	16.86	0.79	0.21			to cause to fall, to make fall, to bring to fall
3333	شُهْرَة	noun	20.99	14.99	29.40	0.91	0.09	B1		fame, renown
3334	أَجْر	noun	20.99	9.55	32.05	0.53	0.00	A2		wages, salary, pay, hire
3335	شَهَرَ	verb	20.98	8.77	34.87	0.06	0.94	A1		to spread, to make known, to divulge
3336	طَارَ	verb	20.96	31.84	13.80	0.90	0.02	B1		to fly
3337	مَعِيشَة	noun	20.96	17.49	25.11	0.97	0.00	B2		living, subsistence, livelihood
3338	عَجِلَ	verb,adj	20.95	24.25	18.10	0.16	0.84	C1		to hurry
3339	حَبْس	noun	20.94	12.04	36.41	0.82	0.18	B2		verbal noun of حَبَسَ (ḥabasa) (form I) › imprisonment, confinement
3340	صُعُود	noun	20.93	16.48	26.59	0.41	0.59	B1		climbing, mounting
3341	تَوَرَّطَ	verb	20.90	18.35	23.81	1.00	0.00	C2		to become embroiled in
3342	عِلَاوَة	noun	20.89	13.42	32.51	0.94	0.06	B1		addition
3343	كِيَان	noun	20.86	4.71	64.16	0.98	0.02	A2		entity
3344	يَقِين	noun,adj	20.80	16.32	26.51	1.00	0.00	B1		certainty
3345	صَالُون	noun	20.79	9.85	43.85	1.00	0.00	C2		reception hall, salon
3346	قِنَاع	noun	20.78	34.50	12.52	0.78	0.11	B2		a face covering, a mask
3347	مَارَ	verb,noun	20.77	21.06	20.48	0.10	0.85			to budge, to move forth, to rise across the surface, to fluctuate, to undergo co…
3348	تَعْقِيد	noun	20.76	19.14	22.52	1.00	0.00	C2		complication, difficulty
3349	كَنَى	verb	20.73	65.75	6.54	0.01	0.99			indicate something metonymically, allude, refer to something in a veiled way
3350	سُتْرَة	noun	20.73	40.82	7.31	0.89	0.11	A1		jacket, coat
3351	تَقْلِيل	noun	20.73	10.58	40.60	1.00	0.00	B2		reduction, decreasing
3352	بَدْر	noun,name	20.72	3.50	85.30	0.94	0.05	A2		full moon
3353	مَسَحَ	verb	20.72	23.43	18.32	0.50	0.50	B1		to stroke with the hand or similar, to wipe off, to sweep
3354	اِسْتَقَرَّ	verb	20.72	13.01	33.00	1.00	0.00	B2		to be peaceful, to be stable, to be quiet, to calm
3355	عَنْكَبُوت	noun	20.71	22.91	18.73	1.00	0.00	C2		spider
3356	رَصِيف	noun,adj	20.69	21.34	20.05	0.99	0.00	C2		pavement
3357	غَرَامَة	noun	20.69	16.95	25.25	0.88	0.12	B1		fine; mulct; penalty
3358	اِحْتِيَاط	noun	20.68	15.43	27.71	0.43	0.00	B1		precaution, caution, carefulness
3359	إِسْتِرَاتِيجِيّ	adj	20.66	3.72	114.84	0.98	0.02	C1		strategic
3360	سِرًّا	adv	20.63	33.18	12.83	0.00	0.00	B2		secretly
3361	وَالٍ	noun	20.61	9.10	46.68	0.00	0.00			wali, regent, governor, prefect of a province (وِلَايَة (wilāya))
3362	مُسْتَقِيم	noun,adj	20.61	21.35	19.90	1.00	0.00	B2		rectum
3363	عُضْوِيّ	adj	20.61	8.89	47.77	0.12	0.72	B2		organic
3364	سَجَّاد	noun	20.61	6.74	43.76	0.91	0.09	A2		who performs Sujud a lot (prostration to God during prayer)
3365	نَشَّ	verb	20.59	20.86	20.32	0.89	0.00			to ooze, to sputter
3366	تُرّ	noun	20.57	38.93	10.87	0.00	0.73			plumb line
3367	عَالَجَ	verb	20.56	19.78	21.38	1.00	0.00	B2		to treat (a patient or illness or material)
3368	قَصَّ	verb,noun	20.56	15.22	27.78	0.53	0.32	C2		to cut
3369	كَيْتَ	noun	20.55	76.55	5.52	0.67	0.00			so-and-so, such-and-such
3370	تَنَجَّحَ	verb	20.53	29.96	14.07	0.00	0.00			to seek successful completion, fulfillment, accomplishment
3371	سُكُوت	noun	20.53	45.42	9.28	0.37	0.63	B1		silence
3372	جَالَ	verb,noun	20.52	23.03	18.27	0.52	0.47			to wander, to travel, to roam, to pass, to go around and through
3373	رَصَاصَة	noun	20.51	57.36	7.33	0.56	0.41	B2		lead ball, bullet
3374	مَضْحَكَة	noun	20.50	23.56	17.85	0.00	0.00			laughing stock
3375	مُلْحَق	noun,adj	20.49	3.77	111.43	0.97	0.00	B1		attachment, supplement, appendix, addendum
3376	أُسْطُوَانَة	noun	20.47	10.50	39.91	1.00	0.00	B2		cylinder
3377	جَنَى	verb	20.47	26.20	15.98	0.46	0.29	C2		to harvest, to reap, to gather; to collect, to gain, to obtain
3378	اِخْتِرَاع	noun	20.45	11.81	35.43	1.00	0.00	B2		invention
3379	طَبَخَ	verb	20.42	21.67	19.25	0.50	0.50	B1		to cook
3380	مُتَحَمِّس	adj	20.41	53.04	7.85	1.00	0.00	B1		enthusiastic
3381	جِلْدِيّ	adj	20.41	16.94	24.59	0.76	0.00			dermal
3382	أَلِمَ	verb	20.41	43.25	6.69	0.94	0.01	A1		to be in pain, to ache
3383	مَرْمًى	noun	20.41	7.77	53.56	0.95	0.00	B1		place thrown to or shot at, target, goal post, crosspoint
3384	أَرْوَع	adj	20.40	18.14	22.93	0.96	0.04	C1		elative degree of رائع
3385	بُنْدُقِيَّة	noun	20.39	41.89	9.93	0.79	0.19	B2		rifle, gun, musket
3386	سَخَّرَ	verb	20.39	28.36	14.66	1.00	0.00	C2		to subject, make subservient (ه = s.o. s.th., ل = to or for the purpose of)
3387	عُنْصُرِيّ	adj	20.39	8.99	46.24	0.77	0.22	C1		racial, ethnic
3388	بِنَايَة	noun	20.38	23.08	12.50	1.00	0.00	A2		building
3389	دُعَاء	noun	20.37	2.66	108.19	0.93	0.04	A2		call, prayer, invocation, supplication
3390	خَطْف	noun	20.37	15.29	27.13	0.99	0.00	C1		snatching away
3391	عَوَّضَ	verb	20.33	15.69	26.34	0.26	0.74			to offset, to compensate, to substitute, to replace, to make up for
3392	اِنْقِلَاب	noun	20.31	6.92	59.67	1.00	0.00	B1		coup d'état
3393	قَبِيح	adj	20.31	36.94	7.76	1.00	0.00	A1		ugly
3394	أَقْدَر	adj,verb	20.28	75.37	5.46	1.00	0.00	C1		elative degree of قَادِر (qādir), elative degree of قَدِير (qadīr): › more power…
3395	بَطِيء	adj	20.27	24.91	11.45	0.92	0.00	A1		slow, late, backward
3396	نَظِير	adj	20.27	5.17	79.40	0.98	0.00	B1		similar, alike
3397	مَتُنَ	verb	20.27	26.56	15.47	0.00	1.00	C1		to be firm, to be solid, to be sturdy
3398	جَدْوَى	noun	20.26	15.48	26.52	0.00	0.19	B2		avail, benefit
3399	حُجْرَة	noun	20.26	23.41	12.17	0.77	0.23	A2		room, compartment, cell, chamber
3400	عَجَلَة	noun	20.25	28.62	14.33	0.00	1.00	C1		haste, hurry, speed, speediness, celerity
3401	مُحَاسِب	noun	20.24	8.62	47.50	0.41	0.56	B2		accountant, bookkeeper
3402	سَتَرَ	verb	20.22	19.98	20.46	0.63	0.26	C2		to cover, to hide, to screen; to veil
3403	مُشْكِل	noun,adj	20.20	21.19	19.26	0.58	0.42			problem
3404	ضَوْئِيّ	adj	20.19	11.44	35.62	0.77	0.08			relating to light, luminous, photic
3405	شُيُوعِيّ	adj,noun	20.19	11.79	34.56	0.77	0.15	B2		communist
3406	جَابَ	verb,noun	20.18	23.81	17.10	0.51	0.40	B1		to traverse
3407	حِمَار	noun	20.17	22.62	17.98	1.00	0.00	B2		ass, donkey
3408	حَرَّكَ	verb	20.16	21.13	13.35	0.51	0.13	A2		to move
3409	إِيجَابِيَّة	noun	20.15	8.66	46.86	0.00	0.01			positivity, positivism, optimism
3410	زِرَاعِيّ	adj,noun	20.13	2.26	124.63	0.92	0.00	A1		agricultural, agrarian
3411	اِخْتِصَاص	noun	20.13	6.45	62.81	0.99	0.00	B1		specialization
3412	هَامَة	noun	20.12	10.57	38.32	0.00	0.00			owl, specifically barn owl
3413	هَزَمَ	verb	20.11	27.49	14.71	1.00	0.00	B2		to defeat, to rout, to win against
3414	حَفَرَ	verb	20.09	21.84	18.48	0.51	0.49	B2		to dig, dig out, hollow
3415	اِقْتَحَمَ	verb	20.08	24.82	16.25	1.00	0.00	C2		to dive
3416	إِمْسَاك	noun	20.07	31.65	12.73	0.84	0.03	C2		constipation
3417	خَدَّاع	noun	20.07	36.31	11.09	1.00	0.00	B2		cheater, deceiver, swindler, trickster, scammer
3418	تَأَمُّل	noun	20.07	12.57	32.03	0.31	0.00	B1		meditation
3419	مَحْبُوب	noun,adj	20.06	28.29	14.23	1.00	0.00	C1		gold piece of the Ottoman era
3420	أَرَدّ	adj	20.05	50.69	5.51	0.06	0.00	A2		more useful, more profitable; most useful, most profitable
3421	دَمَار	noun	20.04	13.50	29.76	1.00	0.00	B1		ruin, destruction, demolition, havoc
3422	قِسْط	noun	20.03	15.65	25.64	1.00	0.00			a vague amount or time of
3423	تَصَوُّر	noun	20.02	10.52	26.44	0.46	0.54	A2		imagination
3424	أَكْتَبَ	verb	20.02	32.83	12.20	0.00	0.00			to dictate something to, to make someone write
3425	وَاعَدَ	verb	20.01	34.10	11.75	0.57	0.35	C1		to agree on a meeting with, to appoint
3426	مُكَافَأَة	noun	20.01	14.05	28.50	1.00	0.00	C1		rewarding
3427	مَتَّ	verb	20.00	38.77	10.32	0.00	0.21			to spread; extend; stretch
3428	الْعَفْو	intj	20.00	17.08	23.43	0.00	0.00			you're welcome, don't mention it, not at all
3429	رَبْط	noun	19.99	12.67	31.54	0.00	1.00	B1		binding
3430	صَمَدَ	verb,adj	19.98	21.22	18.81	0.97	0.03			to betake oneself, to go
3431	عِبْء	noun	19.97	12.49	31.93	0.91	0.09	B1		burden, load, weight
3432	اِخْتِصَار	noun	19.95	12.68	31.38	1.00	0.00	B1		abbreviation
3433	صَلُحَ	verb	19.91	17.75	15.51	0.00	1.00	A2		to be righteous
3434	فَظِيع	adj	19.89	87.76	4.51	1.00	0.00	B2		abominable, detestable
3435	سَنَد	noun,verb	19.89	8.43	46.93	0.67	0.04	B1		a surface that rises from a base, face of a mountain, a wall
3436	لَهْجَة	noun	19.88	13.23	29.87	1.00	0.00	C2		dialect
3437	تَفَوَّقَ	verb	19.86	12.33	31.98	0.31	0.02	B1		to outperform, to outdo, to outclass
3438	ذِهْن	noun	19.85	11.24	24.33	0.84	0.16	A2		mind
3439	جَرّ	noun,verb	19.85	11.59	23.61	0.81	0.19	A2		pulling, pull, drawing, draft
3440	اِسْتَجَابَ	verb	19.83	13.37	29.40	0.97	0.00	C1		to respond
3441	أَسْمَى	verb,adj	19.83	29.85	13.17	0.35	0.28			to name, to call, to designate, to denominate
3442	غَالٍ	adj,noun	19.82	12.17	22.41	0.00	0.89	A2		expensive (having a high price), dear, costly, precious
3443	طَمُوح	adj	19.82	8.62	45.55	0.74	0.26	B1		ambitious
3444	رَاضٍ	adj	19.81	15.65	25.08	0.00	0.00	B2		active participle of رَضِيَ (raḍiya) › consenting
3445	خَدَعَ	verb	19.78	44.61	8.77	0.89	0.11	C1		to deceive
3446	شَوْط	noun	19.78	6.06	64.55	1.00	0.00	B2		stage, phase
3447	تَأَثَّرَ	verb	19.77	10.59	36.90	0.79	0.21	B1		to emulate, to imitate, to copy
3448	عُقْدَة	noun	19.74	11.21	34.77	0.98	0.02	B1		knot, tie
3449	إِلَامَ	particle	19.73	20.52	18.98	0.00	0.00			to what?
3450	أَسْهَمَ	verb	19.73	6.87	56.65	0.10	0.26			to contribute
3451	آذَى	verb	19.72	77.77	5.00	0.82	0.02	C1		to harm, to hurt, to abuse
3452	سِتَارَة	noun	19.71	14.67	26.49	0.96	0.04	B1		veil; screen; curtain
3453	سُمُوّ	noun	19.68	6.23	62.16	0.00	1.00	C1		highness
3454	كَمَّنَ	verb	19.67	14.69	26.34	0.00	0.69	B2		to ambush, to waylay
3455	أَبْدَى	verb	19.66	9.06	42.65	0.57	0.43			to disclose
3456	سِكْرِتِير	noun	19.66	14.14	18.98	1.00	0.00	A2		secretary
3457	مَقْصِد	noun	19.64	16.30	23.68	1.00	0.00	C2		direction, trend, drift
3458	تَعَاطَى	verb	19.64	24.29	15.88	0.56	0.00			to take
3459	تَكَرَّرَ	verb	19.63	12.57	30.63	1.00	0.00	B2		to recur, to be repeated
3460	سَهَّلَ	verb	19.61	7.76	34.43	0.00	1.00	A1		to make less difficult, toilsome, or laborious; to facilitate; to smooth; to lub…
3461	كَلَّفَ	verb	19.60	20.04	19.17	0.00	1.00	B2		to entrust ([transitive] someone [transitive or بِ (bi)] with something), to imp…
3462	مَدْعُوّ	adj,noun	19.59	17.65	21.75	1.00	0.00	C1		passive participle of دَعَا (daʕā). › named, called
3463	اِغْتِصَاب	noun	19.58	15.77	24.30	1.00	0.00	B2		rape
3464	قُطْب	noun	19.56	13.94	27.43	1.00	0.00	B1		axis, axle
3465	غَالِيّ	noun,adj	19.53	14.81	25.76	0.37	0.63			Gaul (native or inhabitant of the historical region of Gaul, or poetically the m…
3466	تَوْصِيَة	noun	19.51	6.15	61.94	1.00	0.00	B2		recommendation
3467	بِجِدٍّ	adv	19.51	45.02	8.46	0.00	0.00	B2		seriously; earnestly
3468	قَبْضَة	noun	19.51	20.18	13.10	0.89	0.11	A2		fist
3469	خَام	adj	19.50	7.62	49.90	0.98	0.00	B1		raw, crude, unprocessed
3470	خَلَاص	noun,intj	19.49	11.27	23.41	1.00	0.00	A2		liberation, deliverance, riddance
3471	لَافِتَة	noun	19.48	12.70	29.90	0.36	0.00	B2		banner, billboard, signboard, placard
3472	خَرِيف	noun	19.47	12.70	20.73	1.00	0.00	A2		autumn, fall
3473	مَنْفَذ	noun	19.46	8.92	42.48	1.00	0.00	C2		outlet
3474	نَبَاتِيّ	adj	19.46	12.14	31.19	0.83	0.00	B1		vegetarian
3475	اِسْتِعْرَاض	noun	19.43	10.72	35.21	0.95	0.00	B2		survey
3476	تَحَضَّرَ	verb	19.43	40.54	9.31	0.03	0.00	C2		to be or become civilized, settled or urbanize
3477	خَارِق	adj	19.42	43.25	8.72	1.00	0.00	C1		penetrating, piercing
3478	فِضِّيّ	adj	19.40	14.28	18.30	0.98	0.00	A2		related to silver
3479	الخَمْس	noun	19.39	12.65	29.71	0.00	0.00			the five digits of the hand
3480	دَقَّ	verb	19.39	19.85	13.15	0.96	0.04	A2		to crush, to bruise
3481	فُرْقَة	noun	19.39	15.89	23.65	0.00	1.00	B1		separation
3482	مُتَمَرِّد	noun,adj	19.38	10.64	35.29	0.99	0.00	C2		rebel, insurgent, mutineer
3483	إِشَاعَة	noun	19.38	23.37	16.07	1.00	0.00	C1		spreading, publishing
3484	تَعْبِئَة	noun	19.36	8.11	46.24	1.00	0.00	B2		verbal noun of عَبَّأَ (ʕabbaʔa) › packing, packaging
3485	سَعْي	noun	19.36	6.83	54.88	0.70	0.27	C2		endeavor, effort, exertion, zeal
3486	قَذِيفَة	noun	19.34	12.96	28.86	1.00	0.00	C1		projectile
3487	أُخُوَّة	noun	19.30	16.91	22.03	0.00	0.00	C1		brotherhood, fraternity
3488	بِيئِيّ	adj	19.28	5.97	62.19	0.98	0.00	B1		environmental
3489	مَرْكَب	noun	19.26	13.81	18.66	0.19	0.81	A2		anything upon which one rides › ship, boat, vessel
3490	ذَوْق	noun	19.26	16.72	22.18	1.00	0.00	C2		taste
3491	ظَلَام	noun	19.25	40.34	9.19	0.00	1.00	B1		darkness, gloom
3492	أَلِيف	adj	19.25	14.21	26.07	0.88	0.00			tame, domesticated (animal)
3493	فَرَس	noun,verb	19.25	17.24	21.49	0.20	0.80	B1		horse, mare
3494	تَصَنَّعَ	verb	19.24	27.58	13.42	0.00	0.00	B2		to pretend, simulate, fake, feign
3495	أَنْتَجَ	verb	19.22	8.82	41.88	0.28	0.70	B2		to produce, to generate, to bring about
3496	سَائِح	noun	19.21	5.33	48.11	0.98	0.02	A2		tourist
3497	تَشَرَّفَ	verb	19.21	15.34	24.06	0.73	0.00	C2		to be distinguished, ennobled, honored
3498	سِينَمَائِيّ	adj	19.19	6.32	58.32	0.93	0.00	C1		cinematic
3499	كَابُوس	noun	19.19	35.58	7.18	1.00	0.00	A2		nightmare
3500	فِرَار	noun	19.18	18.56	19.83	1.00	0.00	C2		escape
3501	أَسَاءَ	verb	19.18	18.33	20.06	0.96	0.02	C2		to do or act badly; to go wrong
3502	آسِيَوِيّ	noun,adj	19.17	4.70	78.26	0.00	0.00			an Asian
3503	خُدْعَة	noun	19.15	63.21	5.80	0.81	0.08	B2		trick, deception
3504	تَثَبَّتَ	verb	19.15	16.85	21.75	0.00	0.00			to verify, to ascertain
3505	بَوَّرَ	verb	19.14	9.42	38.89	0.59	0.41			to let lie fallow, to leave uncultivated, to leave unsown
3506	أُوبِرَا	noun	19.14	15.81	16.09	1.00	0.00	A2		opera
3507	حِيلَة	noun	19.13	31.40	11.66	0.99	0.01			trick, artifice, maneuver
3508	نَقِيّ	adj	19.11	20.00	18.26	0.92	0.08	C1		pure
3509	نَدْوَة	noun	19.11	3.27	111.60	1.00	0.00	C1		discussion meeting, seminar, symposium
3510	جَاهِد	adj	19.09	11.15	32.68	0.49	0.23			striving, labouring, toiling; being laborious, tedious, exerting
3511	جَلِيد	noun	19.09	29.17	8.68	1.00	0.00	A2		ice
3512	فُول	noun	19.08	15.74	16.06	1.00	0.00	A2		fava beans, fava (Vicia faba)
3513	نِتّ	noun	19.07	3.64	99.89	0.00	0.00			the Internet
3514	لَحِقَ	verb	19.05	15.06	24.11	0.03	0.65	C1		to catch up
3515	قَفْز	noun	19.05	28.69	12.64	0.90	0.10	B2		jumping
3516	نَجْدَة	noun	19.04	64.07	5.66	0.91	0.01			help, aid, support
3517	بُورْصَة	noun,name	19.04	4.36	83.11	0.99	0.00	B2		stock market, stock exchange, bourse
3518	صَرَّحَ	verb	19.03	3.85	94.22	1.00	0.00	B2		to speak distinctly, to clarify, to explain
3519	تَكَلَّفَ	verb	19.02	9.35	26.87	0.07	0.00	A2		to take on (a duty, responsibility, task, etc.)
3520	كَثُرَ	verb	19.01	7.63	47.40	0.66	0.34			to be many, to be numerous, to abound
3521	فَرَاغ	noun	19.00	17.16	21.04	0.51	0.49	B1		void, vacancy, vacuum, empty space
3522	مُعَادَلَة	noun	19.00	11.19	32.27	1.00	0.00	B2		equivalence, equality, evenness
3523	إِسْرَائِيلِيّ	adj,noun	18.99	0.00	501.07	0.93	0.00	A2		Israeli
3524	قَفَص	noun	18.99	24.39	14.78	0.99	0.01	B2		cage, birdcage, pen, coop
3525	مَشْرِق	noun,name	18.97	12.24	29.40	1.00	0.00	B2		east, direction where the sun rises
3526	عَارِض	noun	18.92	12.97	27.62	0.93	0.00	B2		obstacle
3527	جَاذِبِيَّة	noun	18.92	22.37	16.00	0.99	0.01	C1		gravitation, gravity
3528	وَبَّ	verb	18.91	7.74	46.19	0.00	0.13			to prepare to charge or make an assault in battle
3529	طَرَدَ	verb	18.91	30.94	11.55	0.94	0.06	B1		to push away, to drive away, to repel
3530	نَاقِل	noun,adj	18.87	10.08	35.32	0.40	0.00	C2		transporter
3531	أُفٍّ	intj	18.87	19.36	18.39	0.38	0.11			denotes repugnance or annoyance; oof, ugh, faugh
3532	عُمُومِيّ	adj	18.85	4.17	85.29	0.99	0.00	B2		public
3533	فَطْر	noun	18.85	17.42	20.40	0.00	1.00	B1		crack, fissure, rift, rupture, cleavage
3534	فَخّ	noun,verb	18.85	35.50	10.01	0.99	0.01	B2		trap, snare, gin
3535	تَفَاعُل	noun	18.84	6.03	58.86	0.84	0.01	B1		interaction
3536	رَايَة	noun	18.84	20.78	17.09	0.73	0.19	B1		banner, ensign, an army's battle standard
3537	حَانَة	noun	18.84	73.27	4.85	0.00	0.46	B1		tavern, groggery
3538	تِلْفَاز	noun	18.83	39.18	9.05	0.00	1.00	C1		television (medium or device for receiving television signals)
3539	سِلْمِيّ	adj	18.83	3.83	64.24	0.97	0.03	A2		peaceful
3540	آمَنَ	verb,adj	18.82	11.75	20.94	0.00	1.00	A2		to believe
3541	حَفِيد	noun	18.82	19.99	12.30	0.99	0.01	A1		grandson
3542	رَكَضَ	verb	18.81	52.99	6.68	0.92	0.08	B1		to race, to rush, to run
3543	لَاسِلْكِيّ	adj	18.81	12.05	29.38	1.00	0.00	B2		wireless
3544	صَدْق	adj	18.80	13.29	18.46	0.00	1.00	A2		true, truthful, sincere
3545	قُمَاش	noun	18.78	13.27	26.58	1.00	0.00	B2		cloth, material for clothing
3546	شَرِير	adj	18.77	53.62	6.57	0.00	1.00	C2		evil
3547	هُرَاء	noun	18.76	181.31	1.94	1.00	0.00	C1		nonsense, baloney
3548	بِمُوجِبِ	prep	18.75	7.06	49.79	0.00	0.18			according to, on account of
3549	طِين	noun	18.74	15.56	15.67	0.95	0.01	A1		wet or sticky soil, clay, loam; mud
3550	خَائِن	noun,adj	18.72	38.09	9.20	0.98	0.02	C1		traitor, judas, betrayer
3551	مُمِلّ	adj	18.71	45.43	5.35	1.00	0.00	A1		tiresome, boring
3552	إِيقَاع	noun	18.71	17.26	20.28	1.00	0.00	B2		rhythm (variation of strong and weak elements of sounds over time)
3553	مُذْنِب	adj,noun	18.70	52.54	6.66	1.00	0.00	B2		guilty
3554	شَهِيَّة	noun	18.67	14.50	24.04	0.93	0.00	C2		appetite
3555	آدَ	verb	18.67	54.93	6.34	0.00	0.58			to bend, to strain, to place under stress, to weigh down, to burden
3556	شَدَّ	verb	18.66	6.19	39.05	0.56	0.32	A2		to make firm, solid, hard, strong; to strengthen, solidify, harden
3557	مَامَا	noun	18.66	43.86	5.51	0.00	0.00	A1		mum, mummy, mama
3558	دَلَالَة	noun	18.64	7.87	44.18	0.80	0.20	C1		indication, hint, argument, guidance
3559	بَاكِر	adj	18.64	33.18	10.47	1.00	0.00	B1		early
3560	تَشَهُّد	noun	18.64	5.34	45.16	0.00	0.01	A2		testimony of faith.
3561	جَارِيَة	noun	18.64	8.28	41.95	0.02	0.00			a handmaiden; a slave-woman
3562	عَجَب	noun,adj	18.63	29.84	11.63	0.35	0.65	B2		wonder, marvel, astonishment, amazement
3563	نَتَجَ	verb	18.62	7.50	46.25	0.34	0.66	B1		to bear, to bring forth (young)
3564	دَوْرِيَّة	noun	18.62	10.41	33.31	0.76	0.24	B1		patrol
3565	رَاقِص	noun	18.62	41.61	8.33	1.00	0.00			dancer
3566	فَاجَأَ	verb	18.62	10.13	34.21	0.95	0.05	C2		to overtake, to descend upon or confront unexpectedly, to ambush; to surprise
3567	نُزْهَة	noun	18.61	20.29	11.85	0.37	0.00	A2		an amene activity, a pleasure trip, a stroll
3568	نَجِيب	adj,name	18.58	13.91	24.82	0.00	0.41	B1		noble, illustrious, distinguished, whiz
3569	طَعْم	noun	18.58	20.32	16.99	0.00	0.83			taste, flavor
3570	فْلَاش	noun	18.57	4.06	84.97	0.00	1.00	B2		camera flash
3571	اِسْتِمْتَاع	noun	18.57	12.34	27.95	1.00	0.00	C2		enjoyment
3572	بَشَرِيَّة	noun	18.55	14.79	23.28	0.00	0.00			humankind, mankind
3573	فَصِيلَة	noun	18.55	10.99	31.30	0.00	0.67	C1		offshoot, faction
3574	أَحَاطَ	verb	18.54	10.16	33.85	0.99	0.01	C1		to surround, encircle, ring
3575	حِدَّة	noun	18.53	7.46	31.93	0.93	0.07	A2		sharpness
3576	رَشّ	noun,verb	18.52	9.94	34.48	0.77	0.04	B2		sprinkling, watering
3577	لَغَمَ	verb,noun	18.51	17.38	19.72	0.98	0.02			to mine, to fit explosive material to
3578	سَوَّلَ	verb	18.50	16.84	20.33	0.95	0.05			to entice, to tempt, to make covet
3579	حَبَا	verb	18.48	24.90	13.72	0.00	0.45			to crawl, to creep
3580	مُقَرَّر	noun,adj	18.48	2.20	107.59	0.37	0.44	A2		curriculum
3581	لَجَأَ	verb,noun	18.47	6.53	52.26	0.84	0.01	B2		to take shelter, to take refuge; to seek asylum
3582	ضَائِع	adj	18.47	21.88	15.60	0.84	0.16	B2		lost
3583	تَسَرَّبَ	verb	18.47	16.77	20.35	1.00	0.00	C2		to leak out, to flow off, to seep
3584	مُخْتَار	adj	18.45	4.45	53.17	0.58	0.34	A2		chosen
3585	صُحْبَة	noun	18.44	20.99	16.20	0.69	0.02	C1		companions; collective of صَاحِب (ṣāḥib)
3586	تَعَدَّى	verb	18.43	12.12	28.04	0.97	0.03	C1		to encroach, to exceed, to go beyond
3587	عِيَار	noun	18.41	15.03	22.55	0.89	0.00			calibre, fineness, titre, any gauge by which the effective dose or value of some…
3588	اِحْتَمَلَ	verb	18.41	17.06	19.87	1.00	0.00			to carry
3589	تَنْبِيه	noun	18.41	9.26	36.61	0.99	0.00	B2		warning, cautioning
3590	رَقَابَة	noun	18.39	4.80	70.42	1.00	0.00	B2		censorship
3591	مُهَاجِر	noun	18.37	5.73	58.87	1.00	0.00	B1		migrant, immigrant
3592	خَارِجِيَّة	noun	18.36	5.96	56.62	0.00	0.00			exterior
3593	تَكَشَّفَ	verb	18.36	7.37	45.75	0.05	0.00	B1		to cause oneself to be exposed when sitting, for private parts to be bared
3594	فِدِرَالِيّ	noun	18.36	31.34	10.75	0.00	0.00			federal
3595	مُرَوِّع	adj	18.34	22.16	15.18	1.00	0.00	B1		horrendous, frightening, horrifying, terrifying, gruesome, terrible
3596	عَذَاب	noun	18.34	8.27	40.65	0.99	0.00	B1		torture, torment, punishment
3597	ظُفْر	noun	18.33	16.18	20.76	0.71	0.29	C1		fingernail
3598	مُخْلِص	adj	18.32	18.33	18.32	0.84	0.16	B2		devoted
3599	أَفْسَدَ	verb,adj	18.29	55.65	6.01	0.61	0.35			to spoil, to damage, to ruin
3600	حَارَبَ	verb	18.29	22.91	14.60	1.00	0.00	C2		to wage war against, to war, to fight, to battle
3601	عِلْمِيَّة	noun	18.28	5.37	62.23	0.00	0.00			scientificity, scientificness, scientificalness
3602	صُنْع	noun	18.27	14.97	15.49	1.00	0.00	A1		production, manufacture, making
3603	نَهْج	noun	18.27	4.63	50.12	1.00	0.00	A2		taken path; way; mode; technique; method, sort; norm;
3604	عُمُومًا	adv	18.26	8.85	37.68	0.00	0.00	B1		generally, in general, generally speaking
3605	تَرَفَّضَ	verb	18.26	15.13	22.04	0.00	0.00	B1		to be or become bigot, fanatic
3606	مُتَّجِه	noun,adj	18.25	23.48	14.19	0.93	0.00			a vector, Euclidean vector (a quantity with magnitude and direction)
3607	أَنْجَزَ	verb	18.22	15.88	20.91	1.00	0.00	C1		to give the finishing stroke to
3608	مِرْفَق	noun	18.22	6.22	53.41	0.66	0.34	B2		armrest
3609	حَارَة	noun	18.21	11.68	28.40	0.47	0.51	B2		quarter (district of a city), neighbourhood
3610	رَحَّبَ	verb	18.19	8.77	37.72	0.00	1.00	B2		to welcome, to make welcome, to receive graciously
3611	اِسْتِجْوَاب	noun	18.19	23.87	13.86	0.98	0.00	C1		questioning, interrogation
3612	مِضْرَب	noun	18.18	18.45	17.93	0.82	0.00			bat, racket (club used for striking the ball in sports)
3613	إِنْفَاق	noun	18.18	9.18	35.97	0.78	0.22	B2		expenditure
3614	تَعَادُل	noun	18.15	5.66	58.19	0.69	0.29	B1		being or becoming equal to one another
3615	صِدْق	noun	18.13	13.29	17.18	0.00	0.95	A2		truthfulness, sincerity, honesty
3616	جَلِيل	adj,name	18.12	10.65	30.85	0.17	0.47	C2		great, important
3617	اِنْفَصَلَ	verb	18.11	48.87	6.71	1.00	0.00	B2		to detach, come away, break off
3618	لَأَى	verb,noun	18.10	18.77	17.46	0.00	0.14			to be slow
3619	مُوَلَّد	adj,noun	18.07	8.98	36.36	0.00	1.00	B2		born, begotten
3620	مَحْمُود	adj,name	18.06	3.17	103.00	0.06	0.94			praised
3621	تَأَكَّلَ	verb	18.05	47.40	6.87	0.00	0.00	C1		to be devoured, to be consumed
3622	دَبَّابَة	noun	18.05	12.49	26.07	1.00	0.00	B1		tank, armoured vehicle
3623	كَرَاهِيَة	noun	18.04	13.32	24.44	1.00	0.00	B2		aversion, antipathy, dislike, distaste, disgust, repugnance, hatred, loathing
3624	أَجَادَ	verb	18.02	25.36	12.80	0.97	0.00			to excel
3625	شَرُفَ	verb	18.01	14.75	22.00	0.00	1.00	B1		to be noble, to be highborn, to be illustrious, to be eminent, to be distinguish…
3626	رَحِبَ	verb	18.00	8.77	36.93	0.00	1.00	B2		to be wide, to be spacious, to be roomy
3627	أَنَاقَة	noun	18.00	3.76	86.26	0.89	0.00			elegance, grace
3628	صَدًى	noun	17.99	6.96	46.53	0.90	0.03	C1		echo
3629	مَحْفُوظ	adj,name	17.98	4.24	76.29	0.88	0.12	B1		passive participle of حَفِظَ (ḥafiẓa) › preserved, protected, guarded
3630	كَاثُولِيكِيّ	adj,noun	17.98	10.62	30.43	1.00	0.00	B1		Catholic
3631	رَصَدَ	verb	17.96	4.76	67.76	0.56	0.44	C1		to observe
3632	مَاسَّ	verb	17.96	14.77	21.85	0.00	0.71			to touch
3633	تَجَسُّس	noun	17.94	14.37	22.39	1.00	0.00	C2		espionage
3634	قُبَالَةَ	prep	17.93	22.17	14.50	0.99	0.01	C2		in front of, facing, opposite, before
3635	نُهُوض	noun	17.91	9.86	32.55	1.00	0.00	B2		recovery, revival
3636	رِيفِيّ	noun,adj	17.89	11.85	27.03	0.74	0.00	B1		landsman, countryman, peasant
3637	تَجْرِيبِيّ	adj	17.89	9.48	33.78	0.98	0.00	B1		empirical
3638	تَصْنِيع	noun	17.88	5.57	57.37	1.00	0.00	B2		manufacture, fabrication
3639	أَمَرَ	verb	17.86	11.74	18.86	0.00	1.00	A1		to order, to command, to bid, to instruct
3640	تُسُع	noun	17.83	13.50	16.35	0.89	0.11	A2		one ninth
3641	مُطَالَبَة	noun	17.82	2.57	85.64	0.88	0.00	A2		request, demand, plea
3642	عَشِيرَة	noun	17.80	8.58	36.91	1.00	0.00			clan
3643	رُتْبَة	noun	17.77	9.44	33.47	0.91	0.09			step
3644	رَصِيد	noun	17.77	3.97	79.43	1.00	0.00	C1		stock, inventory (merchandise)
3645	لَمَحَ	verb	17.76	13.16	23.97	0.00	1.00	C1		to glimpse at, to look at, to notice
3646	مَنْجَم	noun	17.76	23.86	13.21	1.00	0.00	B2		mine
3647	رَوِيَ	verb	17.75	24.02	13.12	1.00	0.00	B1		to be well-watered (of a plant)
3648	عَمْق	noun	17.74	15.73	20.00	0.00	1.00	B1		depth
3649	تَسَلَّمَ	verb	17.73	7.25	43.38	0.87	0.13	B1		have handed over, to take over, to receive
3650	وَرِثَ	verb	17.72	13.31	23.59	0.95	0.05	B2		to inherit
3651	تَبْدِيل	noun	17.71	17.08	18.36	1.00	0.00	C2		giving in exchange, exchange
3652	شَاقَّ	verb,adj	17.70	21.93	14.29	1.00	0.00			to go against, to oppose, to clash with, to contend with
3653	مُوسَى	noun,name	17.69	5.38	58.22	0.05	0.95			razor, blade
3654	خَشَبِيّ	adj	17.68	14.56	21.46	0.82	0.00	B2		wooden
3655	إِزْعَاج	noun	17.68	37.43	8.35	1.00	0.00	B1		annoyance, nuisance, disturbance
3656	ذَخِيرَة	noun	17.67	16.07	19.42	1.00	0.00	C2		supply, reserve
3657	مَكَانَكَ	verb	17.67	83.44	3.74	0.00	0.00			Don’t move! stop! freeze!
3658	مَكْسُور	adj	17.65	31.96	9.75	1.00	0.00	B1		broken
3659	رَضِيَ	verb	17.64	2.15	144.82	0.90	0.10			to be pleased
3660	وَبِرَ	verb,adj	17.64	12.87	24.17	0.12	0.72			to be rich in hair
3661	مَاسَة	noun	17.64	15.11	20.59	0.00	0.51	C2		a diamond
3662	عَبَث	noun	17.63	27.63	11.25	0.89	0.11	C1		uselessness
3663	وَضْعِيَّة	noun	17.63	11.20	27.74	0.00	0.00			situation, status
3664	مُتَطَرِّف	noun,adj	17.62	6.25	49.64	1.00	0.00	B1		extremist, radical
3665	اِنْطَبَقَ	verb	17.61	12.77	24.29	1.00	0.00			to become covered
3666	تَعَرُّض	noun	17.61	9.68	32.01	0.85	0.15	B1		exposure
3667	أُسْبُوعِيّ	adj	17.60	6.42	48.27	0.80	0.08	B1		weekly
3668	وَهْمِيّ	adj	17.60	15.44	20.07	0.85	0.00	C2		imaginary
3669	نَصِير	noun	17.60	3.92	78.95	0.03	0.00	B1		supporter, defender, helper, ally
3670	صَفَرَ	verb,noun,name	17.60	10.17	30.44	0.00	1.00	B1		to whistle
3671	حَكَى	verb	17.57	7.40	41.73	1.00	0.00	C2		to tell, report, narrate, relate
3672	لَبَّى	verb	17.57	6.34	48.67	0.48	0.07	C2		to comply, to follow, to meet
3673	فَصَلَ	verb	17.57	11.52	18.61	0.93	0.07	A2		to separate, to divide
3674	رُبَاعِيّ	adj,noun	17.57	9.03	34.16	0.98	0.00			consisting of four, quadripartite, fourfold, quadruple
3675	شَافَ	verb	17.54	8.84	34.83	0.28	0.18	B2		to look down at; to view
3676	إِفْرَاج	noun	17.54	7.51	40.96	1.00	0.00	C1		release, freeing, liberation (of prisoners, from custody, etc)
3677	مَقَالَة	noun	17.53	13.03	23.59	0.00	0.45	B2		article, essay
3678	ثُلُث	noun	17.52	5.62	37.94	0.98	0.02	A2		one third
3679	أَلْحَقَ	verb	17.52	19.85	15.46	0.27	0.73	B2		to cause (someone) to reach (بِ someone) › to attach, to affix, to join, to appe…
3680	سَاحِرَة	noun	17.51	26.65	11.51	0.00	0.00	B2		sorceress, witch
3681	تَقَرَّأَ	verb	17.51	25.05	12.23	0.00	0.00			to cause oneself to read or study, to cause oneself to learn knowledge or a scie…
3682	مَقْبَرَة	noun	17.50	15.09	20.29	0.00	0.45	B2		cemetery, graveyard, burial ground
3683	عَقِيدَة	noun	17.49	3.06	99.85	0.98	0.01	C2		belief, creed
3684	آنَذَاكَ	adv	17.49	8.88	34.44	1.00	0.00	B1		then, at that time
3685	إِقْلِيمِيّ	adj	17.48	1.51	140.61	0.97	0.00	A1		regional
3686	مُتَوَتِّر	adj	17.48	46.26	6.61	1.00	0.00			tense, strained
3687	أَشْقَر	adj	17.48	16.81	12.62	0.95	0.05	A2		yellowish; fair, blond
3688	سَكَتَ	verb	17.48	27.82	10.98	0.95	0.05	C2		to be silent
3689	مُهْلَة	noun	17.46	14.58	20.92	0.72	0.22	C1		term, stint
3690	خَفِيّ	adj	17.46	13.29	22.95	0.87	0.11	C2		hidden, invisible, unseen
3691	مَانِع	noun,adj	17.43	16.98	17.89	0.43	0.57	B1		hindrance, obstacle, impediment
3692	نَادِرَة	noun	17.43	12.01	25.30	0.00	0.11			rarity; rare thing
3693	فِعْلِيًّا	adv	17.43	18.12	16.75	0.00	0.00			substantially, effectively, de facto, actually
3694	اِسْتِقَالَة	noun	17.42	6.20	48.94	0.79	0.17	B2		resignation
3695	وَقَّعَ	verb	17.40	10.29	20.44	0.31	0.69	A2		to apply
3696	تَزَايَدَ	verb	17.40	5.92	51.14	0.24	0.19	B2		to outbid each other
3697	الوَدَاع	intj	17.39	30.16	10.03	0.00	0.00			farewell, adieu, goodbye
3698	تَوْسِيع	noun	17.39	5.36	56.39	1.00	0.00	B1		making (something) spacious
3699	تَذَاكَرَ	verb	17.38	20.53	14.72	0.98	0.02	B1		to remind one another of (something), to confer together, to have a talk
3700	مُطارَدَة	noun	17.36	29.52	10.21	0.99	0.01	B2		chase
3701	صُدَاع	noun	17.34	23.73	12.67	1.00	0.00	C2		headache
3702	قَاع	noun	17.33	15.74	19.08	0.91	0.06	B1		bottom (the lowest part of a container)
3703	أَفْقَدَ	verb	17.31	34.88	8.59	0.53	0.33			to make lose, to deprive
3704	قَصْد	noun	17.27	11.12	18.63	0.79	0.21	A2		intention, objective, purpose, resolution, end, aim
3705	هِوَايَة	noun	17.27	5.83	35.55	1.00	0.00	A2		hobby
3706	عِبَادَة	noun	17.27	4.51	66.10	0.91	0.09	C1		worship, religious practice
3707	اِنْطِبَاع	noun	17.26	15.01	13.77	0.88	0.00	A1		impression (indentation made by pressure)
3708	مُرْضِيّ	adj	17.25	11.69	25.46	0.90	0.10	B1		morbid, pathological
3709	أَوَّلِيَّة	noun	17.25	8.51	34.98	0.00	0.63	C1		priority; precedence (an item's relative importance)
3710	مُنْتَجَع	noun	17.25	10.30	28.87	1.00	0.00	B1		resort
3711	مَوْهُوب	adj	17.24	19.02	15.62	1.00	0.00	B1		talented
3712	مُلْحُوظ	adj	17.24	8.79	33.78	1.00	0.00	B2		looked at, observed, observable
3713	بَنْزِين	noun	17.23	15.56	19.08	1.00	0.00	B2		petrol, gasoline
3714	رُوبُوت	noun	17.22	14.12	20.98	1.00	0.00			robot
3715	حَشِيش	noun	17.20	24.60	12.03	0.86	0.05			grass, hay
3716	حَافَّة	noun	17.19	17.60	11.66	0.32	0.68	A2		edge, border, coast
3717	دَاء	noun	17.19	13.95	21.18	0.96	0.04	B1		disease, ailment
3718	عَجِيبَة	noun	17.18	6.44	45.84	0.00	0.85	C2		wonder, marvel, miracle
3719	أَغْلَبِيَّة	noun	17.18	5.18	39.56	0.65	0.06	A1		majority
3720	فِلْفِل	noun	17.17	13.25	15.46	0.74	0.02	A1		pepper (including sweet peppers, chilis as well as black pepper)
3721	خَلِيفَة	noun	17.15	1.99	102.44	0.98	0.01	A2		a successor
3722	وِفَاق	noun	17.14	9.46	31.05	0.99	0.01	C1		accordance, conformity
3723	تَحَكَّمَ	verb	17.14	22.96	12.79	0.75	0.25			to have one's own way; to domineer
3724	سُلَّم	noun	17.11	17.21	11.80	0.80	0.20	A1		ladder, stairs
3725	تِلِفُون	noun	17.10	10.87	26.89	0.12	0.20			telephone
3726	سْوِيسْرِيّ	adj	17.09	4.32	46.90	1.00	0.00	A2		Swiss
3727	حَجَزَ	verb	17.08	20.20	14.45	0.84	0.16	C2		to hold back, to restrain, to contain
3728	مُرْعِب	adj	17.08	21.45	13.60	0.98	0.00	B1		terrifying, frightening, horrifying
3729	اِرْتِيَاح	noun	17.06	17.64	16.49	1.00	0.00			satisfaction
3730	تَخْرِيب	noun	17.05	15.42	18.85	0.98	0.02	C1		ruining, destroying
3731	دَبَّ	verb,noun	17.04	25.94	11.20	0.60	0.40	B1		to creep, to crawl
3732	هُولَنْدِيّ	noun,adj	17.04	5.49	36.72	0.00	0.00	A2		Netherlander, Dutchman
3733	ثَبَتَ	verb,noun	17.03	8.18	35.47	0.90	0.10	C2		to be firm, fixed, stable
3734	طَازَج	adj	17.02	16.37	17.70	1.00	0.00	B1		fresh
3735	مُقَدَّر	adj	17.02	14.87	19.48	1.00	0.00	C1		implied, implicit
3736	إِقْلِيم	noun	17.02	1.63	123.70	1.00	0.00	A1		region, climate (geographical area of the earth, particularly a zone of latitude…
3737	مَفْعُول	noun	17.01	12.26	23.59	1.00	0.00	B2		done, made
3738	إِقْلَاع	noun	17.00	14.77	19.57	1.00	0.00	C1		abstaining, quitting, cessation, discontinuation (especially a bad habit, smokin…
3739	كَدّ	noun,verb	17.00	21.15	13.66	0.11	0.72			toil, fatigue, assiduity
3740	بَارِع	adj	17.00	55.12	5.24	1.00	0.00	C1		skillful, skilled
3741	تَوْحِيد	noun	16.99	2.43	82.44	1.00	0.00	A2		oneness
3742	تَسَنَّى	verb	16.98	19.76	14.59	1.00	0.00			to become elevated, to rise
3743	مِصْبَاح	noun	16.97	19.34	14.89	0.53	0.47	C1		lamp
3744	مُنَاخ	noun	16.96	6.01	47.89	0.99	0.01	B1		climate (“long term atmospheric conditions”)
3745	ظُلْم	noun	16.95	5.85	34.10	0.38	0.62	A2		wrong, wrongdoing, injustice, injuriousness, tyranny
3746	ظُلْمَة	noun	16.93	8.32	34.45	0.17	0.69	B1		darkness
3747	أَغْرَب	adj	16.92	30.11	9.51	0.49	0.17			elative degree of غَرِيب (ḡarīb): › stranger, more peculiar, more unusual; stran…
3748	صَقْر	noun	16.92	10.28	27.84	0.71	0.29	B2		falcon
3749	مَزْرَع	noun	16.92	17.78	16.11	0.06	0.87			field, farmland
3750	أَبَدِيّ	adj	16.92	15.52	12.80	0.81	0.01	A1		eternal, everlasting, endless
3751	مَسْح	noun	16.90	14.88	19.21	0.00	1.00	B1		a survey
3752	إِبْعَاد	noun	16.89	15.41	18.52	0.83	0.17			distancing
3753	جَائِع	adj	16.88	82.49	3.46	0.98	0.02	B2		hungry
3754	رَمَضَان	noun,name	16.87	1.35	146.88	0.00	1.00	A1		Ramadan (the holy ninth month of the Islamic lunar calendar, during which Muslim…
3755	قُرْصَان	noun	16.85	20.63	13.76	0.86	0.00	C1		pirate, sea-raider
3756	مِرْوَحِيَّة	noun	16.85	22.19	12.79	0.73	0.00	B2		helicopter
3757	مُوَحِّد	noun	16.85	4.21	67.46	1.00	0.00	B1		Muwahhid, Almohad
3758	فَاقَ	verb	16.82	7.77	36.37	0.88	0.12	B2		to exceed, to surpass, to go over, to go beyond
3759	إِتْمَام	noun	16.80	9.27	30.46	1.00	0.00	C1		completion, finalization
3760	قَوَّمَ	verb	16.79	15.97	12.26	0.00	1.00	A1		to raise
3761	مَيْس	noun	16.79	10.31	27.34	0.82	0.15			nettle tree, hackberry (Celtis gen. et spp., especially Celtis australis, but lo…
3762	كَسْب	noun	16.78	12.42	22.68	0.18	0.82	B1		revenue
3763	حَسَبَمَا	conj	16.78	9.20	30.62	1.00	0.00	B2		according to, from what, depending on
3764	تَثْبِيت	noun	16.75	5.32	52.72	1.00	0.00	B2		stabilization, fixing
3765	عَبْقَرِيّ	adj,noun	16.75	45.74	6.13	0.89	0.06	B1		of or pertaining to the Abqar valley
3766	ذَكَّرَ	verb	16.72	12.44	15.61	0.00	1.00	A2		to make masculine
3767	طُعْم	noun	16.71	23.87	11.71	0.00	1.00			morsel of food, chunk
3768	شَبِيه	adj	16.71	10.06	27.77	0.83	0.12	B2		similar, resembling
3769	مُرْتَاح	adj	16.71	39.10	7.14	1.00	0.00	B1		comfortable (of a person)
3770	مُبْدِع	noun,adj	16.70	5.63	49.60	1.00	0.00	B1		creator, inventor
3771	عِلِّيَّة	noun	16.70	18.27	15.27	0.92	0.08	C1		attic
3772	تَرْك	noun	16.70	12.55	15.43	0.00	1.00	A2		leaving, abandoning
3773	مُتَوَاصِل	adj	16.69	6.66	41.85	1.00	0.00	B1		continuous, uninterrupted, ongoing, incessant
3774	عَاجِز	adj,noun	16.67	16.72	16.63	1.00	0.00	C1		incapable
3775	لُقْطَة	noun	16.66	17.29	16.05	0.00	0.67	C1		anything found by chance and picked up
3776	أَكْرَهَ	verb	16.66	107.79	2.57	0.00	0.00			to force, to compel, to coerce
3777	تَوْأَم	noun	16.65	25.78	10.75	0.99	0.01			one who was born of a multiple birth, i.e. a twin, triplet, quadruplet, etc.
3778	عِرَاقِيّ	adj	16.65	0.00	384.80	0.97	0.00	A1		Iraqi
3779	أَوْصَلَ	verb	16.64	30.43	9.09	0.23	0.50			to join, to unite, to connect
3780	مُتَوَاضِع	adj	16.63	13.98	19.79	1.00	0.00	B2		humble, modest
3781	بَطَاطِس	noun	16.61	19.15	10.01	1.00	0.00	A1		potato
3782	سَالَ	verb	16.61	20.73	13.30	0.71	0.26	C2		to flow, to run
3783	مِتْرُو	noun	16.60	10.68	17.91	1.00	0.00	A2		metro, underground
3784	إِبْرَة	noun	16.60	16.22	16.98	0.67	0.00	B2		needle (all senses)
3785	حَمِيم	noun,adj	16.59	27.16	10.14	1.00	0.00	B1		hot water, hot bath, fever
3786	شَقَّقَ	verb	16.58	3.12	88.01	0.00	0.00			to split, to tear open
3787	بَرَّاد	noun	16.57	42.66	6.44	0.85	0.01			refrigerator
3788	رُكْبَة	noun	16.56	25.94	10.57	0.55	0.45	C1		knee
3789	عَدِيم	adj	16.55	42.55	6.44	1.00	0.00	C2		non-existent, missing
3790	مَلْء	noun	16.55	14.65	18.68	0.77	0.23	C1		filling, being full
3791	مُسِنّ	adj	16.53	12.57	21.72	0.88	0.12			old, aged
3792	لَمَعَ	verb	16.51	9.34	29.20	0.27	0.04	B1		to beam, to shine
3793	مَاهِر	adj,name	16.51	15.19	17.94	0.36	0.64	B2		skilled, skillful, proficient, adept
3794	وَاقِعِيَّة	noun	16.49	10.13	26.84	0.00	0.30	B2		reality, actuality
3795	صَوَّتَ	verb	16.48	11.31	16.68	0.86	0.14	A2		to make a sound, to sound
3796	مُهْمَل	adj	16.48	8.74	31.09	1.00	0.00			neglected
3797	يَأْس	noun	16.48	11.28	24.08	0.95	0.05	B2		despair
3798	مُمَاثَلَة	noun	16.47	6.91	39.26	0.00	0.00			resemblance, similarity, likeness, correspondence
3799	بَرَاءَة	noun,name	16.46	9.42	28.78	0.99	0.01			verbal noun of بَرِئَ (bariʔa) (form I) › blamelessness, innocence
3800	رِدَّة	noun	16.44	20.06	13.47	1.00	0.00	B2		apostasy
3801	شِرْيَان	noun	16.43	9.56	28.25	0.84	0.16	C1		artery
3802	أَزْعَجَ	verb	16.43	58.30	4.63	1.00	0.00	C1		to bother
3803	حَرَّرَ	verb	16.41	11.38	23.65	0.88	0.00	B2		to free, to liberate, to emancipate
3804	مُدَافِع	noun	16.40	6.57	40.95	0.68	0.32	B2		defender
3805	اِلْتَهَمَ	verb	16.39	18.61	14.44	0.02	0.09			to devour, to gobble, to gormandize, to gorge, to wolf, to swallow up
3806	تَجَوَّلَ	verb	16.39	31.98	8.40	0.82	0.00	B2		to roam, to wander, to move around
3807	صَيْدَلِيَّة	noun	16.38	7.42	25.11	1.00	0.00	A2		pharmacy, drugstore, apothecary
3808	بَدَنِيّ	adj	16.36	5.17	51.78	0.97	0.02	B2		bodily, of human body, corporal, physical
3809	فِيتَامِين	noun	16.35	6.64	40.25	0.69	0.00	C2		vitamin
3810	صَارِم	adj	16.33	13.93	19.14	1.00	0.00	C2		sharp, acute, keen (of an edge or point)
3811	أَمِرَ	verb	16.30	12.28	15.03	0.00	1.00	A1		to grow, to become abundant (of a thing)
3812	أَرْز	noun	16.28	7.98	23.06	0.42	0.58	A1		cedar (Cedrus gen. et spp.)
3813	عَلَنَ	verb,noun	16.27	9.21	19.96	0.29	0.71	A2		to become public, to be manifest, to be revealed or made public (of news or an i…
3814	وَسِيم	adj,noun	16.24	33.42	5.48	0.40	0.56	A2		handsome, pretty, goodly, elegant
3815	تَرَفُّع	noun	16.24	12.65	20.85	0.05	0.00	B1		arrogance, haughtiness, pride, presumption
3816	حَمْل	noun	16.23	11.68	15.65	0.47	0.53	A2		carrying
3817	مُنْتَشِر	adj	16.22	8.16	32.26	1.00	0.00	B2		common, prevalent, widespread
3818	بُلُوغ	noun	16.22	9.45	27.84	1.00	0.00	B1		reaching, attaining
3819	نَهَى	verb	16.21	14.23	18.48	0.00	0.76	C2		to forbid
3820	شَابَهَ	verb	16.21	40.43	6.50	0.97	0.03			to resemble
3821	مَوْثُوق	adj	16.18	10.89	24.03	0.94	0.00	B2		passive participle of وَثِقَ (waṯiqa) › reliable, trustworthy, trusted
3822	تَرْشِيح	noun	16.17	4.01	65.14	0.90	0.00	B1		verbal noun of رَشَّحَ (raššaḥa) (form II) › filtration, draining
3823	عُبُوَّة	noun	16.16	8.28	31.56	1.00	0.00	C2		package; pack (of an item)
3824	مِرْحَاض	noun	16.16	35.23	5.15	1.00	0.00	A1		lavatory, bathroom
3825	اِسْتِئْنَاف	noun	16.16	5.03	51.95	1.00	0.00	B1		resumption, continuation, recommencing
3826	تَابَ	verb	16.15	16.26	16.05	0.27	0.51	B1		to repent, to be penitent
3827	سَوِيَّة	noun	16.14	56.68	4.60	1.00	0.00			level
3828	غُمُوض	noun	16.13	11.12	23.39	1.00	0.00	B2		obscurity, difficulty
3829	مِلْعَقَة	noun	16.11	7.81	33.23	0.98	0.00	B1		spoon
3830	أَسَّسَ	verb	16.11	4.15	62.57	0.33	0.03	B2		to mark out and lay the foundations of (a building)
3831	أَخِصَّائِيّ	noun	16.09	5.05	51.31	0.06	0.00			expert, specialist
3832	مُتَنَوِّعَة	adj	16.07	3.05	84.83	0.00	0.00			miscellaneous
3833	مَرْغُوب	adj	16.07	9.56	27.00	1.00	0.00	C2		desired, wished (for)
3834	خَلَل	noun	16.00	11.24	22.78	0.71	0.29	B2		gap, breach, interstice, interspace, chink
3835	فَرَّان	noun	16.00	69.54	3.68	0.00	1.00			oven owner
3836	تَكْيِيف	noun	15.99	4.81	53.22	1.00	0.00	B2		adjustment, adaptation, conditioning
3837	يُتْبَعُ	intj	15.99	10.70	23.90	0.00	0.00			to be continued, used in television episodes and serialized publications to indi…
3838	نَزِيل	noun	15.96	6.45	39.54	0.85	0.00			lodger, person who bides in a facility (e.g. a hospital, a prison, a hotel)
3839	اِحْتَرَقَ	verb	15.96	41.21	6.18	1.00	0.00			to burn, to be on fire, to be ablaze
3840	هَرَم	noun	15.94	7.10	35.81	0.74	0.25	B1		pyramid
3841	رِبِّيّ	noun	15.94	11.01	23.08	0.00	0.00			many a man
3842	أَرِيكَة	noun	15.94	39.95	4.42	0.79	0.21	A1		sofa
3843	أَصَمّ	adj,verb	15.92	12.37	20.49	0.77	0.06	C1		deaf
3844	كَالَ	verb	15.92	48.49	5.23	0.40	0.60			to measure, to mete
3845	حُمَّى	noun	15.92	13.40	13.13	0.63	0.28	A2		fever
3846	أُكْذُوبَة	noun	15.92	25.06	10.11	1.00	0.00			a lie, a calumny
3847	رَحِيم	adj	15.91	7.36	34.35	0.20	0.80			merciful
3848	بُحَيْرَة	noun	15.90	12.13	20.83	0.33	0.55	C2		lake
3849	كَلْم	noun	15.88	5.98	42.19	0.73	0.27	B1		bite, bitemark
3850	تَدْقِيق	noun	15.87	10.49	24.02	1.00	0.00	C2		careful consideration
3851	مُتَفَجِّرَات	noun	15.87	18.58	13.56	0.00	0.00			explosives
3852	تَقْنِيَّة	noun	15.86	4.51	55.84	0.00	1.00	B2		perfection, technique
3853	كَرّ	noun,verb	15.84	25.02	10.03	0.47	0.48			verbal noun of كَرَّ (karra) (form I) › return, coming back, head back
3854	جَذْب	noun	15.84	7.34	34.17	0.47	0.53	B2		attraction
3855	أَجْبَرَ	verb	15.84	18.68	13.43	0.60	0.37			to force, to compel
3856	عَابِر	adj	15.83	10.73	23.34	1.00	0.00	B1		passerby
3857	مُدْمِن	noun,adj	15.82	40.48	6.18	1.00	0.00	B2		addict
3858	خَالَفَ	verb	15.82	7.02	35.66	1.00	0.00	B1		to contradict, thwart, to disagree with [+ transitive (object)] on
3859	بَذْر	noun	15.81	11.22	22.27	0.96	0.04	C2		seeds
3860	جَنِين	noun	15.80	10.51	23.77	0.79	0.21	C1		embryo, foetus
3861	اِنْتَصَرَ	verb	15.80	12.56	19.88	1.00	0.00	C2		to assist, to aid, to side with
3862	مَسْبَح	noun	15.80	12.00	20.79	1.00	0.00			swimming pool
3863	أَوَائِل	noun	15.79	7.22	34.57	0.74	0.26			the first part
3864	تَغَلَّبَ	verb	15.78	12.69	19.61	0.92	0.08	B2		to overpower, to defeat, to triumph
3865	مُعْتَقَل	noun	15.78	2.30	75.26	1.00	0.00	A2		prison, jail
3866	فَرْعِيّ	adj	15.78	4.54	54.88	0.79	0.20			subsidiary, side, ancillary
3867	سَائِر	adj,noun	15.77	3.85	44.85	1.00	0.00	A2		going, walking
3868	زَيْن	noun,adj,name	15.77	4.54	54.76	0.18	0.82	B2		beauty
3869	لَامِع	adj	15.75	20.39	12.17	1.00	0.00	B2		shiny, brilliant
3870	كَبَرَ	verb,noun	15.74	16.30	15.20	0.00	1.00	B1		to be older than
3871	عَطَاء	noun	15.74	3.02	56.99	0.93	0.00	A2		a given thing; gift; present
3872	جَاهِل	adj	15.74	7.72	22.30	0.61	0.39	A2		ignorant, uneducated
3873	وِسَام	noun	15.74	8.33	29.72	0.89	0.09			badge; decoration; medal; order
3874	ظَاهِر	noun,adj	15.74	5.03	34.19	0.77	0.23	A2		face
3875	عَذَرَ	verb	15.73	54.80	4.52	0.11	0.89	C1		to excuse
3876	مَسْرُوق	adj	15.71	22.21	11.11	1.00	0.00			stolen, robbed
3877	رَقْصَة	noun	15.70	28.01	6.11	0.96	0.04	A2		a dance
3878	رَشَد	noun,verb	15.70	1.37	180.24	0.99	0.01	B1		going the right way, following the right course
3879	جَفَاف	noun	15.70	7.17	34.38	1.00	0.00	C2		dryness; aridity (a lack of moisture)
3880	تَطْهِير	noun	15.70	7.84	31.42	1.00	0.00	B2		purification, purgation, sanctification
3881	خُضْرَة	noun	15.69	7.80	31.56	0.09	0.36	C2		green, greenness, green color, verdure
3882	شِلَّة	noun	15.68	8.71	28.22	0.06	0.00			hank, skein; clew
3883	لَحْد	noun	15.67	15.35	16.00	0.03	0.97			tombstone
3884	عَائِق	noun	15.67	12.57	19.52	0.98	0.00	B2		somebody who hinders people, particularly by diverting them › brigand, rascal, s…
3885	ذِهْنِيّ	adj	15.66	17.79	13.79	0.29	0.17			mental
3886	اِسْتِطْلَاع	noun	15.66	5.42	45.26	1.00	0.00	B1		survey, poll
3887	مُقْنِع	adj	15.66	16.51	14.85	1.00	0.00	B2		convincing, persuasive
3888	مَعْنَوِيّ	adj	15.66	6.05	40.55	1.00	0.00	B2		semantic
3889	أَكَادِيمِيَّة	noun	15.65	7.46	32.81	0.76	0.01	B2		academy
3890	تَطَوَّرَ	verb	15.64	10.05	24.36	1.00	0.00	B2		to develop, grow larger, evolve, be more advanced
3891	تَعَاوَنَ	verb	15.62	9.96	17.02	1.00	0.00	A1		to cooperate, to work together, to help each other
3892	اِتِّحَادِيّ	adj	15.61	5.34	45.69	0.98	0.00	B1		federal
3893	يُود	noun	15.61	30.27	8.05	0.00	0.01			iodine
3894	غُرُوب	noun	15.59	15.60	15.59	1.00	0.00	C2		set, going down
3895	صَبَّ	verb	15.56	10.05	24.10	0.35	0.65			to pour out, to shed
3896	لَوْز	noun	15.56	14.49	16.71	0.77	0.00			almond
3897	بَاقَة	noun	15.55	5.96	40.58	0.76	0.06			a bundle of herbs or leguminous vegetables
3898	بْرُوتِين	noun	15.55	7.30	23.01	0.24	0.00	A2		protein
3899	نَوْبَة	noun	15.51	28.78	8.36	0.44	0.51	C1		change, alteration, shift, rotation
3900	كُلْيَة	noun	15.51	6.21	26.91	0.00	0.09	A1		kidney
3901	نَطَقَ	verb	15.50	16.18	14.84	0.86	0.14	B1		to articulate; to pronounce, to utter
3902	بَادٍ	adj,verb	15.50	12.90	18.62	0.00	0.39			apparent, evident, obvious, plain, visible
3903	يَلَّ	verb	15.50	23.67	10.14	0.00	0.50			to have short, clustered, inwards-pointing teeth
3904	يَمَنِيّ	adj,noun	15.49	1.38	173.80	0.95	0.04			Yemeni
3905	حَلَقَ	verb,noun	15.48	19.51	12.28	0.00	1.00	C2		to peel
3906	مِعْمَارِيّ	adj	15.48	6.16	38.88	0.98	0.00	B1		architectural
3907	مُتْعَب	adj	15.47	31.10	7.69	0.00	1.00	C1		tired
3908	أَيُّمَا	pron	15.46	61.64	3.88	0.35	0.00			whatever
3909	بَرْق	noun	15.46	15.57	15.35	1.00	0.00	C1		lightning
3910	يُورُو	noun	15.44	3.52	47.07	0.00	1.00	A2		euro
3911	لَفْظ	noun	15.44	3.21	51.60	0.96	0.04	A2		expression, term, word
3912	وَفَّى	verb	15.43	7.08	33.65	0.00	0.91			to treat fully
3913	حَسَاء	noun	15.41	28.16	5.85	1.00	0.00	A1		soup
3914	فَاصِل	noun,adj	15.39	8.25	19.94	0.98	0.02	A2		screen, partition, divider, barrier
3915	وَطَنِيَّة	noun	15.38	3.29	71.86	0.00	0.00			nationalism
3916	مُشْتَرٍ	noun	15.38	3.54	46.33	0.00	0.06	A2		customer, buyer
3917	حَاصِل	noun	15.37	4.52	52.25	0.79	0.00	B1		conclusion, outcome, yield, result, bottom line, quotient, sum, product
3918	تَنَازُل	noun	15.36	5.21	45.27	1.00	0.00	B1		concession
3919	نَهَضَ	verb	15.36	24.69	9.55	0.73	0.27	B1		to rise, to get up
3920	بَصَل	noun	15.35	8.94	18.31	0.84	0.16	A1		onion
3921	رَتَّبَ	verb	15.34	21.13	11.14	0.56	0.15	C2		to make constant, firm, steady, steadfast, stable, fixed, fast, settled, establi…
3922	فِيزِيَائِيّ	noun,adj	15.34	4.97	32.86	0.90	0.00	A2		physicist
3923	نَشِطَ	verb	15.31	6.50	36.04	0.47	0.00	B1		to be brisk, to be lively, to be active, to be agile, to be prompt, to be quick,…
3924	لَيْتَ	particle	15.30	19.05	12.29	0.88	0.08	C1		if only, I wish, would (would God) that...; expresses an unattainable wish
3925	عَجَّزَ	verb	15.30	9.46	24.75	0.61	0.39	B1		to age
3926	بُخَار	noun	15.26	8.43	27.62	0.74	0.26	B1		vapor, fume
3927	مَسْئُول	adj	15.26	8.79	26.49	0.00	0.15	B2		Egypt spelling of مَسْؤُول (masʔūl)
3928	حَرِيص	adj	15.26	9.70	23.98	0.90	0.00	C2		eager, greedy, covetous
3929	نُزُل	noun	15.26	11.08	14.58	0.49	0.00	A1		quarter, lodging
3930	عِرَاق	noun	15.25	5.69	40.92	0.00	1.00			only used in العِرَاق (al-ʕirāq, “Iraq”)
3931	مَسْرُور	adj	15.25	73.31	3.17	1.00	0.00	B1		delighted, glad, pleased
3932	كَوَّمَ	verb	15.25	4.18	55.62	0.97	0.00			to pile up, to stack, to amass, to heap
3933	اِكْتَمَلَ	verb	15.24	11.37	20.42	1.00	0.00	C2		to be or become perfect, complete, integral
3934	قَاوَمَ	verb	15.23	20.25	11.45	1.00	0.00	C2		to withstand, to resist
3935	خَبِيث	adj	15.22	12.31	18.81	0.96	0.00	C1		evil, wicked, malignant
3936	مِيتَة	noun	15.21	65.49	3.53	0.00	0.00	C2		manner of death
3937	مَوْز	noun	15.20	17.01	9.43	1.00	0.00	A2		bananas
3938	خَالِص	adj,noun	15.19	7.19	32.09	0.94	0.06	B1		pure, unmixed
3939	حُزْمَة	noun	15.19	12.45	18.53	0.20	0.01	B2		bundle
3940	غَيْرة	noun	15.19	19.68	11.73	0.95	0.05	C2		jealousy
3941	مَجِيد	adj	15.19	9.37	24.62	0.21	0.79	B1		glorious, glorified
3942	تَرْجَمَ	verb	15.19	10.77	21.41	0.94	0.06	B2		to translate
3943	رَاغِب	adj,name	15.19	5.97	38.64	0.84	0.14	B2		wishing, desiring, wanting
3944	سُور	noun	15.15	8.49	27.05	0.59	0.41			wall that encloses and protects a building
3945	بَاطِن	adj	15.15	4.87	47.11	1.00	0.00	B2		interior, inner
3946	خَرَقَ	verb	15.11	12.63	18.09	1.00	0.00	C1		to pierce, to break
3947	سَكّ	noun,verb	15.11	10.17	22.45	0.08	0.92			nail, pin, peg of iron
3948	هَجَرَ	verb,name	15.09	11.25	14.07	0.89	0.07	A2		break with someone and distance onceself, sever all relations with someone
3949	طَبْعَة	noun	15.08	6.25	36.39	0.60	0.01	B1		edition
3950	وُرُود	noun	15.05	8.06	19.53	0.57	0.43	A2		coming, arrival, advent
3951	عَمَّة	noun	15.04	42.90	3.66	0.37	0.34	A1		paternal blood aunt (one's father's sister)
3952	اِنْقَلَبَ	verb	15.02	17.44	12.94	1.00	0.00	C2		to be turned upside down or topsy-turvy, to be overturned
3953	فَاتِن	adj	15.02	22.29	10.12	1.00	0.00			tempting, pretty, cute, seductive
3954	أَبْرَز	adj,verb	15.00	1.86	120.71	0.67	0.19	C1		elative degree of بَارِز (bāriz)
3955	عَاهِرَة	noun	15.00	180.11	1.25	0.60	0.01	C1		adulteress
3956	سَهُلَ	verb	15.00	5.30	29.50	0.00	1.00	A1		to be or become less difficult, toilsome, or laborious; to smooth
3957	عَاصِف	adj	14.99	18.55	12.12	0.11	0.89	B2		windy, stormy
3958	قَسْوَة	noun	14.98	15.08	14.88	1.00	0.00	B2		hardness, stiffness, rigidity
3959	نَفَس	noun	14.98	16.05	13.98	1.00	0.00	B1		breath
3960	نَشَأَ	verb	14.98	9.74	16.00	0.00	1.00	A2		to be raised, to be lifted, to rise up
3961	صَحْن	noun	14.98	18.90	11.87	1.00	0.00			bowl, plate
3962	فَلَك	noun	14.97	5.33	42.07	0.99	0.01	B1		orbit, rounded course
3963	عَسَى	verb	14.97	22.98	9.75	0.38	0.18	C1		it is hoped [with nominative or clitic]
3964	جَاسُوس	noun	14.97	36.35	6.17	0.91	0.00	C2		spy, sleuth
3965	تَعْلِيمَات	noun	14.97	10.41	21.52	0.00	0.00	B2		instructions, directions, directives
3966	حُلْبَة	noun	14.96	18.11	12.36	1.00	0.00	B2		fenugreek
3967	مُضَاعَفَة	noun	14.95	8.88	25.17	0.59	0.41			doubling, multiplication
3968	نَبْض	noun	14.95	13.02	17.17	0.00	1.00	C2		pulsating vein or artery, pulse
3969	عَيَّان	adj	14.95	11.34	19.71	1.00	0.00	C1		tired
3970	تَعَطَّلَ	verb	14.92	16.52	13.47	0.42	0.00	C2		to stop working, to become unemployed
3971	غِرّ	adj	14.92	7.79	28.55	0.00	0.18			credulous, easily fooled, gullible, naïve
3972	رَكُوب	noun	14.90	17.68	8.72	0.00	0.98	A2		mount, animal (especially a camel) for riding
3973	مَفْصِل	noun	14.90	7.97	27.86	0.18	0.33	C1		knuckle
3974	فَتْحَة	noun	14.89	18.92	11.72	0.41	0.59	B2		fatha, fatḥa (a vowel sign in Arabic-based scripts, signifying a short /a/ sound…
3975	غُسْل	noun	14.88	10.46	21.17	0.29	0.71	B1		ghusl
3976	بَائِس	adj	14.87	28.42	7.78	0.94	0.06	B2		miserable, wretched, dejected, despondent
3977	قَطَنَ	verb,noun	14.86	12.89	17.13	0.61	0.39	C2		to inhabit, to reside in
3978	صِمَام	noun	14.85	20.32	10.86	0.65	0.30			valve, tap, vent
3979	وَثَائِقِيّ	adj,noun	14.85	4.79	46.04	0.95	0.03	C1		documental (of a film, book, etc.)
3980	عَلَّامَة	adj	14.84	7.77	28.33	0.00	1.00	B1		having very great knowledge; very knowledgeable
3981	بَارِدَة	noun	14.83	24.09	9.13	0.00	0.00			a medieval dish of something (often meat) in a sauce, served cold
3982	مَأْزِق	noun	14.83	18.81	11.69	1.00	0.00	B2		trouble, crisis, dilemma, stalemate, imbroglio
3983	دُمْيَة	noun	14.82	41.31	5.32	1.00	0.00	B2		statue, statuette, especially a painted idol made of ivory or marble
3984	رَوَّسَ	verb	14.82	30.18	7.28	0.30	0.70			to Russify, to make Russian
3985	رِبَاط	noun	14.82	7.55	20.21	0.08	0.92	A2		A thing with which one ties, binds or makes fast: tie, band, ribbon, ligature, b…
3986	بَئِسَ	verb	14.80	60.57	3.62	0.15	0.03			to be sad, to be miserable
3987	مُنْتَظِم	adj	14.80	8.99	24.35	1.00	0.00	B2		regular
3988	مَثِيل	noun,adj	14.79	9.17	16.57	1.00	0.00	A2		equal, match, counterpart; (with following genitive) one's kind
3989	تَدَيَّرَ	verb	14.77	15.43	14.14	0.00	0.00	C2		to take as home
3990	عُقَاب	noun	14.77	14.12	15.45	0.00	1.00	B1		eagle
3991	عِقَاب	noun	14.77	14.12	15.45	0.00	1.00	B1		punishment, infliction of punishment
3992	شُعْلَة	noun	14.77	9.16	23.81	1.00	0.00	C2		a flame
3993	فَلَّاح	noun	14.76	5.33	40.87	0.61	0.15	B1		a farmer, a peasant
3994	بْلَاسْتِيك	noun	14.74	7.96	18.98	1.00	0.00	A2		plastic
3995	إمْبَرَاطُور	noun	14.74	21.96	9.89	0.99	0.01	C2		emperor
3996	مُتَنَقِّلَ	adj	14.71	6.76	31.99	1.00	0.00	B2		mobile
3997	اِسْتِرْخاء	noun	14.70	15.52	13.93	1.00	0.00	B1		rest, relaxation
3998	مَصْرُوف	noun,adj	14.69	7.43	29.04	1.00	0.00	C2		expense, cost
3999	ضَئِيل	adj	14.68	17.34	12.43	1.00	0.00	C2		small in body, lean, slender
4000	مَوْلِد	noun	14.67	5.99	35.96	0.03	0.97	B2		birthplace
4001	جَنَّ	verb	14.65	37.83	5.68	0.40	0.45	C1		to cover, to hide, to conceal, to veil
4002	تَقَابَلَ	verb	14.65	49.72	4.32	0.58	0.00	C2		to stand opposite each other, to be opposite each other, to face each other
4003	رَاجَ	verb	14.65	19.85	10.81	0.92	0.03			to have currency, to circulate, to sell well, to be in demand, to burgeon, to be…
4004	أَدَبِيّ	adj	14.64	0.00	297.76	0.86	0.00	A1		literary
4005	تَلَوُّث	noun	14.64	6.86	31.25	1.00	0.00	B2		verbal noun of تَلَوَّثَ (talawwaṯa) (form V) › pollution
4006	خَتَمَ	verb	14.63	5.17	41.40	0.99	0.01	C1		to seal
4007	عَزَاء	noun	14.62	5.79	36.94	1.00	0.00	C1		mourning
4008	أَغْنَى	verb,adj	14.60	16.79	12.70	0.00	0.61	B1		to enrich
4009	عَبِثَ	verb	14.60	58.15	3.67	0.93	0.07	C1		to play, to dally
4010	طَرِيف	adj,noun	14.59	8.67	24.55	0.87	0.00	C2		witty, amusing, agreeable
4011	وَحْل	noun	14.58	8.19	25.96	0.21	0.03	B1		mud
4012	نَصِيب	noun	14.54	6.67	31.69	0.88	0.12	B1		share, portion, lot (of something)
4013	لَحَى	verb	14.54	13.25	15.96	0.00	0.78			to decorticate, to strip of the bark
4014	بَشِعَ	verb,adj	14.54	20.63	10.24	1.00	0.00			to become repugnant, revolting, or detestable
4015	نَاسَبَ	verb	14.52	16.06	13.13	0.63	0.37	C1		to suit, to fit
4016	نَزَفَ	verb	14.52	38.69	5.45	0.92	0.08			to drain, to let (blood), to draw off (blood)
4017	تَسَاؤُل	noun	14.48	5.85	35.84	1.00	0.00	B1		wondering
4018	إِرْهَابِيَّة	noun	14.47	5.99	34.98	0.00	0.00			terrorism
4019	عِظَم	noun	14.47	10.20	20.53	0.00	1.00	B2		greatness, magnitude, power
4020	خَلَوِيّ	adj	14.46	21.59	9.68	0.83	0.00	C1		cellular (of or relating to cells)
4021	زُبْدَة	noun	14.45	14.91	9.72	0.00	0.37	A1		butter
4022	وَضَّحَ	verb	14.45	10.04	20.79	0.00	1.00	B2		to make clear, to clarify; to elucidate
4023	تِنِّين	noun	14.45	37.49	5.57	1.00	0.00	C1		eel, whale, any scaled animal (obsolete)
4024	مِمَّ	particle	14.44	22.64	9.21	0.00	0.00			from what?
4025	أَسْمَر	adj	14.44	9.45	22.06	0.93	0.07			dark-skinned
4026	كَشَّاف	noun	14.42	12.24	17.00	0.51	0.02			investigator, pathfinder
4027	حَلِيف	noun	14.42	4.59	45.29	1.00	0.00	C2		ally, confederate
4028	مُسْتَنَد	noun	14.41	9.01	23.05	0.40	0.01	C2		document
4029	تَدَفَّقَ	verb	14.40	12.76	16.26	0.51	0.49	C1		to flow, to pour in
4030	ثَوْرِيّ	adj	14.40	4.42	46.91	0.97	0.00	B2		revolutionary, revolutionist
4031	تَافِه	adj	14.40	41.33	5.02	0.84	0.00	B2		trivial, worthless, petty
4032	فَقْر	noun	14.39	4.69	30.69	0.28	0.72	A2		poverty
4033	تَسَاقَطَ	verb	14.38	9.24	22.39	1.00	0.00			to fall down successively or gradually
4034	تَدَيَّنَ	verb	14.38	15.49	13.34	0.00	0.00			to become religious
4035	رُكُوب	noun	14.37	17.68	8.12	0.00	1.00	A2		riding
4036	تَنَفَّسَ	verb	14.37	45.15	4.57	0.62	0.38	C1		to breathe, to respire, to take a breath, to take a breather, to take a rest
4037	عُزْلَة	noun	14.37	5.97	34.59	0.49	0.51	C1		being alone
4038	أَقْلَقَ	verb	14.37	96.91	2.13	0.16	0.68			to perturb, alarm, concern, distress, disturb, trouble, unsettle, worry, unnerve…
4039	تَدَمَّرَ	verb	14.36	18.81	10.96	0.10	0.00	C1		to be destroyed
4040	كَفَالَة	noun	14.35	13.72	15.02	1.00	0.00	C2		guarantee, warranty
4041	مُسَاوَاة	noun	14.35	4.44	46.37	1.00	0.00	B1		equality, equivalence
4042	ثَمَانُون	num	14.35	8.70	16.42	0.00	0.00	A1		eighty
4043	وَفَاء	noun,name	14.34	4.32	47.58	0.98	0.02	B1		loyalty, faithfulness, trustworthiness, honesty, reliability, integrity
4044	سُوَيْدِيّ	adj	14.33	4.52	31.58	1.00	0.00	A2		Swedish
4045	مُتَكَامِل	adj	14.32	3.24	63.30	1.00	0.00	B1		integrated, holistic
4046	اِصْطَدَمَ	verb	14.32	15.13	13.55	1.00	0.00	C1		to clash, to collide
4047	طَلْق	noun	14.30	10.46	13.59	0.99	0.00	A2		talc, talcum
4048	أَقْنَعَ	verb	14.30	24.49	8.35	0.84	0.16	B2		to content, to satisfy
4049	قَالَب	noun	14.30	4.81	42.47	1.00	0.00	B2		form, mould, last (for casting shapes by it)
4050	مَوْلُود	noun,adj,name	14.29	5.97	34.23	0.85	0.00	B1		newborn
4051	سَبْعُونَ	adj,num	14.28	7.64	18.54	0.00	0.45	A1		seventieth
4052	تَسْرِيب	noun	14.28	8.73	23.36	1.00	0.00			leak
4053	مُلَوَّن	adj	14.28	9.37	21.75	1.00	0.00	B1		colorful, colored/coloured
4054	مَزِيج	noun	14.28	9.72	20.98	1.00	0.00	C2		mixture, blend
4055	كَذَا	noun,adv	14.26	4.43	45.90	0.59	0.41	C2		so-and-so, such-and-such
4056	نَحَبَ	verb	14.26	28.38	7.16	0.00	0.00	C1		to lament, to weep, to cry
4057	كَثِيف	adj	14.26	8.44	24.09	1.00	0.00	C2		dense; thick; compact; viscous
4058	تَعَثَّرَ	verb	14.25	15.94	12.73	0.98	0.02	C2		to crawl, move slowly, creep along, be congested
4059	ضَاحِيَة	noun	14.24	6.08	33.33	0.84	0.00	B2		outer, exterior, or exposed, side or region
4060	شَاغِر	adj,noun	14.24	7.11	28.51	1.00	0.00			vacant, empty, free
4061	وَاقٍ	adj	14.23	23.01	8.80	0.00	0.00	C1		preserving, preventative, protective, defensive, preservative
4062	جَلِيّ	adj	14.22	12.03	16.81	0.95	0.05			apparent
4063	إِبَادَة	noun	14.22	6.57	30.76	0.92	0.00	C1		annihilation, extermination, eradication
4064	جَمّاع	noun	14.21	11.01	18.34	0.00	0.40			collector, gatherer
4065	بِيُولُوجِيّ	adj	14.21	10.27	19.68	0.97	0.00	C2		biological
4066	رَاهِب	noun	14.21	16.62	12.15	0.80	0.20	B1		monk
4067	جَالَسَ	verb	14.17	20.64	9.73	0.96	0.04	B2		to sit with
4068	نَقَّاب	noun	14.17	1.99	69.92	0.17	0.79	A2		stapler
4069	حَسَّاسِيّ	adj	14.14	6.76	29.59	0.95	0.05			sensitive
4070	جَرُؤَ	verb	14.10	39.54	5.02	0.90	0.00			to dare, to risk
4071	بِتْرُول	noun	14.09	2.86	48.23	1.00	0.00	A2		petroleum, oil
4072	حَلَّاق	noun	14.08	16.34	12.13	1.00	0.00			barber
4073	نَوْعِيّ	adj	14.06	8.90	22.22	0.50	0.50	C1		characteristic, peculiar
4074	اِنْقِطَاع	noun	14.06	7.34	26.91	0.96	0.00	B2		cutting
4075	فِضَّة	noun	14.05	10.83	18.23	1.00	0.00	C2		silver
4076	حَمِيَّة	noun	14.05	6.69	29.50	0.55	0.02	C1		enthusiasm, ardor, zeal, passion, fanaticism
4077	رَاسَلَ	verb	14.03	20.85	9.44	0.92	0.08			to correspond, to exchange letters
4078	لَاقَ	verb	14.03	8.27	23.78	0.87	0.12	B2		to befit, to beseem, to become (بِ (bi) someone)
4079	تَارِيخِيَّة	noun	14.02	3.45	57.03	0.00	0.00			historicism
4080	قَوْس	noun	14.01	13.24	14.82	1.00	0.00	B1		bow, curve, twist
4081	دَمِيَ	verb	14.00	12.90	15.20	0.00	0.56			to bleed (of a wound or injury)
4082	بُرْد	noun	13.97	15.51	12.58	0.00	0.32	C1		a kind of striped upper garment
4083	خِرِّيج	noun	13.96	3.71	52.54	0.88	0.00	C1		graduate; alumnus
4084	إِبَاحِيّ	adj	13.96	11.31	17.22	1.00	0.00	C1		licentious
4085	مُحَطَّم	adj	13.96	15.86	12.28	1.00	0.00			broken, shattered, demolished
4086	مَعْبَر	noun	13.96	4.05	48.07	0.99	0.00	B1		crossing, passage, traverse
4087	لَحْن	noun	13.95	8.67	22.42	0.23	0.45	B2		mispronunciation, barbarism
4088	أَمَّى	verb	13.94	70.16	2.77	0.00	0.00			to take as female slave
4089	عَهِدَ	verb	13.94	4.99	38.92	0.06	0.94	C1		to further
4090	أُسْطُول	noun	13.90	12.59	15.34	1.00	0.00	B2		fleet; squadron
4091	مَلْهًى	noun	13.88	24.71	7.80	1.00	0.00			place of entertainment, stead of amusement
4092	بَرَمَ	verb	13.88	11.85	16.25	0.02	0.98			to twist, to knot, to twine, to roll up
4093	حَسَنَة	noun	13.87	9.76	19.73	0.00	0.20			good deed, benefaction
4094	اِسْتِنَاد	noun	13.86	6.45	29.77	1.00	0.00	B2		leaning upon
4095	تَعَهَّدَ	verb	13.85	5.88	32.65	0.97	0.03	C1		to advocate, to support (a cause, a position)
4096	صُمُود	noun	13.85	7.05	27.19	1.00	0.00	C1		steadfastness, firmness, resistance
4097	عَرْضِيّ	adj	13.84	14.77	12.97	0.52	0.00	B2		transverse, crosswise etc.
4098	مَارْكَة	noun	13.83	5.68	33.65	0.99	0.01			brand (of clothing etc.)
4099	أَوَاخِر	noun	13.82	5.64	33.87	0.00	0.00	C2		the first part
4100	تَسَلَّلَ	verb	13.81	20.03	9.52	0.75	0.25	C2		to sneak, to slip, to slink, to creep [with مِن (min) ‘away from, out from’]
4101	هُوَّة	noun	13.80	5.03	37.89	0.14	0.86	C2		hole, depression, declivity, chasm, gulf, gap
4102	أَخْطَر	adj,verb	13.80	6.34	30.06	0.85	0.03	B2		elative degree of خَطِر (ḵaṭir), elative degree of خَطِير (ḵaṭīr): › more danger…
4103	مُرْشِد	noun,adj	13.80	5.52	34.51	1.00	0.00	C1		guide (someone who guides)
4104	شَمَّ	verb,noun	13.78	16.87	7.81	0.80	0.18	A2		to be haughty, to be arrogant
4105	إِشْعَار	noun	13.77	5.65	33.58	0.23	0.06	C1		making known, notification, announcement
4106	مُحَاسَبَة	noun	13.76	3.56	53.29	0.42	0.55	B1		accounting
4107	مِيدَالِيَة	noun	13.76	8.05	23.51	0.45	0.00	B1		medal
4108	خَطَا	verb,name	13.75	16.44	11.50	0.96	0.03			to take a step forward, to step
4109	فَصِيل	noun	13.75	5.61	33.67	0.28	0.72			weaned young camel
4110	مَوْكِب	noun	13.74	8.81	21.43	0.92	0.08	C2		convoy, escort
4111	خَاصِّيَّة	noun	13.74	4.18	45.20	0.11	0.56	B2		a feature, a special quality, a property
4112	سُعُودِيّ	adj	13.74	0.00	377.63	0.94	0.00			Saudi
4113	أَتْبَاع	noun	13.74	8.83	21.39	0.65	0.26			followers, subordinates
4114	آنِيّ	adj	13.73	34.98	5.39	0.00	1.00			instantaneous
4115	عُذْر	noun	13.71	24.02	7.82	0.42	0.58	C1		excuse
4116	ضَارَ	verb	13.69	9.69	19.34	0.07	0.65	C1		to harm
4117	زَيَّفَ	verb	13.67	13.77	13.57	0.00	0.33			to counterfeit, to forge, to fake, to sham
4118	تِلْوَ	prep	13.66	18.83	9.91	1.00	0.00	B2		immediately after
4119	مَجْهُود	noun	13.63	8.00	23.22	0.85	0.00	C1		effort, exertion
4120	وَلَّى	verb	13.62	10.30	18.02	0.47	0.50			to turn away (from) › to turn tail, to flee
4121	بَاص	noun	13.62	10.94	16.97	1.00	0.00			bus
4122	مَنْظُور	noun,adj	13.62	8.47	21.90	1.00	0.00	B1		viewpoint, point of view, standpoint, perspective, angle
4123	عَاتِق	noun	13.59	9.01	20.50	1.00	0.00	C2		shoulder
4124	بِلًى	noun	13.59	68.75	2.68	0.00	1.00	C1		deterioration, wear
4125	قُبَّة	noun	13.58	8.48	21.74	1.00	0.00	B2		canopy, pavilion; dome, cupola
4126	بِغَيْرِ	prep	13.57	6.28	29.34	0.00	0.00			without
4127	أَلْيَن	adj	13.57	20.50	8.98	0.00	1.00			elative degree of لَيِّن (layyin), elative degree of لَيْن (layn): › softer; sof…
4128	أَقْصَر	adj	13.56	6.12	30.03	0.96	0.04	B1		elative degree of قَصِير (qaṣīr)
4129	مُصْطَفًى	adj,name	13.54	2.66	68.84	0.00	1.00			chosen
4130	تَهَرَّبَ	verb	13.52	29.21	6.26	0.10	0.01	C2		to escape, to elude
4131	أَسْبَق	adj	13.52	5.50	33.20	0.82	0.00	C1		elative degree of سَابِق (sābiq): › earlier; earliest
4132	كَيْك	noun	13.52	12.79	14.29	0.00	0.28			cake
4133	مُرِيع	adj	13.51	29.95	6.09	1.00	0.00			horrendous, frightening, horrifying, terrifying, dreadful
4134	أَتْرَكَ	verb	13.51	61.59	2.96	0.00	0.07			to turkify
4135	كَمَلَ	verb	13.51	14.05	12.99	0.00	1.00	C1		to be entire, to be whole, to be complete, to be perfect
4136	رَابِط	noun	13.48	2.88	43.83	0.00	1.00	A1		link, linkage
4137	عَجِبَ	verb	13.47	24.48	7.41	0.02	0.98	B2		to wonder, to marvel, to be astonished, to be amazed
4138	تَلَاعَبَ	verb	13.46	26.44	6.85	1.00	0.00	C2		to make fun of, to mock, to toy with, to trifle with
4139	غَرَابَة	noun	13.44	31.97	5.65	0.98	0.02	C1		strangeness, oddness
4140	جُرْأَة	noun	13.44	14.31	12.62	0.99	0.01	B2		boldness, courage
4141	كُومِيدِيَا	noun	13.44	6.62	18.95	0.67	0.00	A2		comedy
4142	مُدِيرَة	noun	13.43	9.94	18.14	0.00	0.00			female principal, manager, headmistress
4143	لُورْد	noun	13.43	39.53	4.56	0.64	0.00	B2		lord
4144	غِيَار	noun	13.42	4.30	41.86	0.98	0.02			replacement, swapping out, verbal noun of غَايَرَ (ḡāyara) (form III)
4145	حُسْن	noun	13.42	18.79	9.58	0.00	1.00	C2		goodness
4146	عَلَّمَ	verb	13.41	15.72	7.94	0.00	0.98	A2		to teach, to instruct, to train, to educate
4147	مُعَلَّق	adj,noun	13.41	8.52	21.10	0.86	0.14	B2		suspended, hanging
4148	إِيرَانِيّ	adj,noun	13.40	0.00	249.53	0.98	0.00	A1		Iranian
4149	مَلْأَك	noun	13.40	8.64	20.78	0.08	0.89			angel
4150	مَقْطُوع	adj	13.40	13.40	13.40	0.53	0.00			severed, cut off
4151	جُرْعَة	noun	13.40	19.12	9.39	0.00	1.00	B1		dose, shot (particularly of a drug)
4152	اِخْتَرَقَ	verb	13.40	21.65	8.29	1.00	0.00			to penetrate
4153	تَزْوِير	noun	13.39	6.75	26.59	1.00	0.00	C1		verbal noun of زَوَّرَ (zawwara) (form II) › falsifying
4154	تَنْمِيَة	noun	13.39	0.00	358.84	0.98	0.00	B1		development, advancement, improvement
4155	كَوْمَة	noun	13.38	18.27	9.81	0.88	0.00	C2		pile, stack, heap
4156	مُمَاثِل	adj	13.38	7.92	22.61	1.00	0.00	B1		similar
4157	ذُرْوَة	noun	13.38	7.37	24.29	1.00	0.00	C1		peak, summit, uppermost part, vertex
4158	إِثْرَ	prep	13.38	2.89	61.87	0.09	0.06	B1		following on, immediately after
4159	بيك	noun	13.38	20.43	8.76	0.00	1.00			beg (Iranian, Central Asian and South Asian title)
4160	مَزِيّة	noun	13.37	4.13	43.32	1.00	0.00			excellent trait
4161	إِحْبَاط	noun	13.36	7.40	24.13	1.00	0.00	C2		verbal noun of أَحْبَطَ (ʔaḥbaṭa) (form IV) › rendering (sth) useless or useless
4162	نَازِيّ	noun,adj	13.36	16.92	10.55	1.00	0.00	C2		Nazi
4163	ثُلَاثِيَّة	noun	13.36	8.21	21.74	0.00	0.00			trilogy
4164	سُورَة	noun	13.35	3.30	53.95	0.00	1.00	C1		sura, surah
4165	وَٱللّٰهِ	intj	13.34	3.28	54.17	0.00	1.00			by God!
4166	مَطْلَع	noun	13.33	3.01	59.12	0.98	0.02	B1		beginning, onset, outset
4167	قَيِّم	adj	13.33	5.88	30.18	0.04	0.02	B2		valuable, worthy
4168	شِرِّير	adj,noun	13.32	41.08	4.32	0.00	1.00	C2		very evil; villainous
4169	سَامَحَ	verb	13.31	24.44	7.25	0.10	0.90	C1		to show oneself tolerant (فِي (fī) or بِ (bi) something)
4170	سِلْم	noun,adj	13.31	8.21	14.97	0.00	1.00	A1		peace
4171	بَوْن	noun	13.30	27.19	6.50	0.54	0.41			gap, distance, disparity
4172	سَمْع	noun	13.29	6.74	18.22	0.97	0.03	A2		hearing, sense of hearing
4173	مُتَشَابِه	adj	13.29	18.21	9.70	0.85	0.00			similar, resembling
4174	مَأْكُول	noun	13.29	4.00	44.13	1.00	0.00			food, what is eaten (plural form is more common and means foodstuffs, dishes)
4175	عُرْضَة	noun	13.28	7.85	22.45	0.93	0.00			target, object, subject to
4176	سَطْر	noun	13.27	7.17	24.58	0.83	0.17	B2		line, row
4177	تَذْكِير	noun	13.27	10.57	16.66	1.00	0.00	C1		masculine gender
4178	اِنْقَطَعَ	verb	13.27	10.64	16.55	1.00	0.00	C2		to be cut off, be or get separated (من / عن = from)
4179	مَيَّزَ	verb	13.27	3.98	30.71	0.82	0.18	A2		to differentiate, to distinguish, to discern, to discriminate (constructed with …
4180	نَشِيط	adj	13.26	3.98	30.67	1.00	0.00	A2		brisk, lively, active, agile, prompt, quick, energetic
4181	سَيْل	noun	13.26	6.10	28.82	0.90	0.10	C1		flood, stream, torrent
4182	إِبْطَال	noun	13.24	5.51	31.83	0.19	0.03	C2		verbal noun of أَبْطَلَ (ʔabṭala) (form IV) › nullification, annulment, invalida…
4183	دَوَّار	noun,adj	13.24	10.15	17.27	0.11	0.89			wandering, cruising, going about
4184	مِغْنَاطِيسِيّ	adj	13.24	19.09	9.18	0.00	0.00	C2		magnetic
4185	كَسُول	adj	13.24	9.06	13.43	0.73	0.00	A2		lazy, indolent
4186	مَأْمُور	noun	13.23	28.54	6.13	0.96	0.00			officer, bailiff
4187	إِدْمَان	noun	13.23	10.35	16.90	0.88	0.12	C2		addiction
4188	مَحَال	noun	13.22	27.03	6.47	0.00	0.07	B2		artifices, stratagems, devices, subterfuges
4189	وَضَح	noun,verb	13.22	14.44	12.10	0.64	0.28	B2		broad light, brightness
4190	دُبّ	noun	13.21	22.43	7.78	0.42	0.58	B1		bear
4191	عِنَب	noun	13.21	11.19	15.58	1.00	0.00	C2		grapes
4192	طَرَأَ	verb	13.20	9.96	17.51	1.00	0.00	C1		to encroach upon, to pour in upon, to come unforeseen to
4193	ثَبَات	noun	13.20	7.81	22.30	1.00	0.00	C1		firmness, fixedness, fixity, stability, stableness
4194	بُوم	noun	13.20	14.40	12.10	0.82	0.18	C1		owl, owls
4195	نَقَّال	noun,adj	13.19	8.91	19.52	0.58	0.29			transporter, carrier, mover
4196	إِلّ	noun	13.18	19.79	8.79	0.00	0.79			god, deity, God, El
4197	أَجْلَسَ	verb	13.17	78.97	2.20	0.02	0.08	C2		to cause to be seated
4198	مُدِيرِيَّة	noun	13.16	1.35	128.50	0.84	0.05	B1		mudiriyah: an administrative subdivision
4199	جَرْعَة	noun	13.16	18.44	9.39	0.00	1.00	B1		gulp, swallow
4200	عُصْفُور	noun	13.16	9.04	19.15	1.00	0.00	C2		any small bird
4201	قَطَعًا	adv	13.15	24.70	7.00	0.00	0.00	C2		of course
4202	شَبَكِيّة	noun	13.15	0.00	345.67	0.00	0.00			retina of the eye
4203	شَبَّكِيّة	noun	13.15	0.00	345.67	0.00	0.00			synonym of زَلَابِيَّة (zalābiyya, “a kind of fritter”)
4204	كَافِر	adj	13.15	4.47	38.65	1.00	0.00	C2		disbeliever, unbeliever
4205	مَلْجَأ	noun	13.12	18.19	9.47	1.00	0.00	B2		shelter, refuge, asylum
4206	قَصْف	noun	13.12	3.69	46.66	0.28	0.72	B2		thunder, roar (of cannon)
4207	عَلَّ	particle,verb	13.12	14.57	11.81	0.90	0.10			hopefully
4208	اِسْتِرْجَاع	noun	13.12	8.79	19.59	1.00	0.00	C2		retrieval, return (especially something that was taken away, stolen, etc)
4209	اِعْتِنَاء	noun	13.11	29.06	5.91	1.00	0.00	B2		care
4210	رَهْن	noun,prep	13.10	14.99	11.44	0.00	0.58	C2		mortgage
4211	صِنْف	noun	13.07	6.21	27.49	0.71	0.29	B1		kind, sort, specimen
4212	تُرْبَة	noun	13.07	8.00	21.33	0.99	0.01	B2		dust; soil, ground
4213	كَرِيه	adj	13.06	21.39	7.97	0.83	0.00	C2		hateful, detestable, dislikable, disagreeable, unpleasant
4214	زِنْزَانَة	noun	13.06	29.23	5.83	0.99	0.01			gaol cell, dungeon, oubliette
4215	مُنْفَرِد	adj	13.05	8.10	21.04	1.00	0.00	C2		single
4216	عَظَمَة	noun	13.05	14.18	12.01	0.66	0.34	B2		greatness, majesty, glory
4217	ثَائِر	noun,adj	13.04	5.92	28.76	1.00	0.00	C2		rebel
4218	بَرَزَ	verb	13.04	3.08	55.17	0.58	0.42	C1		to come forth, to appear
4219	بُوصَة	noun	13.04	13.32	12.76	1.00	0.00			inch
4220	نَسَبَ	verb,noun	13.04	2.37	71.77	0.72	0.10	C1		to relate, to correlate
4221	صَلْصَة	noun	13.02	19.58	6.01	1.00	0.00	A2		sauce
4222	نَسْر	noun,name	13.02	14.90	11.38	0.80	0.00	B2		a vulture
4223	أَنْفَقَ	verb	13.02	11.86	14.30	0.60	0.38	C2		to spend
4224	تَجَارَّ	verb	13.02	7.26	23.32	0.00	0.00			to be neighbors, to be adjacent
4225	مُدْرَج	adj	13.01	6.23	27.19	0.72	0.28	C2		included, listed, incorporated
4226	بَالَغَ	verb	13.01	25.08	4.68	1.00	0.00	A1		to exaggerate
4227	تَشْكِيلَة	noun	13.00	4.61	36.63	0.99	0.01	B2		variety, assortment, selection, collection
4228	مَنْدُوب	noun,adj	12.99	3.38	49.94	0.97	0.00	B2		representative, delegate
4229	بِطْرِيق	noun	12.99	15.14	11.15	0.33	0.00			patrician
4230	خُصُوصِيَّة	noun	12.99	6.18	18.96	0.00	0.00	A1		individuality, idiosyncrasy
4231	أَحَقَّ	verb,adj	12.99	26.94	6.26	0.81	0.02	C1		to tell the truth, to be right
4232	أَضْحَى	verb,noun	12.98	6.93	24.31	0.38	0.61			to become
4233	أَنَامَ	verb	12.98	36.16	4.66	0.00	0.00	B1		to lull to sleep, to put to bed, to put to sleep, to make lie down
4234	تَسَلُّل	noun	12.98	14.27	11.81	0.72	0.28	C2		offside
4235	إِبِل	noun	12.98	4.32	39.00	0.89	0.01	C1		camels
4236	كَمَنْ	det	12.97	8.59	19.58	0.00	1.00	B2		like those who
4237	سَلْبِيَّة	noun	12.97	7.40	22.72	0.00	0.07			negativity
4238	مَسْكَن	noun	12.94	8.78	19.06	0.06	0.94	C2		noun of place of سَكَنَ (sakana): residence; house, home
4239	فُطْر	noun	12.94	7.84	21.37	0.00	1.00	B1		fungi, mushrooms
4240	مَجْزَرَة	noun	12.94	3.81	30.48	1.00	0.00	A2		massacre, slaughter
4241	وُصْلَة	noun	12.93	5.08	32.91	0.78	0.22	B2		a link
4242	ثُعْبَان	noun	12.92	22.44	7.44	1.00	0.00	B2		snake
4243	قَارَة	noun	12.91	4.40	26.30	0.00	1.00	A1		hill
4244	وَصِيَّة	noun	12.91	10.48	15.89	0.68	0.32	C1		will, testament, bequest
4245	رِيَاضِيَّات	noun	12.90	3.96	29.18	0.00	0.00	A2		mathematics
4246	عَيَّشَ	verb	12.90	5.78	19.97	0.00	1.00	A2		to keep alive
4247	حِجَاب	noun	12.88	3.22	35.79	0.87	0.03	A2		screen, barrier
4248	طِلَاء	noun	12.88	17.82	9.31	0.00	0.00	C1		tar, pitch, paint, liniment, oil, ointment, varnish, plaster, etc. (anything use…
4249	كَمَان	noun	12.87	7.50	15.33	0.64	0.27	A2		violin
4250	أَوَّلِيّ	adj	12.86	12.90	12.82	0.00	0.00	C2		prime, primary, primordial, original, initial, first
4251	صَابُون	noun	12.85	9.68	11.85	1.00	0.00	A1		soap
4252	حَضَانَة	noun	12.85	13.27	12.44	1.00	0.00	C2		care (of children)
4253	فَذْلَكَ	verb	12.84	16.48	10.01	0.00	0.00			to cast up, to reckon up, to sum up, to total (an account)
4254	عَتَبَة	noun	12.84	6.56	25.17	0.97	0.00	C1		threshold, doorsill
4255	مُعْتَدِل	adj	12.84	4.83	23.72	1.00	0.00	A2		straight, even, proportionate
4256	تَاكْسِي	noun	12.83	14.22	8.04	1.00	0.00	A1		taxi, cab, taxicab
4257	تُحْفَة	noun	12.83	8.81	18.67	0.89	0.11	C1		masterpiece, curiosity, rarity
4258	سَامّ	adj	12.82	12.22	13.45	0.75	0.25	C2		poisonous, toxic
4259	مَحْصُول	noun	12.82	7.38	22.26	1.00	0.00	B1		result, outcome
4260	مَدْفَع	noun	12.81	8.71	18.85	0.00	1.00	C2		watercourse, the lowest part of a valley where the torrent pours forth
4261	ضِفَّة	noun	12.81	3.78	43.41	0.04	0.79	C2		bank, shore
4262	ضِيَافَة	noun	12.81	5.18	31.65	0.96	0.00	C1		accommodation, having as a guest, hosting, hospitality
4263	تَقَاطُع	noun	12.80	13.86	11.82	0.20	0.00	B1		intersection (place where roads meet)
4264	رَمْي	noun	12.77	15.30	10.67	0.00	1.00	C1		verbal noun of رَمَى (ramā) (form I) › throwing, flinging
4265	قَلَّلَ	verb	12.77	10.70	15.24	0.18	0.82	C1		to lessen, to decrease, to reduce, to diminish
4266	لِتْر	noun	12.77	7.27	15.57	0.00	0.00	A1		litre
4267	قَارَّة	noun	12.75	4.40	25.62	0.00	1.00	A1		continent
4268	اِصْطِنَاعِيّ	adj	12.71	7.41	21.80	1.00	0.00	B1		artificial
4269	نَسَمَة	noun	12.70	3.18	50.71	1.00	0.00	B1		breath, wiff, waft, breeze
4270	مِعْطَف	noun	12.69	45.03	2.48	1.00	0.00	A1		coat, overcoat, smock
4271	إِمَارَة	noun	12.68	0.00	321.79	0.00	0.05	C2		emirate
4272	أَمْرَكَ	verb	12.68	42.14	3.82	0.00	0.00			to Americanize, to make American
4273	عَائِل	adj	12.67	12.43	12.91	0.06	0.31			poor (with no or few possessions or money)
4274	جَسَّدَ	verb	12.66	5.86	19.01	0.57	0.43	A1		to embody
4275	اِبْتِزَاز	noun	12.65	10.64	15.04	1.00	0.00			blackmail, extortion
4276	صَدَمَ	verb	12.65	15.95	10.03	0.92	0.08			to strike, to bump, to knock, to hit, to shock
4277	خَلِيط	noun	12.65	8.88	18.02	1.00	0.00	B2		mixture, blend (مِن of)
4278	طَفِيف	adj	12.65	8.05	19.88	1.00	0.00	C1		insignificant, little, minor
4279	مُلْصَق	noun	12.64	14.37	11.11	0.95	0.00	B1		poster (placard affixed to a wall or surface, often for advertisement or announc…
4280	فَرَنْسِيَّة	noun	12.63	7.45	21.41	0.00	0.00	C2		the French language, French
4281	طَلُقَ	verb	12.62	11.58	9.55	0.53	0.41	A2		to set loose; to free; to launch
4282	عَجْز	noun	12.61	4.57	34.74	0.00	1.00	B1		weakness
4283	تَعَارَضَ	verb	12.59	6.55	24.20	0.56	0.00	B1		to oppose each other
4284	مُلَخَّص	noun,adj	12.59	2.19	72.22	1.00	0.00	C2		summary, outline, highlight
4285	عَاطِفَة	noun	12.58	13.71	11.55	0.26	0.74	C2		emotion, sentiment
4286	رَعَبَ	verb	12.58	9.49	16.68	0.97	0.03	B2		to be terrified
4287	مُتَّفِق	adj	12.57	10.47	15.11	0.48	0.52	B1		agreeing (with someone)
4288	جَزَاء	noun	12.57	4.49	35.21	0.74	0.26	B2		repayment
4289	خُلَاصَة	noun,adv	12.56	7.57	20.83	0.96	0.04	B2		synopsis, synthesis, essence, quintessence, gist, abstract, résumé etc.
4290	مُرَاد	noun,adj,name	12.56	3.19	34.34	0.11	0.89	A2		desire, wish
4291	شِطْرَنْج	noun	12.56	14.61	7.50	1.00	0.00	A2		shatranj
4292	اِشْتَرَكَ	verb	12.55	7.22	21.84	0.27	0.13	B1		to enter into partnership, to cooperate
4293	شَفَقَة	noun	12.55	46.19	3.41	0.95	0.00	C1		pity
4294	ضَافَ	verb	12.55	6.41	24.56	0.00	0.71	B2		to stay (as a guest), to stay over
4295	بَدْلَة	noun	12.54	27.45	3.98	0.00	0.28	A1		suit (of clothes), uniform
4296	هَزّ	noun,verb	12.53	9.08	17.31	0.97	0.03	C2		vibration, oscillation
4297	مَوْسُوعَة	noun	12.53	1.90	82.79	0.98	0.00	B1		encyclopedia
4298	مُخْتَصَر	adj	12.52	7.74	20.28	1.00	0.00	C1		brief
4299	رِوَاق	noun	12.52	11.91	13.16	1.00	0.00			drapery, curtain (of a tent)
4300	بَرْد	noun	12.51	16.09	9.72	0.00	1.00	C1		cold, coldness
4301	اِسْتِخْرَاج	noun	12.50	6.41	24.38	1.00	0.00	C1		extraction
4302	بَطَاطَا	noun	12.50	18.88	8.28	1.00	0.00			sweet potato
4303	هَبَّ	verb	12.48	7.27	21.44	0.67	0.15	C1		to pace along briskly
4304	شَغَبَ	verb	12.48	10.16	15.34	0.37	0.00	C2		to cause riots, uproar, strife among
4305	أَغْضَبَ	verb	12.48	28.07	5.55	0.28	0.66	C2		to irritate, to tease, to make angry
4306	طَمَاطِم	noun	12.47	9.75	11.08	1.00	0.00	A2		tomatoes
4307	مِسْمَار	noun	12.46	17.12	6.30	1.00	0.00	A2		nail, pin, peg, wedge, bolt, even a screw
4308	عَتِيق	adj	12.46	8.69	17.87	0.90	0.01	B2		antique, ancient, archaic, old
4309	عَاقِل	adj	12.45	9.19	16.86	1.00	0.00	B2		reasonable, endowed with reason, prudent
4310	اِشْتَكَى	verb	12.44	9.08	17.04	1.00	0.00			to complain
4311	دَخِيل	noun,adj	12.43	9.09	11.81	1.00	0.00	A1		intruder
4312	عَاطِف	noun,adj,name	12.43	9.43	16.38	0.00	1.00	B1		conjunction
4313	تَشْوِيش	noun	12.42	7.86	19.61	1.00	0.00			obfuscating, muddling, garbling
4314	طَابَع	noun	12.42	5.96	25.87	0.00	1.00	B1		postage stamp
4315	طَابِع	noun	12.42	5.96	25.87	0.00	1.00	B1		printer (person who prints)
4316	قَصِفَ	verb,adj	12.41	3.69	41.76	0.00	1.00	B2		to break
4317	تَطَرَّقَ	verb	12.39	3.79	40.54	1.00	0.00	B2		to try to gain access
4318	قَنَّاص	noun	12.38	14.71	10.42	1.00	0.00			sniper
4319	اِنْفِرَاد	noun	12.38	15.75	9.73	1.00	0.00			verbal noun of اِنْفَرَدَ (infarada) (form VII) › isolation, solitude
4320	مَعْذِرَة	noun	12.38	201.27	0.76	0.95	0.00			excuse
4321	تَعَايُش	noun	12.37	5.99	25.52	1.00	0.00	C1		coexistence
4322	تُوت	noun	12.36	14.49	10.55	0.95	0.00			mulberry (fruit)
4323	سَفِيَ	verb	12.36	16.11	9.48	0.00	0.67			to be or become light (in weight; of a thing)
4324	قَافِلَة	noun	12.36	4.81	31.72	0.27	0.00	C1		caravan
4325	مُعَاهَدَة	noun	12.35	5.67	26.90	0.70	0.30	C1		treaty
4326	مُفْرِط	adj	12.35	10.70	14.26	1.00	0.00	C1		excessive
4327	مُو	noun	12.34	11.62	13.10	0.00	1.00			meu, baldmoney (Meum athamanticum)
4328	تَهَدَّفَ	verb	12.34	2.73	55.77	0.00	0.00	B1		to strut
4329	هَامِش	noun	12.33	3.14	48.41	1.00	0.00	B1		margin
4330	فَهْد	noun,name	12.32	3.36	45.22	0.05	0.95	B1		cheetah
4331	وَاقَفَ	verb	12.32	19.03	7.98	0.55	0.00	C1		to stand with [+direct object] or by his side
4332	مُقَرِّر	noun	12.32	2.20	47.85	0.00	0.98	A2		reporter
4333	بْلَاسْتِيكِيّ	adj	12.31	9.56	15.86	0.86	0.00			related to plastic
4334	حَقِير	adj	12.31	95.06	1.59	1.00	0.00			low, mean, vile
4335	أَشْعَلَ	verb,adj	12.30	17.15	8.82	0.65	0.24			to kindle, to excite (war, passion, etc.)
4336	تَأْشِيرَة	noun	12.30	2.32	45.22	0.00	0.00	A2		visa
4337	مُضْطَرِب	adj	12.30	17.25	8.77	1.00	0.00			agitated; disturbed; confounded; distraught; tumultuous
4338	تَلَا	verb	12.30	6.13	24.66	0.35	0.65	C2		to follow, walk behind another
4339	عَاوَدَ	verb	12.28	20.71	7.29	0.97	0.03			to return, to come back, to go for another time, to resume
4340	رَشْوَة	noun	12.28	10.30	14.64	1.00	0.00	C2		bribe
4341	ضَجَّة	noun	12.27	16.51	9.11	1.00	0.00			instance noun of ضَجَّ (ḍajja)
4342	مَسْحُوق	adj,noun	12.26	11.67	12.89	1.00	0.00	B2		crushed, squished, ground
4343	جَبَان	adj	12.26	37.73	3.98	0.83	0.17			cowardly, pusillanimous
4344	مَشُورَة	noun	12.25	3.55	42.31	1.00	0.00			counsel, recommendation, suggestion, consultation, advice
4345	مَوْطِن	noun	12.25	12.56	11.96	1.00	0.00	C2		domicile, residence
4346	قِبْلِيّ	adj	12.24	10.00	14.99	0.00	0.37	B1		southern, meridional
4347	طَلَعَ	verb	12.24	2.39	43.43	0.65	0.35	A2		to come upon, befall
4348	صَيْحَة	noun	12.23	8.41	17.80	0.91	0.09			instance noun of صَاح (ṣāḥ): an instance of yelling; a yell, a shout, a scream
4349	بَكَّرَ	verb	12.23	3.65	40.94	0.00	0.90	C2		to be early
4350	اِرْتَاحَ	verb	12.22	31.36	4.76	0.97	0.03			to rest, to relax
4351	رَقَصَ	verb	12.22	37.47	2.77	0.15	0.85	A1		to dance
4352	حَصْرِيًّا	adv	12.21	3.32	44.99	0.00	0.00			exclusively
4353	شُبَّاك	noun	12.20	3.85	26.83	0.10	0.25	A1		netting, network, plaitwork
4354	وَشْم	noun	12.19	27.94	5.31	0.48	0.02	B2		tattoo
4355	بَنَفْسَجِيّ	adj	12.17	4.29	23.98	0.97	0.01	A2		violet (color), purple
4356	اِنْصَرَفَ	verb	12.17	17.04	8.69	0.97	0.03	C2		to leave, to depart, to go away
4357	دَرِيّ	adj	12.15	7.24	20.40	0.42	0.42			Dari
4358	مُحَاصِر	adj	12.15	12.11	12.19	0.95	0.05			besieger
4359	اِشْتَاقَ	verb	12.15	38.79	3.81	0.61	0.39	C2		to yearn for [with إِلَى (ʔilā) or accusative], to miss
4360	أَوْجَه	adj	12.15	8.31	17.76	0.00	0.13			elative degree of وَجِيه (wajīh): › more esteemed; most esteemed
4361	جُمْرُك	noun	12.14	4.69	31.44	1.00	0.00	C1		customs (government department)
4362	مُكَعَّب	adj,noun	12.14	7.98	18.46	1.00	0.00	C1		cubic
4363	مَلْعُون	adj	12.13	56.40	2.61	0.98	0.00	C1		outcast, execrable
4364	أَنْكَرَ	verb	12.12	7.97	18.43	0.47	0.38	B2		to deny
4365	اِلْتَحَقَ	verb	12.11	7.76	18.92	1.00	0.00			to reach, to attain
4366	مِلْك	noun	12.10	11.00	13.32	0.00	1.00	B1		property, possession, goods and chattels, fortune, wealth
4367	تَشْرِيح	noun	12.10	21.52	6.80	1.00	0.00			verbal noun of شَرَّحَ (šarraḥa) (form II) › autopsy
4368	إِمْبَرَاطُورِيَّة	noun	12.10	12.93	11.32	0.45	0.55	C1		empire
4369	اِسْتِيلَاء	noun	12.09	8.67	16.85	1.00	0.00	C1		takeover, appropriation, seizure, occupation, subjugation
4370	تَكَلُّم	noun	12.08	36.42	2.78	0.91	0.09	A1		talking, discussion, conversation
4371	مَقَاس	noun	12.08	9.83	14.84	1.00	0.00			size, dimension, measurement
4372	زَيَّا	verb	12.06	18.34	7.93	0.00	0.00			give the shape, form, costume of, to dress, clothe, costume
4373	أَفْتَح	adj	12.06	46.14	3.15	0.00	0.00			elative degree of فَاتِح (fātiḥ)
4374	وَبَاء	noun	12.05	11.23	12.93	1.00	0.00			epidemic
4375	كَثَافَة	noun	12.05	4.92	29.48	1.00	0.00	B2		density, thickness
4376	اِكْتِئَاب	noun	12.04	8.36	17.36	1.00	0.00	C2		depression, despondency
4377	أَطْلَسِيّ	adj	12.04	4.48	32.31	0.98	0.00			Atlantic
4378	عِنْدَئِذٍ	adv	12.03	14.23	10.17	1.00	0.00	B2		whereupon
4379	تَمَزُّق	noun	12.02	8.66	16.68	0.30	0.01			being or becoming torn, shearing, stripping
4380	عَادَلَ	verb	12.02	4.00	25.07	0.87	0.13	A2		to be equal to
4381	فَجْوَة	noun	12.01	9.03	15.97	1.00	0.00	B1		interval, distance
4382	مَتَاع	noun	12.01	14.81	9.74	1.00	0.00	C2		property, possessions
4383	مُنْحَرِف	verb	12.00	20.53	7.01	1.00	0.00	C1		active participle of اِنْحَرَفَ (inḥarafa) › slanted, bent, tilted
4384	أَحْرَقَ	verb	11.99	21.21	6.78	0.62	0.28	B2		to burn, to set on fire
4385	كَرْم	noun	11.99	5.23	27.49	0.06	0.94	C2		vineyard, vines, orchard
4386	سَرَى	verb	11.99	7.70	18.67	0.00	0.60			to circulate; to flow
4387	تَنَافُس	noun	11.97	5.65	25.34	0.61	0.04	B1		competition
4388	كَوَّرَ	verb	11.96	20.00	7.15	0.57	0.33			to roll, to roll up, to coil, to wind
4389	سُكْر	noun	11.95	10.26	9.67	0.00	1.00	A2		drunkenness, intoxication, inebriety
4390	مَالِكِيّ	adj	11.95	1.72	57.57	0.87	0.00	A2		Maliki
4391	سُلَالَة	noun	11.95	11.00	12.98	0.42	0.00	C2		descendancy, lineage, pedigree (seen to both directions)
4392	فَائِت	adj	11.95	11.00	12.97	1.00	0.00	C2		past, former
4393	تَحَمُّل	noun	11.94	13.25	10.75	0.84	0.16	C2		forbearance, endurance, stamina
4394	جَرِيء	adj	11.94	7.35	19.39	1.00	0.00	B2		bold, daring, brave, courageous
4395	تَوَافَقَ	verb	11.93	5.64	17.53	0.96	0.04	A2		to agree with one another
4396	هِمَّة	noun	11.92	16.15	8.80	0.79	0.21			ambition, zeal
4397	رَكْلَة	noun	11.92	7.28	19.52	0.00	0.14	B2		a kick
4398	عَلَامَ	particle	11.91	12.16	8.11	0.89	0.11	A2		on what?
4399	بُرْتُقَال	noun	11.91	11.80	8.35	1.00	0.00	A2		orange, oranges
4400	مَغْرِبِيّ	adj,noun	11.91	0.00	283.69	0.94	0.00			western, occidental
4401	غَبَاء	noun	11.90	42.45	3.33	1.00	0.00	B2		stupidity, foolishness
4402	رَفّ	noun,verb	11.89	12.39	11.42	0.97	0.03	B1		sill; shelf; whatnot
4403	إِقْرَار	noun	11.89	2.26	62.43	0.99	0.00	B1		endorsement
4404	مَحْظُور	adj	11.87	8.66	16.27	1.00	0.00			forbidden, banned
4405	مُعَطَّل	adj	11.87	10.08	13.97	1.00	0.00			out of order, broken (machine, etc.)
4406	اِسْتِلَام	noun	11.87	3.96	35.61	1.00	0.00	C1		receiving
4407	مُشَوَّش	adj	11.87	21.08	6.68	1.00	0.00			muddled, confused
4408	مُرَجَّح	adj	11.86	8.72	16.15	1.00	0.00			high-quality, having more in its favor, preponderant, predominant
4409	جَبِين	noun	11.86	13.91	10.11	0.10	0.81	B1		forehead
4410	سَاخِر	adj,noun	11.85	6.84	20.53	1.00	0.00	B2		mocking, sarcastic
4411	إِرْث	noun	11.83	8.30	16.85	0.61	0.00	C2		inheritance
4412	مُنْخَفَض	noun	11.82	11.39	12.27	0.00	1.00	B1		depression, low ground
4413	جَنَبَ	verb	11.82	4.83	20.08	0.00	1.00	A1		to turn aside, decline
4414	كُلَّاب	noun	11.82	17.48	7.99	0.00	0.00			pike pole, gaff
4415	خَضْرَاء	noun	11.80	11.28	12.35	0.00	0.13	B1		vegetable
4416	عَشِيَّة	noun	11.80	7.74	17.99	1.00	0.00	C1		evening, nightfall
4417	دِرَايَة	noun	11.80	11.79	11.80	0.98	0.00			knowledge, awareness, understanding (all especially gained through experience), …
4418	وِقَايَة	noun	11.79	1.98	70.14	1.00	0.00	B2		protection, guard, preservation, care, solicitude
4419	شَادَ	verb,noun,adj	11.79	5.19	26.74	0.00	0.63			to build
4420	بَسْكَوِيت	noun	11.77	18.65	5.16	0.00	0.00	A2		biscuit, cookie
4421	رَاهَنَ	verb	11.76	21.99	6.29	0.62	0.38	B2		to bet, to wager
4422	صَمَّمَ	verb	11.75	8.85	15.61	0.48	0.10	B2		to deafen (someone)
4423	مَاشِيَة	noun	11.75	8.10	17.05	1.00	0.00	C1		cattle, livestock
4424	نَفُوذ	adj	11.75	6.64	20.80	0.00	1.00	B1		penetrating, pervasive
4425	نُفُوذ	noun	11.75	6.64	20.80	0.00	1.00	B1		penetration
4426	نِسْبِيّ	adj	11.74	3.28	29.19	1.00	0.00	A2		relative, proportional
4427	رَابَطَ	verb	11.72	2.88	33.16	0.04	0.96	A1		to be lined up, posted, stationed (of troops)
4428	حَالَمَا	conj	11.72	64.28	2.14	0.00	0.03			as soon as, the moment that, right after, on, just at, no sooner than, immediate…
4429	دِيوَان	noun	11.72	0.00	190.75	0.95	0.00	A2		register (registration book)
4430	خِصِّيصَى	adv	11.70	9.23	14.82	0.00	0.00			specially
4431	تَمَنَّعَ	verb	11.70	5.99	22.85	0.00	0.00			to seek protection in
4432	تَهَدَّدَ	verb	11.69	5.06	26.97	0.08	0.00	B2		to threaten
4433	إِيذَاء	noun	11.67	28.08	4.85	1.00	0.00			hurting, harming
4434	مَشْحُون	adj	11.66	2.86	47.48	1.00	0.00			loaded with, charged with, full of
4435	إِمْدَاد	noun	11.66	5.61	24.23	0.32	0.01			supply, provision, support
4436	تَعْزِيَة	noun	11.65	3.55	38.29	0.03	0.15	B2		condolences
4437	وَاسِطَة	noun	11.65	4.33	31.33	0.13	0.19			intermediary
4438	دُوَار	noun	11.65	8.56	15.85	0.00	1.00			vertigo, dizziness, giddiness
4439	نَخَبَ	verb	11.64	40.23	3.37	0.00	0.00	B1		to choose, select
4440	إِيَّاكَ	verb,pron	11.63	31.47	4.30	0.00	0.00	C2		beware!
4441	دَرْب	noun	11.62	7.42	18.18	0.59	0.41	B2		path, pass, way
4442	قِيَامَة	noun	11.61	2.85	47.41	0.98	0.00	C1		resurrection, rebirth, anastasis
4443	أَثْنَى	verb	11.61	10.04	13.44	0.88	0.09			to praise or blame
4444	حَسِبَ	verb	11.61	18.63	7.23	0.00	1.00	B1		to assume, to think, to suppose, to believe
4445	مَخْرُوطِيّ	adj	11.59	0.00	268.75	0.88	0.04			conical
4446	غُدَّة	noun	11.59	4.52	29.68	0.96	0.00			gland
4447	رِيم	noun,name	11.58	10.34	12.98	0.12	0.71	C1		wild member of the Bovidae
4448	غَارَة	noun	11.58	5.21	25.74	0.46	0.54	C1		raid, encroachment
4449	فَارَ	verb	11.58	12.28	10.92	0.16	0.24	C1		to overflow, to gush forth, to boil up
4450	حَجَّار	noun	11.53	7.20	18.48	0.06	0.61	B2		stonecutter, stonemason
4451	تَوَضَّحَ	verb	11.53	7.72	17.23	0.03	0.00	B2		to become elucidated
4452	ثَمَرَة	noun	11.53	5.15	25.83	0.00	0.56	B1		a fruit
4453	عِمَارَة	noun	11.53	1.67	55.21	0.95	0.04	A2		building, structure
4454	مُقْتَنِع	adj	11.52	12.68	10.46	0.96	0.00	C2		convinced, persuaded
4455	غَلَى	verb	11.51	16.90	7.84	0.74	0.26			to boil
4456	صَوَّبَ	verb	11.51	12.49	10.60	0.32	0.68	C1		to aim, point, or direct (something, such as a ranged weapon, like an arrow)
4457	سَاهَمَ	verb	11.48	1.49	88.44	0.97	0.03	B1		to join, to partake, to contribute to
4458	وَجِيه	adj,noun	11.47	10.35	12.72	1.00	0.00			eminent, distinguished, decorous, respected, beseeming
4459	سَفَنَ	verb	11.47	10.15	12.96	0.00	0.00	B2		to skin, to peel, to strip by abrasion
4460	صَادَفَ	verb	11.47	13.67	9.62	1.00	0.00	B2		to encounter, to meet (by chance), to come across
4461	مَخْبَر	noun	11.46	19.98	6.57	0.97	0.00			synonym of مُخْتَبَر (muḵtabar, “laboratory”)
4462	تَكَذَّبَ	verb	11.45	55.77	2.35	0.00	0.00			to pretend to lie
4463	مُزَوِّد	noun	11.44	4.89	26.77	1.00	0.00	C1		provider, supplier
4464	عَزَّ	verb	11.44	1.62	80.97	0.03	0.97	B1		to be powerful, to overpower
4465	ثُغْرَة	noun	11.43	5.30	24.68	0.95	0.05	C1		gap, loophole, pit, wedge
4466	مَاكِر	noun	11.43	10.26	12.73	0.54	0.46			planner
4467	تَصَاعَدَ	verb	11.42	5.11	25.54	1.00	0.00	C1		to rise, lift, ascend, go up gradually, climb, increase, grow, mount
4468	وُجُودِيّ	adj	11.42	17.79	7.33	0.18	0.00			existential
4469	تَعَقَّبَ	verb	11.40	30.93	4.20	0.32	0.00			to trace, to track down, to trail (with either the emphasis on the search or the…
4470	بَارَى	verb	11.40	21.82	5.95	0.21	0.78			to disagree, to contend
4471	مَالِح	adj	11.39	5.12	25.31	0.98	0.00	B1		salty, saline.
4472	بُولَنْدِيّ	noun,adj	11.39	4.08	22.04	1.00	0.00	A1		Pole
4473	عَنِيد	adj	11.38	22.12	5.85	1.00	0.00	B2		stubborn, headstrong, obstinate
4474	مُعَاصِر	adj	11.38	1.34	67.30	1.00	0.00	A2		contemporary, contemporaneous
4475	اِبْتِدَاء	noun	11.37	1.81	49.72	0.76	0.08	A2		beginning
4476	اِمْتِدَاد	noun	11.37	3.85	33.57	0.98	0.00	B1		extension, stretch
4477	نَشِيد	noun	11.37	1.78	72.58	0.24	0.66	B2		a song, hymn, especially › a national or political anthem
4478	حِلْف	noun	11.36	2.73	47.32	0.98	0.02			alliance; federation, pact
4479	مِيزَان	noun	11.33	2.23	40.06	0.44	0.03	A2		balance
4480	غِنًى	noun	11.31	6.14	20.84	0.00	1.00	B1		richness
4481	كَنَدِيّ	adj	11.31	4.05	21.93	0.00	0.97	A2		Canadian
4482	كَعْب	noun	11.31	7.85	16.30	1.00	0.00	B1		knot, knob, node
4483	تَزَلُّج	noun	11.30	20.52	6.23	1.00	0.00	B1		skiing, skating
4484	عِجْلَة	noun	11.30	14.01	9.11	0.00	1.00	C1		female calf; heifer (rare, for female calves are also called عِجْل)
4485	تَدَهْوَرَ	verb	11.29	5.05	25.28	1.00	0.00	B2		to decline, to be worsen, to collapse, to fall, to deteriorate
4486	مُقَاتِلَة	noun	11.29	8.25	15.45	0.49	0.18			fighters, combatants
4487	إِعْصَار	noun	11.29	12.62	10.10	0.31	0.30			storm, whirlwind, tornado, cyclone, hurricane
4488	خَدّ	noun	11.29	11.63	10.96	0.64	0.00	B2		cheek
4489	جُرْم	noun	11.29	5.05	25.23	0.56	0.02	C2		crime, sin, wrongdoing
4490	تَدَفُّق	noun	11.28	6.96	18.29	0.28	0.57	C1		flowing, pouring in, streaming copiously
4491	سِرْوَال	noun	11.28	38.29	3.32	1.00	0.00	C2		pants
4492	بَيْضَة	noun	11.28	10.38	8.51	0.00	0.33	A1		egg
4493	مُقَيَّد	adj	11.28	10.45	12.17	1.00	0.00	B2		restricted, constrained, bound
4494	مُتَطَوِّع	adj	11.26	8.31	15.25	0.24	0.02	C2		volunteer
4495	لِي	verb	11.25	4.40	19.98	0.00	1.00	A1		Noun
4496	تَصَفُّح	noun	11.24	1.65	76.83	1.00	0.00	C2		browsing
4497	سَلَفًا	adv	11.24	14.05	8.99	0.00	0.00			in advance, beforehand
4498	نَظْم	noun	11.23	2.34	37.53	0.00	1.00	A2		verse (“poetic form with regular meter and a fixed rhyme scheme”)
4499	أَنْجَبَ	verb	11.23	13.63	9.25	1.00	0.00			to beget, to sire, to bear (female or male)
4500	بَلَاط	noun	11.23	8.36	15.07	1.00	0.00	C2		tile, flagstone, slab, pavement
4501	لَقَاح	noun	11.22	8.25	15.27	0.93	0.07	C1		pollen
4502	تَقَدُّمِيّ	adj	11.22	6.19	20.35	0.67	0.02	B2		progressive
4503	خِلْط	noun	11.21	6.91	18.20	1.00	0.00	C2		anything that blends into a mass, component of a mixture, admixture
4504	رِيشَة	noun	11.21	9.54	13.18	0.00	0.66	B2		feather
4505	اِسْتِكْشَاف	noun	11.19	6.18	20.26	1.00	0.00	B2		verbal noun of اِسْتَكْشَفَ (istakšafa) (form X) › exploration
4506	مَخْفِيّ	adj	11.19	15.00	8.35	1.00	0.00	B2		passive participle of خَفَى (ḵafā) › hidden, concealed
4507	حِرَفِيّ	noun	11.19	5.54	22.61	0.46	0.03	B2		craftsman, artisan
4508	إِهْمَال	noun	11.18	4.58	27.28	1.00	0.00	C1		negligence
4509	خَوَّفَ	verb	11.18	7.55	11.50	0.03	0.97	A1		to frighten
4510	بَلِيَ	verb	11.17	11.48	10.87	0.00	0.54			to wear out
4511	عَقَّار	noun	11.17	8.56	10.13	1.00	0.00	A2		drug, pharmacum, chemical substance that becomes active in the human body
4512	حَاضَرَ	verb	11.17	22.35	5.58	0.04	0.96	B1		to give a lecture to
4513	نَأَى	verb	11.16	16.57	7.52	0.86	0.14			to be distant, to be far (عَن (ʕan) / بـ (b-) from)
4514	جَرْي	noun	11.16	15.07	8.27	0.66	0.00	C1		course, run
4515	أَحْرَى	adj,verb	11.16	13.51	9.22	0.77	0.06	C2		elative degree of حَاري
4516	سَلَف	noun,verb	11.15	2.68	32.26	0.89	0.05	A2		ancestor(s), forefather(s), forebear(s)
4517	تَدْرِيجِيّ	adj	11.15	4.45	27.96	1.00	0.00	B2		graded, progressive, phased, incremental, modulated
4518	طَاعَة	noun	11.15	3.59	34.58	0.99	0.00	B2		obedience
4519	لَقْطَة	noun	11.15	10.43	11.91	0.00	1.00	C1		shot (single unbroken sequence of photographic exposures)
4520	نَاخِب	noun	11.14	2.67	46.48	1.00	0.00	B2		elector, voter, constituent
4521	مَغْزًى	noun	11.14	19.70	6.30	0.98	0.00	C2		sense, point, significance
4522	حَرَاك	noun	11.14	4.72	26.27	0.65	0.00			motion, movement, unrest
4523	أَدْرَى	verb	11.14	21.53	5.76	0.14	0.21	B1		to inform, to notify
4524	بُولِيس	noun	11.13	9.32	9.23	0.90	0.00	A2		police
4525	رَمَاد	noun	11.13	14.95	8.29	1.00	0.00	C2		ash, ashes
4526	مُطَابَقَة	noun	11.12	9.03	13.69	0.82	0.18			conformity
4527	كِنْدِيّ	adj	11.12	4.05	21.17	0.00	1.00	A2		A member of Kindah, an Arab tribe.
4528	مَحْلُول	noun,adj	11.11	8.44	14.64	1.00	0.00	C1		solution (homogeneous liquid mixture)
4529	بَبَّغَاء	noun	11.11	3.81	32.38	1.00	0.00			parrot
4530	أَخْفَقَ	verb	11.11	21.50	5.74	0.82	0.15			to fail, to break down, to result in fiasco
4531	حَصَّاد	noun	11.11	7.31	16.88	1.00	0.00	C2		harvester, cropper, reaper
4532	تَصْلِيح	noun	11.11	7.28	16.93	1.00	0.00	B2		fixing, mending, improving
4533	تَمْدِيد	noun	11.10	3.09	39.83	0.95	0.00	C1		lengthening, prolongation, extension
4534	لَيْلَى	noun,name	11.08	11.60	10.58	0.00	1.00			ecstasy of wine
4535	نَاضِج	adj	11.08	19.32	6.35	1.00	0.00	B2		ripe
4536	مَهْجُور	adj	11.08	16.19	7.58	1.00	0.00	C1		deserted, abandoned, forsaken
4537	رَادَّ	verb	11.08	18.70	6.56	0.19	0.79	B1		to return, give back, requite
4538	نِزَال	noun	11.07	13.81	8.87	0.20	0.00	C2		fight, combat, battle
4539	هُدْنَة	noun	11.06	6.92	17.67	1.00	0.00			truce, peace, cease-fire
4540	وِسَادَة	noun	11.05	13.26	6.40	0.65	0.35	A1		pillow, cushion, bolster
4541	صَدَفَة	noun	11.03	17.53	6.94	0.00	1.00	B1		shell, seashell
4542	صُدْفَة	noun	11.03	17.53	6.94	0.00	1.00	B1		chance (accidental occurrence), accident, coincidence
4543	تَوَسَّلَ	verb	11.02	37.66	3.22	1.00	0.00			to curry favor
4544	مَرْسًى	noun	11.02	2.93	41.40	0.96	0.04			anchorage, harbour, marina, dock, jetty
4545	تَعَقَّدَ	verb	11.02	4.74	25.59	0.02	0.00	B2		to be or become complex, to be or become tangled, to be or become mixed up
4546	سِوَار	noun	11.01	12.22	9.91	0.72	0.09			bracelet
4547	ضَوْضَاء	noun	11.00	20.23	5.98	1.00	0.00			noise, uproar
4548	ثِقْل	noun	10.99	5.54	21.81	0.73	0.00	C1		weight
4549	قَمْح	noun	10.99	4.31	28.01	1.00	0.00	B1		wheat
4550	عَرِيس	noun	10.98	7.63	15.80	0.19	0.08	C1		bridegroom
4551	ضَحَّى	verb	10.97	11.42	10.54	0.29	0.47	C2		to sacrifice
4552	مُنَاوَرَة	noun	10.97	6.49	18.55	1.00	0.00	C1		manoeuvre, maneuver
4553	كَرْبُون	noun	10.96	8.81	13.65	1.00	0.00	C1		carbon
4554	قَاطَعَ	verb	10.96	10.49	11.46	0.48	0.52	B2		to separate oneself from (construed with a direct object), renounce, cut one's a…
4555	اِسْتِسْلَام	noun	10.96	11.71	10.26	1.00	0.00	C2		surrender, submission
4556	كَيْل	noun	10.96	18.32	6.56	0.69	0.13			measure, something used for meting
4557	أَصِيل	noun,adj,name	10.96	2.08	40.13	1.00	0.00	A1		late afternoon
4558	طَوَارِئ	noun	10.95	11.25	10.66	0.00	0.00	B1		emergency
4559	عَصِيب	adj	10.95	23.84	5.03	1.00	0.00			troublesome, difficult, hard, fatiguing
4560	إِسْكَان	noun	10.95	1.87	64.07	1.00	0.00	C1		causing to inhabit or settle
4561	حَلَّقَ	verb	10.92	14.82	8.05	0.00	1.00	C2		to shave smooth
4562	رَطْب	adj	10.91	8.16	10.14	1.00	0.00	A2		humid, moist
4563	كَرَّسَ	verb	10.91	8.41	14.16	0.90	0.10	B2		to put together, to found, to consolidate, to strengthen, to enshrine
4564	نَاقِص	adj	10.91	8.61	13.84	0.93	0.00	C1		imperfect
4565	أُمُومَة	noun	10.91	3.91	30.44	0.90	0.00	C1		motherhood
4566	أَعَاقَ	verb	10.91	7.07	16.82	0.62	0.00			to hamper, to be an obstacle to, to obstruct, to impair, to impede, to hinder
4567	وَارِدة	noun	10.90	3.42	34.71	0.00	0.78			feminine form of وَارِد m (wārid): › one who descends, especially to a watering …
4568	رَافِعَة	noun	10.90	7.23	16.42	0.99	0.01	C1		crane, derrick, hoist
4569	سَدَّدَ	verb	10.89	6.21	19.07	0.68	0.32	C2		to direct, to aim
4570	مَناعة	noun	10.88	6.84	17.32	1.00	0.00			impregnability, impermeability, impenetrability, immunity
4571	مُغَطًّى	adj	10.88	13.77	8.60	1.00	0.00			covered, covered up
4572	رَنَّ	verb	10.88	30.44	3.89	0.77	0.21	C2		to sound, to resound
4573	طَاهِر	adj,name	10.88	2.56	32.09	0.53	0.47	A2		pure (substance, creature etc)
4574	جِنَايَة	noun	10.88	4.75	24.92	1.00	0.00	C1		a felony
4575	نَقْدًا	adv	10.87	18.65	6.34	0.00	0.00			in cash
4576	دَفَنَ	verb	10.87	13.35	8.85	0.82	0.18	B2		to cover, to shroud, to conceal
4577	حُقُوقِيّ	noun,adj	10.87	3.07	38.46	0.87	0.00			jurist, legal expert
4578	إِرْشَاد	noun	10.86	1.35	87.02	0.98	0.00	C2		guidance
4579	مَخْزُون	noun,adj	10.85	6.44	18.28	1.00	0.00	C1		inventory, repertoire
4580	وَاعٍ	adj	10.85	8.16	14.42	0.00	0.10	C1		conscious, aware, mindful, attentive, heedful
4581	مَقُولَة	noun	10.85	6.47	18.18	1.00	0.00			saying, quote
4582	مُلَاحَقَة	noun	10.83	7.29	16.09	0.54	0.46	C2		pursuit
4583	جَسِيم	adj	10.83	6.01	19.50	0.79	0.21	C2		great, large, big, bulky
4584	حِصْن	noun	10.82	8.76	13.37	0.14	0.29	C2		stronghold, fortress, entrenchment
4585	فِلْو	noun	10.81	7.19	16.24	0.00	0.00			foal, colt (a preadult horse or ass which has been weaned)
4586	قَامُوس	noun	10.80	3.81	30.62	1.00	0.00	C2		dictionary, lexicon
4587	أَبَّ	verb,noun	10.79	10.58	7.63	0.00	0.94	A1		to put the hand to (as "to the sword")
4588	غَالِبِيَّة	noun	10.77	2.06	56.18	1.00	0.00			majority
4589	حَافَة	noun	10.76	14.40	5.59	0.00	1.00	A2		edge, border
4590	اِفْتِرَاض	noun	10.76	13.96	8.29	0.93	0.07	C2		verbal noun of اِفْتَرَضَ (iftaraḍa) (form VIII) › presumption, supposition
4591	مَكِيَاج	noun	10.75	2.62	44.10	0.00	0.00			makeup; make-up
4592	فَيَضَان	noun	10.74	5.96	19.35	1.00	0.00	B2		flood, deluge, inundation
4593	خِتَام	noun	10.74	1.43	56.13	0.98	0.00	A2		verbal noun of خَتَمَ (ḵatama) (form I) › end, conclusion, completion
4594	نِصَاب	noun	10.73	5.95	19.38	0.43	0.57	B1		begin, source
4595	مُصِيبَة	noun	10.73	7.17	16.08	1.00	0.00	C2		calamity, affliction, misfortune, disaster
4596	هَدَى	verb	10.73	2.98	38.61	0.20	0.31	B1		to guide
4597	سَلَبَ	verb,noun	10.72	4.66	17.10	0.22	0.78	A2		to rape, to seize to take away, to rob, to snatch, to grab, to strip
4598	مُنْتَزَه	noun	10.71	12.27	9.35	0.96	0.00			park
4599	صَبَاحِيّ	adj	10.71	6.23	18.42	1.00	0.00	B1		matinal, matutinal, relating to the morning
4600	فَسَدَ	verb	10.71	20.18	5.68	0.00	0.87	C2		to be or become rotten, spoiled, bad
4601	مُدَمِّر	noun	10.69	10.23	11.17	0.55	0.00	C2		destroyer (one who destroys)
4602	دَخْل	noun	10.69	2.37	33.48	0.09	0.91	A2		income
4603	خَاضِع	adj	10.69	2.94	38.84	1.00	0.00	C2		submissive, subordinate, controlled (by)
4604	فَضِيلَة	noun	10.68	2.18	52.33	0.73	0.19	C1		virtue, merit
4605	مُتَوَفًّى	adj	10.68	5.93	19.23	0.68	0.03	B2		deceased, dead
4606	بِطَالَة	noun	10.68	2.06	38.34	1.00	0.00	A2		idleness
4607	تَدَبَّرَ	verb	10.68	22.29	5.11	0.47	0.02			to ponder, to consider
4608	عَلَنِيّ	adj	10.67	5.26	21.63	0.96	0.00	B2		public, open
4609	أُولِمْبِيّ	adj	10.66	2.10	54.07	0.89	0.00	B2		Olympic
4610	شِرْك	noun	10.66	3.77	30.12	0.00	0.57			polytheism, idolatry
4611	فَصِيح	adj	10.66	3.94	28.83	0.79	0.21			pure in language (especially of literary Arabic)
4612	رَصْد	noun	10.65	2.86	39.70	0.26	0.74	C1		observation
4613	جَنْي	noun	10.65	7.08	16.00	0.00	1.00			harvest
4614	عَطَّلَ	verb	10.64	6.99	16.20	1.00	0.00	B2		to neglect
4615	مَرْسَم	noun	10.64	6.30	17.99	0.38	0.62			studio, atelier
4616	اِسْتَوْعَبَ	verb	10.64	10.61	10.66	1.00	0.00			to comprehend, to understand fully
4617	مَرْجِع	noun	10.64	1.59	49.29	0.79	0.20	A2		recourse, retreat
4618	مُضَاعَف	adj	10.62	6.64	16.98	0.41	0.59	B2		passive participle of ضَاعَفَ (ḍāʕafa) › multiplied, doubled
4619	عَبَّاس	adj,name	10.62	1.68	66.96	0.00	1.00			grim, glowering, frowning, stern, scowling, surly
4620	سَانَدَ	verb	10.62	16.44	6.86	0.29	0.00	C2		to help, assist
4621	لِيَاقَة	noun	10.61	4.88	23.06	1.00	0.00			good manners, courtesy, decency, etiquette
4622	وَثَرَ	verb	10.61	21.52	5.23	0.79	0.00			to smoothen, to make smooth
4623	تَحَدَّى	verb	10.61	8.79	12.80	0.96	0.00	B2		to rival with, to challenge, to defy
4624	نَفْع	noun	10.59	10.66	10.53	0.53	0.47	B1		benefit, usefulness
4625	زَائِف	adj	10.59	14.75	7.60	1.00	0.00	C1		fake, counterfeit, bogus
4626	تَاج	noun	10.57	7.54	14.83	0.06	0.94	B2		crown
4627	سُرْعَانَ	verb	10.56	5.92	18.86	0.84	0.16	B2		How quickly! in a short time
4628	أَوْسَعَ	verb,adj	10.56	4.29	25.97	0.84	0.04			to make wide, to broaden
4629	أَرْفَع	adj	10.55	26.85	4.15	0.55	0.12	C1		elative degree of رَفِيع (rafīʕ): › higher; highest
4630	بُرُتُوكُول	noun	10.55	5.32	20.95	0.00	0.02			protocol
4631	شَيِّر	adj	10.55	6.67	16.69	0.00	1.00			elegant, of good shape
4632	نَاشِر	noun	10.55	3.28	33.89	0.14	0.00	B2		publisher
4633	صَادَرَ	verb	10.54	2.54	30.33	1.00	0.00	A1		to seize, to impound, to confiscate
4634	أَفْعًى	noun	10.54	21.85	5.08	1.00	0.00			viper (venomous snake in the family Viperidae)
4635	نَصِيّ	noun	10.53	4.82	23.00	0.00	0.85			Stipagrostis spp., especially Stipagrostis plumosa, an important perennial grazi…
4636	أَنْجَل	adj	10.53	15.48	7.16	0.26	0.03			having large or widely open eyes, widely open (of eyes)
4637	حَرَام	adj	10.53	1.46	52.79	0.98	0.02	A2		forbidden, interdicted, unlawful, illegitimate, haram
4638	اِلْتَمَسَ	verb	10.52	4.96	22.35	0.11	0.00			to beseech, to request, to implore, to solicit, to petition
4639	لَطَّفَ	verb	10.52	10.72	10.33	0.51	0.49	B2		to make mild, to soften
4640	عَقْلِيَّة	noun	10.52	6.88	11.17	0.84	0.13	A2		attitude, mentality
4641	مَكْشُوف	adj	10.51	8.23	13.44	1.00	0.00	B2		exposed, bared, bare
4642	تَبَنَّى	verb	10.51	2.43	45.56	0.87	0.11	C1		to adopt
4643	مُنَسِّق	noun,adj	10.50	2.70	40.91	0.94	0.03	C2		coordinator, moderator, facilitator, curator
4644	أَقْفَلَ	verb	10.48	12.22	8.98	0.53	0.26			to lock (a door)
4645	رَأَسَ	verb	10.47	3.15	24.18	0.68	0.32	A1		to be at the head, to be chairman, to chair, to be in charge, to preside
4646	خَطَّأَ	verb	10.47	18.94	4.02	0.00	0.97	A1		to charge (with an offense), to implicate, to indict
4647	اِشْتَغَلَ	verb	10.46	6.87	15.93	1.00	0.00	C2		to occupy oneself, to busy oneself
4648	أَلْعَبَ	verb	10.46	36.87	2.97	0.00	0.00			to cause to play
4649	نَصَبَ	verb	10.45	6.79	16.10	0.29	0.71	B2		to set up, to lay, to erect, to raise, to build
4650	قَفَّ	verb	10.45	55.13	1.98	1.00	0.00			to ruffle, to shrivel
4651	نَدِمَ	verb	10.45	27.39	3.99	0.69	0.12	C2		to regret
4652	جُمْجُمَة	noun,name	10.45	21.18	5.16	1.00	0.00	B2		skull, cranium
4653	تَحَسَّبَ	verb	10.45	11.72	9.31	0.70	0.30	C2		to be careful, to be on guard
4654	شِجَار	noun	10.45	20.26	5.39	0.69	0.31			scrimmage, scuffle, quarrel, argument
4655	تَنَشَّرَ	verb	10.44	5.34	20.42	0.00	0.00			to spread, to be spread
4656	خَزِينَة	noun	10.44	6.99	15.57	1.00	0.00			treasury, closet (room where valuables are stored)
4657	صَوْتِيَّات	noun	10.41	0.00	216.70	0.99	0.01			phonetics
4658	مَلَامِح	noun	10.40	3.24	33.41	1.00	0.00	B2		countenance, feature
4659	حَفْر	noun	10.40	5.66	19.09	0.00	1.00	B2		digging, hollowing
4660	فِقْه	noun	10.40	0.00	150.08	0.95	0.02	A2		fiqh, jurisprudence
4661	نُصْب	noun,prep	10.39	6.19	17.43	0.00	1.00	B2		something erected, sculpture, statue, monument
4662	اِنْتِحَارِيّ	adj	10.38	3.85	28.03	0.82	0.00			suicidal, relating to suicide
4663	ظَهِيرَة	noun	10.38	24.05	4.48	0.94	0.00	C2		noontime
4664	بَاهِظ	adj	10.38	8.10	13.30	1.00	0.00			costly, burdensome, expensive, extortionate, fancy, high-priced
4665	اِسْتِمَارَة	noun	10.36	7.30	14.70	0.81	0.00	B2		form, application, questionnaire
4666	نَادِل	noun	10.35	26.24	4.09	0.98	0.00	B2		waiter
4667	فَلّ	noun,verb	10.35	8.63	12.42	0.82	0.18			notch, nick, incision
4668	قُبَيْلَ	prep	10.35	3.75	19.83	0.00	1.00	A2		shortly before
4669	بَاشَا	noun	10.34	3.56	30.06	0.98	0.00	B1		pasha, bashaw
4670	رَقَّصَ	verb	10.33	31.55	2.35	0.00	1.00	A1		to make dance, to dandle
4671	تَضَخُّم	noun	10.33	3.74	28.54	1.00	0.00	B1		inflation (“increase in prices”)
4672	مَرْفَأ	noun	10.32	6.52	16.32	1.00	0.00			port, harbour, dock
4673	حَافِز	noun	10.32	4.88	21.81	1.00	0.00	B2		incentive, stimulant
4674	قَمْع	noun	10.31	3.34	31.90	1.00	0.00	C1		suppression
4675	مُتَقَاعِد	noun,adj	10.31	5.17	20.58	1.00	0.00	B2		retiree, pensioner
4676	مُوَلِّد	noun	10.31	3.81	27.87	0.08	0.92	B2		begetter
4677	طَرِيفَة	noun	10.31	2.85	37.26	0.00	0.79			a joke
4678	رِجْل	noun	10.30	11.17	6.60	0.38	0.62	A1		an extremity; a limb › a leg
4679	سَعْد	noun,name	10.30	0.85	86.90	0.00	1.00	A2		good fortune, luck
4680	صَنَّ	verb	10.30	7.67	13.83	0.95	0.05			to be fetid, to have a foul odour
4681	فَحْم	noun	10.30	5.32	13.85	0.00	1.00	A1		cinder
4682	ضِلْع	noun	10.30	10.57	10.03	1.00	0.00	C1		rib
4683	حَيْثُمَا	conj	10.30	17.12	6.19	1.00	0.00	C2		wherever
4684	غَلْطَة	noun	10.30	46.97	2.26	0.56	0.40			a mistake, an error
4685	ثِنْي	noun	10.30	9.01	11.77	0.11	0.80	C1		duplicature, tuck, pleat, fold, twist
4686	مَشْرُوط	adj	10.29	13.17	8.03	1.00	0.00	C2		passive participle of شَرَطَ (šaraṭa) › subject to a condition, stipulated, cond…
4687	أَوْشَكَ	verb	10.27	22.04	4.79	0.84	0.13			to be near to doing something
4688	حَقَنَ	verb	10.27	6.53	16.16	0.94	0.06	C1		to keep back, to withhold, to retain, to collect
4689	تَوْقِيف	noun	10.26	2.39	43.99	0.96	0.00	C1		detention, arrest (“The act of arresting a criminal, suspect etc”)
4690	نُقُود	noun	10.26	36.29	2.90	0.00	0.00	C1		cash, ready money
4691	رَشِيد	adj,name	10.26	1.67	43.74	0.33	0.67	A2		who guides on the right path
4692	نِسْبِيّاً	adv	10.26	4.52	23.29	0.00	0.00	B1		relatively, proportionally
4693	عَرَق	noun,verb	10.25	9.18	11.46	0.00	0.93	B1		sweat, perspiration
4694	حَذَفَ	verb,noun	10.25	2.31	45.52	0.45	0.52	B1		to shorten, to clip, to curtail
4695	تَنَزَّلَ	verb	10.25	12.09	8.69	0.06	0.00			to descend, to come down
4696	مُتَسَاوٍ	adj	10.25	7.65	13.73	0.00	0.00	B2		equal, similar
4697	غَشَّ	verb,noun	10.24	12.86	8.15	0.38	0.54	C2		to act dishonestly toward someone
4698	اِسْتِفْسَار	noun	10.24	0.00	209.57	1.00	0.00	B1		a question, query, inquiry
4699	وَزَنَ	verb	10.24	8.79	11.92	0.56	0.26	B1		to weigh (“to determine the weight of an object”)
4700	سَمَاوِيّ	adj,noun	10.24	5.27	19.88	0.91	0.00	B2		celestial
4701	مُثَقَّف	adj	10.23	1.56	46.58	1.00	0.00	A2		educated
4702	تَخَصَّصَ	verb	10.22	3.01	34.72	0.08	0.00	B1		to specialize in, to get designated or allocated
4703	فَاتِح	noun,adj	10.21	4.74	21.99	0.98	0.02	B1		opener (one who opens)
4704	عُنْصُرِيَّة	noun	10.20	6.26	16.61	0.00	0.53	B2		racism
4705	عُمُوم	noun	10.20	2.32	31.10	0.66	0.32	A1		generality, prevalence
4706	سِنَاتُور	noun	10.19	11.85	8.76	0.26	0.00			senator
4707	رَاشِد	adj,noun,name	10.19	2.75	37.77	0.27	0.73	B1		following the right path
4708	مُعْدٍ	adj	10.19	5.66	12.72	0.45	0.11	A2		infectious
4709	خِيَاطَة	noun	10.18	5.45	19.03	0.00	0.60	C2		sewing, tailoring, dressmaking
4710	قُبْطان	noun	10.18	24.47	2.94	1.00	0.00	A1		captain
4711	رُوم	noun	10.17	6.91	14.98	0.00	1.00	B1		the Byzantines
4712	إِنْكْلِيزِيَّة	noun	10.17	4.11	25.17	0.05	0.00			female equivalent of إِنْكْلِيزِيّ (ʔinglīziyy, “Englishman”): › English woman
4713	وَفْد	noun	10.17	0.00	206.79	1.00	0.00	B1		delegation, despatch, mission
4714	أَضْعَفَ	verb,adj	10.17	8.46	12.23	0.50	0.43	C2		to weaken, to mitigate, to undermine
4715	إِزَاءَ	prep	10.17	2.99	34.60	1.00	0.00	B1		forenenst, opposite to
4716	رَعْد	noun	10.17	7.54	13.71	1.00	0.00	C1		thunder
4717	هَرَّبَ	verb	10.16	33.09	3.12	0.00	1.00	B1		to help escape
4718	سَبَحَ	verb	10.16	15.93	6.48	0.97	0.03	B1		to be above
4719	جَزَائِرِيّ	adj	10.15	0.00	206.09	0.98	0.00			Algerian (of or from Algiers or Algeria)
4720	شَوَى	verb	10.14	12.95	7.93	0.00	0.99			to grill
4721	تَعَافَى	verb	10.13	14.20	7.23	0.95	0.00			to recover, to heal
4722	تَحْكِيم	noun	10.13	2.14	48.06	0.99	0.00	B1		arbitration
4723	تَسْهِيل	noun	10.13	1.33	77.16	0.75	0.00	B1		facilitation
4724	اِعْتَزَمَ	verb	10.12	3.54	28.94	1.00	0.00	C2		to determine, to resolve, to decide upon (intend firmly)
4725	رَوَّجَ	verb	10.11	3.83	26.72	0.84	0.16	C2		to circulate, to sling, to propagate, to pitch, to promote
4726	مِصْدَاقِيَّة	noun	10.11	4.15	24.64	1.00	0.00	C1		credibility
4727	غَيْرِيّ	adj	10.10	13.82	7.38	1.00	0.00			altruistic
4728	آخَى	verb	10.10	25.22	4.04	0.00	0.00			to fraternize, take as brother, be or become like brother towards
4729	دِمَاغِيّ	adj	10.09	14.30	7.12	0.00	0.52			related to the brain
4730	سِيَاج	noun	10.09	14.34	7.10	1.00	0.00	B2		fence
4731	بَلَاء	noun	10.09	10.79	9.43	1.00	0.00	B2		affliction, plague, scourge, bane
4732	تَنَفَّذَ	verb	10.08	6.74	15.10	0.00	0.00			to be executed, to be implemented
4733	جَوْز	noun	10.08	10.76	9.44	0.43	0.57	B2		middle (of a desert, a camel, the night, etc.)
4734	هُنَّ	pron	10.08	10.75	9.46	0.96	0.00	B2		they (feminine plural subject pronoun)
4735	هُتَاف	noun	10.06	9.79	10.34	0.71	0.00	C1		cheer, applause
4736	مَحْمِيّ	adj	10.06	6.55	15.45	1.00	0.00			protected, defended
4737	إِخْلَاص	noun	10.05	4.54	22.25	1.00	0.00	B2		sincere devotion, loyal attachment, sincere affection
4738	نِضَال	noun,name	10.04	2.50	40.40	1.00	0.00	B1		struggle, strife
4739	بَكْتِيرِيَا	noun	10.03	6.38	15.76	1.00	0.00	B2		bacteria
4740	عَاقَبَ	verb	10.02	6.94	14.47	0.96	0.04	B2		to punish
4741	نَمْل	noun	10.02	6.51	15.42	0.00	0.83	B2		ants
4742	قَبْو	noun	10.00	39.04	2.56	0.99	0.01			vault, cove, basement, cellar
4743	أَسَرَ	verb	10.00	4.54	22.04	0.10	0.27			to bind, to fetter
4744	اِسْتَرَاحَ	verb	10.00	16.24	6.15	0.80	0.20			to be calm, to calm down
4745	ذَرِّيّ	adj	9.99	4.56	21.93	0.98	0.02			atomic
4746	أَجْدَى	verb	9.99	18.34	5.45	0.10	0.80			to bestow
4747	تَخَبَّرَ	verb	9.99	45.35	2.20	0.00	0.04			to inquire, to ask
4748	شُوكُولَاتَة	noun	9.99	9.26	7.48	0.00	0.00	A2		chocolate
4749	زَائِدَة	noun	9.99	10.76	9.27	0.00	0.07			anything excessive or superfluous, appendix, excess, redundancy, nodule, polyp
4750	اِسْتَبْعَدَ	verb	9.99	4.02	24.82	1.00	0.00	C2		to consider far, to consider remote
4751	رَسَّام	noun	9.99	6.12	11.32	1.00	0.00	A1		artist, painter, draughtsman
4752	خَارِقَة	noun	9.98	13.79	7.23	0.22	0.00			miracle, supernatural event
4753	طَيْرَة	noun	9.98	10.73	9.29	0.20	0.68			giddiness, levity
4754	رُؤْيَا	noun	9.98	4.98	19.99	0.00	0.34			something seen in sleep, a dream; a vision (especially when taken to be propheti…
4755	اِنْدِمَاج	noun	9.98	5.04	19.77	1.00	0.00	C2		merger, merging, fusion, coalescence
4756	اِطْمِئْنَان	noun	9.97	7.13	13.95	1.00	0.00	C2		tranquility, serenity, calmness, quietness, peacefulness
4757	أَحَدّ	adj,verb	9.97	8.91	7.75	0.00	0.83	A1		elative degree of حَادّ (ḥādd): › more acute, sharper, more cutting; most acute,…
4758	جَائِز	adj	9.96	5.42	12.72	0.45	0.48	A1		permissible, possible, conceivable, permitted
4759	إِحْصَاء	noun	9.96	1.68	59.12	1.00	0.00			verbal noun of أَحْصَى (ʔaḥṣā) › statistics
4760	مَكَثَ	verb	9.96	18.27	5.43	1.00	0.00			to dwell, to abide
4761	عَدَّاد	noun	9.95	9.11	10.88	0.23	0.77	C2		counter (device for counting)
4762	شُبْهَة	noun	9.94	2.41	40.95	0.99	0.01			uncertainty, doubt, obscurity
4763	فَيْصَل	noun,name	9.93	2.33	42.31	0.00	1.00			arbiter
4764	خَضَّار	noun	9.93	6.06	16.27	1.00	0.00	C2		greengrocer
4765	عَرِيض	adj	9.93	3.99	24.74	1.00	0.00	B1		wide; broad
4766	مُحَاكَاة	noun	9.92	7.04	13.99	1.00	0.00	C1		imitation, mimicry
4767	حَرْفِيًّا	adv	9.91	24.90	3.94	0.00	0.00	C1		literally, verbatim, word for word
4768	قَسَمَ	verb,noun	9.89	7.97	8.53	0.00	1.00	A2		to divide
4769	لَوَّحَ	verb	9.88	9.86	9.90	0.38	0.62	B1		to wave, gesticulate, insinuate
4770	تَمَيُّز	noun	9.88	1.27	53.36	1.00	0.00	A2		standing out, uniquity, being distinguished
4771	عَدَّلَ	verb	9.88	5.79	16.86	0.61	0.39	C1		to give judgment according to the right
4772	نَكْهَة	noun	9.88	10.99	8.88	1.00	0.00			exhaled smell, aroma, scent
4773	مُتَعَمَّد	adj	9.87	8.17	11.93	1.00	0.00			intentional, deliberate
4774	اِفْتَتَحَ	verb	9.87	1.55	62.93	1.00	0.00	C1		to open, to commence, to inaugurate
4775	جِدَال	noun	9.87	13.74	7.09	1.00	0.00	B2		argument, debate, dispute, contention
4776	وَرْطَة	noun	9.86	30.24	3.21	0.97	0.03	C1		imbroglio, predicament
4777	غَرَق	noun	9.85	8.18	11.86	0.00	0.50	C2		drowning
4778	رَكَّبَ	verb	9.84	24.68	3.93	0.00	0.99	B2		to assemble, compose, combine, put together, set
4779	خَفْض	noun	9.84	2.96	32.76	0.17	0.83	B1		quiet, comfortable life
4780	طَارَدَ	verb	9.84	27.08	3.57	0.98	0.00	C2		to chase, to hunt, to pursue, to go after, to trace, to trail
4781	بَرْقِيَّة	noun	9.84	5.79	16.70	1.00	0.00			telegram
4782	اِلْتِحَاق	noun	9.82	4.38	22.00	1.00	0.00	C2		joining, association, enrollment
4783	بُسْتَان	noun	9.81	3.12	21.42	1.00	0.00	A1		garden
4784	مَسْقَط	noun,name	9.81	3.56	27.04	0.99	0.01	B2		place of birth, birthplace (when combined with the word رَأْس (raʔs, “head”))
4785	مَسِيحِيَّة	noun	9.80	2.85	23.41	0.00	0.19	A2		Christianity
4786	مُمْتَلِئ	adj	9.80	17.39	5.52	1.00	0.00	C2		full, filled, filled up, replete
4787	رُزّ	noun	9.80	6.56	14.63	0.00	1.00			rice
4788	أَخَوِيَّة	noun	9.79	7.52	12.76	0.00	0.00			brotherhood, fraternity
4789	فُرْشَاة	noun	9.79	9.84	6.76	0.29	0.00	A1		brush
4790	دَال	noun	9.78	7.07	13.52	1.00	0.00	B1		dalet; dal, name of the eighth letter of the Arabic alphabet (د (d)), representi…
4791	مُسْتَأْجِر	noun	9.77	11.08	8.63	0.50	0.00	B2		lodger, tenant
4792	مُعْجِز	adj	9.77	9.66	9.88	0.03	0.97	B1		that which disables (the opponent, etc)
4793	تِين	noun	9.76	17.14	5.56	0.22	0.78			fig (fruit and tree)
4794	عَلَا	verb,noun	9.76	3.86	24.70	0.73	0.27	B2		to be exalted, high
4795	جَادَ	verb	9.76	11.82	5.60	0.20	0.80	A2		to be or become good, excellent
4796	مُثَلَّث	noun,adj	9.75	5.69	16.70	1.00	0.00	C1		triangle
4797	قَاسِم	noun,name	9.75	1.86	35.39	0.05	0.95	A2		divider
4798	مُزْمِن	adj	9.74	2.85	33.29	0.24	0.00	C1		chronic
4799	تَسْرِيح	noun	9.74	3.93	24.14	0.31	0.49			making or letting cattle go forth
4800	اِنْسِدَاد	noun	9.74	1.53	62.00	1.00	0.00			blockage
4801	عَمَدَ	verb	9.73	5.22	18.13	0.96	0.04	C2		to prop up, to support
4802	قَدِيمًا	adv	9.72	6.87	13.76	0.00	0.00			previously, before time, once upon a time
4803	مَشْبُوه	adj	9.71	5.90	15.98	1.00	0.00	C1		doubtful, dubious
4804	غَيْبُوبَة	noun	9.71	19.63	4.80	1.00	0.00			coma
4805	اِقْتَصَرَ	verb	9.71	2.27	41.48	1.00	0.00	C2		be limited to (with على)
4806	قَدِير	adj	9.70	4.34	21.67	1.00	0.00	B1		possessing power, possessing strength, powerful, potent
4807	أَسَد	noun	9.69	8.93	7.31	0.27	0.73	A2		lion
4808	نَادِرًا	adv	9.68	11.52	8.13	0.00	0.00	C1		rarely, seldom
4809	اِئْتَوَى	verb	9.67	7.05	13.27	0.00	0.35			to take refuge at
4810	جَلَدَ	verb	9.67	12.05	7.76	0.00	1.00	B1		to hit (someone) on the skin, to lash, to whip, to flog
4811	سَطْحِيّ	adj	9.67	7.68	12.17	1.00	0.00	B2		flat
4812	قَرَّ	verb,noun,adj	9.67	2.23	41.93	0.07	0.93			to settle down, to linger, to remain
4813	تَنَاقَشَ	verb	9.66	8.42	11.09	0.30	0.00	C2		to discuss, to dispute, to argue
4814	ثَعْلَب	noun	9.66	11.21	5.78	1.00	0.00	A2		fox (Vulpes vulpes)
4815	مَحْو	noun	9.66	5.19	17.98	1.00	0.00	C2		wiping, erasure
4816	مَحْكُوم	adj	9.65	5.46	17.06	1.00	0.00	C1		passive participle of حَكَمَ (ḥakama) › governed, ruled
4817	اِسْتَوْلَى	verb	9.64	6.59	14.09	1.00	0.00	C2		to seize, to take possession of
4818	بَكَرَة	noun	9.63	6.42	14.44	1.00	0.00			pulley, block, wheel in a simple machine
4819	كَالْعَادَة	adv	9.62	16.45	5.63	0.00	0.00	B2		as usual
4820	نَاقِد	noun	9.62	3.43	27.04	0.99	0.01	B2		critic
4821	نَدَم	noun	9.61	12.58	7.34	0.81	0.19	C2		regret
4822	لَاكَ	verb	9.61	11.16	8.27	0.03	0.05			to chew, to masticate
4823	عَاطِل	adj	9.60	5.57	16.55	1.00	0.00	C2		idle, unemployed, jobless
4824	مُتَلَازِمَة	noun	9.59	7.80	11.79	0.99	0.01			syndrome
4825	مُجَهَّز	adj	9.59	4.79	19.17	1.00	0.00	C2		equipped
4826	اِسْتَنَدَ	verb	9.58	3.34	27.48	1.00	0.00			to lean
4827	رَانَ	verb	9.58	15.28	6.01	0.26	0.61			to take possession of
4828	آس	noun	9.57	6.49	14.12	0.00	0.13			myrtle (Myrtus gen. et spp.)
4829	مُحَامَاة	noun	9.57	7.73	11.85	0.97	0.00	B1		law (the discipline)
4830	قَذَفَ	verb	9.56	11.35	8.05	1.00	0.00	C2		to throw forcefully; to hurl; to fling; to shoot; to propel
4831	سَمِين	adj	9.56	25.17	3.63	0.00	0.60	B1		fat, corpulent
4832	مُصَاص	noun	9.55	54.31	1.68	0.83	0.00			the desert papyrus Cyperus conglomeratus
4833	عَذْب	adj	9.55	3.30	27.68	0.05	0.00	B1		fresh, potable
4834	مُتَتَالِيَة	noun	9.55	4.35	20.98	0.00	0.00	C2		sequence, progression
4835	اِنْعِكَاس	noun	9.55	4.12	22.10	0.57	0.00	C1		reflection (of something (literal) or on something (figurative))
4836	مُعَلَّقَة	noun	9.55	9.60	9.49	0.00	0.00			poster, placard
4837	نَسِيم	noun,name	9.53	5.73	15.84	1.00	0.00			breeze, gentle wind
4838	حِضْن	noun	9.52	8.05	11.26	0.96	0.04	C1		breast; bosom
4839	بُرْكَان	noun	9.52	7.06	12.83	0.83	0.17			volcano
4840	أُسْر	noun	9.51	7.60	11.91	0.00	1.00			retention or detention of urine, dysuria
4841	إِدّ	adj	9.51	10.83	8.35	0.04	0.91			outrageous, heinous
4842	عَرَبِيَّة	noun	9.51	0.00	180.81	0.00	0.00			female equivalent of عَرَبِيّ (ʕarabiyy, “Arab person”): › Arab woman
4843	حَزْم	noun	9.50	5.64	16.00	0.00	1.00	C2		packing, packaging, wrapping
4844	صَرَفَ	verb	9.50	9.12	9.90	1.00	0.00	B2		to turn
4845	وَكَّرَ	verb	9.49	9.20	9.80	0.45	0.26			to nest, to fill with oneself
4846	جَوْرَب	noun	9.49	18.93	3.30	1.00	0.00	A2		sock
4847	تَأَلَّمَ	verb	9.48	16.31	5.51	0.33	0.00			to be in pain
4848	مُرْتَدّ	noun	9.48	7.92	11.34	0.63	0.00			a murtadd, an apostate, a Muslim who turned infidel
4849	نَافِع	adj	9.46	3.18	28.13	1.00	0.00	B2		useful, beneficial
4850	لُور	noun	9.46	31.13	2.87	0.02	0.61			whey cheese
4851	هَيْل	noun	9.46	17.98	4.97	0.06	0.93			piled sand
4852	فِقْرِيّ	adj	9.45	9.99	8.94	0.95	0.00			spinal, vertebral
4853	تَصْرِيف	noun	9.44	3.27	27.23	1.00	0.00	C1		drawing off (water), drainage
4854	مَقْصُور	adj	9.43	8.76	10.14	0.08	0.00			limited, restricted
4855	فَرْحَة	noun	9.42	3.98	22.29	0.57	0.43			joy, mirth, cheerfulness
4856	نَمُوذَجِيّ	adj	9.42	4.84	18.34	1.00	0.00	B1		exemplary, model-like, typical
4857	أَعْمَق	adj	9.42	13.33	6.66	0.85	0.03	B2		elative degree of عَمِيق (ʕamīq)
4858	تَصَادُم	noun	9.42	5.90	15.04	0.96	0.00	C1		collision, impact (bumping into each other)
4859	صَاغَ	verb	9.41	20.15	4.39	0.11	0.89	C2		to form, shape, mould, fashion, create
4860	خَابَ	verb	9.41	14.68	6.03	0.91	0.09			to be perforated
4861	مَزَحَ	verb	9.40	176.60	0.00	0.98	0.00			to joke, to jest
4862	مُتَظَاهِر	noun,adj	9.39	1.63	54.05	1.00	0.00	C2		protester
4863	حَوَى	verb	9.39	5.67	15.54	0.23	0.77			to gather, assemble, accumulate, gain
4864	رُوسِيَّة	noun	9.38	5.38	16.35	0.00	0.00			the Russian language, Russian
4865	خَيْرِيَّة	noun	9.38	5.08	17.30	0.00	0.00			charity (organization)
4866	هَدْم	noun	9.38	2.86	30.78	1.00	0.00	B1		demolition
4867	صَخْرَة	noun	9.38	11.37	5.37	0.00	0.00	A1		boulder, rock
4868	مُسْتَحْضَر	noun,adj	9.37	4.21	20.89	1.00	0.00			formulation, preparation, compound
4869	مُسَلِّي	adj	9.37	15.93	5.52	1.00	0.00	C2		amusing, fun, interesting, entertaining
4870	شَتَّى	verb	9.37	3.01	29.22	0.84	0.16	C2		to winter, to spend the winter
4871	مُؤَقَّتًا	adv	9.36	8.30	10.55	0.00	0.00	B2		temporarily, ad interim, provisionally
4872	شاكِر	adj,name	9.35	5.25	16.66	0.49	0.51	B2		thankful, grateful
4873	كَنَّة	noun	9.35	42.53	2.05	0.00	0.66			female relative through marriage; sister-in-law or daughter-in-law
4874	شَائِعَة	noun	9.35	6.46	13.52	0.00	0.00			rumor
4875	اِخْتَبَرَ	verb	9.34	11.08	7.87	1.00	0.00	B2		to test, to examine, to try
4876	نَدِيَ	verb	9.33	27.70	3.14	0.00	0.70			to be moist, damp, wet
4877	بَطَّة	noun	9.33	13.48	4.49	0.00	0.20	A2		duck (aquatic bird of the family Anatidae)
4878	ذَكَرِيّ	adj	9.33	12.85	6.78	0.13	0.23	B2		masculine
4879	تَبْرِيد	noun	9.32	5.05	17.23	1.00	0.00			cooling, refrigeration
4880	وَدِيعَة	noun	9.32	5.36	16.20	0.83	0.00	B1		deposit
4881	تَنْشِيط	noun	9.31	3.36	25.80	1.00	0.00			activation
4882	أَكْلَة	noun	9.31	2.46	35.27	0.00	0.86			meal, an instance of food, some scran
4883	صَائِب	adj	9.30	13.37	6.47	0.26	0.35			right, correct; pertinent, relevant
4884	قُنْصُلِيَّة	noun	9.29	3.32	26.00	1.00	0.00			consulate
4885	دُودَة	noun	9.29	14.47	5.97	0.00	0.68	B1		worm
4886	أَسْلَمَ	verb,adj	9.29	5.83	14.80	0.18	0.13	B1		to convert to Islam, to become a Muslim
4887	مُحْتَوَيَات	noun	9.29	4.41	19.54	0.00	0.00			contents (of a book, etc.)
4888	عَارِضَة	noun	9.28	9.48	9.08	0.00	0.00			a cross-piece of wood, beam, lintel, girder and the like
4889	رَيْب	noun	9.28	9.32	9.23	0.95	0.05			doubt, suspicion, uncertainty
4890	أَرْمَلَة	noun	9.27	9.67	8.89	0.63	0.33	B1		widow
4891	تَمْرِير	noun	9.27	5.23	16.42	0.98	0.02	C2		act of passing in soccer
4892	شَلَّال	noun	9.27	9.14	9.40	1.00	0.00			waterfall
4893	سَمِير	adj,name	9.27	2.70	31.77	0.04	0.96			entertaining
4894	مُخْتَلِط	adj	9.27	5.85	14.68	1.00	0.00	C1		active participle of اِخْتَلَطَ (iḵtalaṭa) › mixed
4895	طَيْف	noun	9.27	4.76	18.06	1.00	0.00	C1		ghost, apparition
4896	تَقَاتَلَ	verb	9.27	18.28	4.70	0.20	0.00			to fight one another, to combat each other
4897	حَرِير	noun	9.26	7.34	11.69	0.97	0.03	C1		silk
4898	مَوْقُوف	adj	9.25	3.99	21.42	1.00	0.00			passive participle of وَقَفَ (waqafa) › caught, arrested
4899	ثَوْر	noun	9.25	15.87	5.39	0.98	0.02	B1		bull, steer, ox
4900	نَمْلَة	noun	9.25	5.69	15.04	0.00	0.88	B2		an ant
4901	اِخْتَبَأَ	verb	9.25	30.08	2.84	1.00	0.00			to hide
4902	فَرْز	noun	9.24	3.64	23.49	1.00	0.00	C1		sorting and classifying (a group of objects or people)
4903	تَخْصِيص	noun	9.24	1.57	54.27	1.00	0.00	B1		making someone or something special (by assignment to a special purpose, etc)
4904	تَعَالَجَ	verb	9.23	5.12	16.62	0.00	0.00	C1		to receive medical treatment, therapy
4905	بُرُودَة	noun	9.22	9.58	8.88	0.00	0.00			cold, coolness, chilliness
4906	تَحَتَّمَ	verb	9.22	21.82	3.90	0.71	0.00			to be or become imperative, incumbent upon, imposed on, obligatory, mandatory, i…
4907	قَرَعَ	verb,noun	9.21	7.98	10.61	0.36	0.64	C2		to knock, rap, strike › to cudgel, to driveback with a stick
4908	فَرْو	noun	9.20	10.91	7.77	0.36	0.30	C1		pelt, fur
4909	إِرْضَاء	noun	9.20	7.43	11.41	1.00	0.00	C2		verbal noun of أَرْضَى (ʔarḍā) (form IV) › contenting, satisfaction, pleasing (c…
4910	اِشْتَعَلَ	verb	9.20	9.66	8.77	1.00	0.00			to catch fire, to go up in flames, to flare up
4911	اِكْتَسَبَ	verb	9.20	3.52	24.08	1.00	0.00			to earn, to gain, to acquire
4912	تَلَف	noun	9.19	5.16	16.40	0.96	0.04	B2		destruction
4913	حَنِين	noun	9.18	3.37	25.00	0.90	0.10			strong craving, desire
4914	أَهْدَى	verb,adj	9.18	10.71	7.87	0.16	0.77	C2		to gift, to offer as a gift
4915	تَبْرِير	noun	9.18	5.08	16.58	1.00	0.00	B2		justification
4916	عَصْرِيّ	adj,noun	9.18	3.06	27.56	0.87	0.01	C1		modern
4917	مَسْعًى	noun	9.17	2.77	30.41	1.00	0.00			effort, struggle
4918	مُدْرِك	adj	9.17	12.92	6.51	1.00	0.00			who reaches, who attains
4919	تَقَلُّب	noun	9.16	4.72	17.78	0.97	0.03	C2		rolling over and over sideways
4920	تَعْدِين	noun	9.15	4.43	18.93	0.73	0.00	C1		mining, verbal noun of عَدَّنَ (ʕaddana) (form II)
4921	أَسْمَنْت	noun	9.15	3.11	26.94	1.00	0.00	B2		cement
4922	مَلَل	noun	9.15	11.09	7.55	0.00	1.00	C1		tiredness, boredom, ennui
4923	رَبَّى	verb	9.15	7.68	10.91	0.11	0.17	C2		to bring up; to educate
4924	نَقَرَ	verb	9.15	1.61	52.11	0.93	0.01	C2		to strike, to knock, to hack, to dig into, to tap, to peck › literally
4925	رِمَّة	noun	9.14	11.85	7.05	0.10	0.90			cadaver
4926	وَادَّ	verb	9.14	5.25	11.06	0.00	0.34	A2		to engage in fellowship with, to try or strive to be friends with
4927	قِلَادَة	noun	9.14	15.94	5.24	1.00	0.00			pendant
4928	اِحْتِجَاز	noun	9.13	4.77	17.47	1.00	0.00	C1		detention, confinement
4929	قُصُور	noun	9.13	3.45	24.18	0.00	0.35	C1		shortcoming, deficiency, inadequacy
4930	مِحْنَة	noun	9.12	7.16	11.62	0.87	0.10	C2		catastrophe, calamity, disaster, tragedy, woe, affliction, adversity, tribulatio…
4931	قَاطِع	noun	9.12	6.82	12.18	0.00	0.66	B2		secant (symbol: قا)
4932	اِحْتَلَّ	verb	9.12	1.28	64.75	1.00	0.00	C2		to occupy
4933	سَمَّاعَة	noun	9.11	12.86	6.46	0.00	0.55			headphone, headphones, earphones, headset
4934	بُرْتُقَالِيّ	adj	9.11	9.14	6.30	0.77	0.00	A1		orange (color)
4935	ضَرَّ	verb	9.11	6.14	13.51	0.00	1.00			to harm, to damage
4936	تِمْسَاح	noun	9.10	12.70	6.53	1.00	0.00			crocodile, alligator
4937	طَلَّ	verb,noun	9.10	2.66	21.65	0.11	0.80	A2		to bespray, to besprinkle, to bedew
4938	شَفَى	verb	9.10	10.43	7.94	0.68	0.32			to heal, to cure
4939	مَكْسَب	noun	9.09	2.52	32.77	1.00	0.00	B2		profit, gain, earnings, winnings, revenue
4940	تَرْبَوِيّ	adj	9.09	0.00	165.09	0.98	0.00	B1		educational, educative, pedagogical
4941	اِتَّسَعَ	verb	9.08	3.84	21.46	1.00	0.00			to get wider, to expand, to dilate
4942	شَرِسَ	verb,adj	9.08	5.49	15.00	1.00	0.00			to be fierce, to be rabid
4943	نَخْل	noun	9.06	3.18	25.79	0.81	0.13	C1		palm trees
4944	مَلّة	noun	9.05	10.19	8.04	0.00	1.00			tedium, weariness
4945	حُقْنَة	noun	9.05	13.23	6.19	0.00	0.46	C2		injected substance
4946	نَابَ	verb,noun,adj	9.05	5.16	15.87	0.54	0.28			to replace, to substitute
4947	حَيَوانِيّ	adj	9.05	4.12	19.88	0.97	0.00	B1		related to animals
4948	ظَرِيف	adj	9.05	16.99	4.81	0.45	0.55	C1		charming, elegant
4949	اِنْطَوَى	verb	9.04	4.73	17.30	0.90	0.10			to be folded, to be rolled up
4950	اِقْتِرَاع	noun	9.04	2.35	34.72	1.00	0.00	B2		choosing, selecting
4951	مَلْمُوس	adj	9.04	3.52	23.24	0.31	0.00	B2		tangible, concrete, physical
4952	حَسَّنَ	verb	9.04	4.70	17.40	0.73	0.27	C2		to improve, to ameliorate, to better, to polish, to embellish
4953	فَسَا	verb,name	9.04	15.58	5.24	0.00	1.00			to fart quietly
4954	أُكْسِجِين	noun	9.04	11.63	7.02	1.00	0.00	B1		oxygen
4955	إِنْكَار	noun	9.03	7.47	10.90	1.00	0.00	C1		refusal, denial
4956	مُحَرَّم	adj,name	9.02	2.52	22.40	0.47	0.53	A2		forbidden
4957	جَوَاد	noun,adj,name	9.02	3.21	25.37	0.06	0.63	C1		steed
4958	غَوَّاصَة	noun	9.01	13.39	6.07	1.00	0.00			submarine
4959	صِينِيَّة	noun	9.01	6.71	12.10	0.00	0.02			Chinese porcelain, china
4960	مُهَدَّد	adj	9.01	4.03	20.16	0.96	0.00	C2		menacing
4961	نِظَامِيّ	adj	9.00	3.09	26.21	0.80	0.00	B2		regular
4962	مُتَغَيِّر	noun,adj	9.00	2.90	27.90	1.00	0.00	C2		variable
4963	عَازِف	noun,adj	8.99	11.88	6.81	1.00	0.00			performer, instrumentalist (who plays an instrument)
4964	أُسْوَة	noun	8.99	6.05	13.35	0.54	0.46	C2		a single action of imitation
4965	مُنْصِف	adj,noun	8.99	8.83	9.14	1.00	0.00			just, fair
4966	طُرْفَة	noun	8.96	2.11	38.07	0.00	0.87			novelty; rarity
4967	مَلَاذ	noun	8.96	6.86	11.71	0.58	0.02			refuge, shelter
4968	مَعْرُوض	noun,adj	8.96	2.72	29.48	0.98	0.00	C1		what is presented or offered
4969	بُرْهَة	noun	8.96	7.65	10.49	0.51	0.00	C2		moment, while, period
4970	زَلْزَال	noun	8.95	5.43	14.75	0.00	1.00	C2		earthquake, seism
4971	وَصِيّ	noun	8.95	6.44	12.44	0.42	0.58	B2		testator, executor, trustee (especially one who carries out the will of a dead p…
4972	حَرَقَ	verb	8.94	15.52	5.15	0.62	0.38	C1		to burn
4973	تَرَاوَحَ	verb	8.94	1.52	52.66	0.89	0.00	C1		to vary, to alternate; to range (between – بَيْنَ (bayna))
4974	فُتْحَة	noun	8.93	11.93	6.69	0.00	1.00	B2		an opening, a hole
4975	دَفْعَة	noun,adv	8.93	7.29	10.92	0.00	1.00	B2		a push, a thrust
4976	خَجِلَ	verb,adj	8.92	13.12	6.07	0.15	0.75	B2		to be ashamed, to be embarrassed, to be shy
4977	بَحِيرَة	noun	8.92	7.95	10.02	0.00	1.00	C2		A she-camel that has given birth five times; her ears are slit, and she is exemp…
4978	مُفَصَّل	adj	8.92	3.50	22.75	0.51	0.49	C1		detailed
4979	مُوَازَنَة	noun	8.92	1.41	56.30	0.94	0.00	C1		balancing, equilibrium
4980	هَوَّنَ	verb	8.91	18.44	4.31	0.86	0.14			to ease
4981	خَلَّفَ	verb	8.91	4.07	13.52	0.00	1.00	A1		to appoint as a successor
4982	هَابَ	verb	8.90	7.84	10.12	0.22	0.18			to be afraid of, to be frightened, to fear
4983	مُحَرِّر	noun,adj	8.90	3.10	25.55	0.28	0.72	B2		editor
4984	أَقَفَّ	verb	8.90	25.73	3.08	0.00	0.00			to cease to procreate
4985	مُبَالَغَة	noun	8.90	7.28	10.87	1.00	0.00	B1		exaggeration
4986	سَكْرَان	noun,adj	8.90	18.74	2.93	0.91	0.09	A2		henbane (Hyoscyamus spp.)
4987	سَلَكَ	verb	8.90	8.60	9.20	0.00	1.00	B1		to follow a road, to wend, to travel along
4988	تَفْوِيض	noun	8.89	5.77	13.71	1.00	0.00	C2		delegation
4989	غَيْمَة	noun	8.89	9.69	8.16	0.96	0.04			cloud
4990	رَوْث	noun	8.89	21.65	3.65	0.97	0.03			dung from a solid-hoofed animal, sharn (said of a beast having claws)
4991	عَمًى	noun	8.89	13.00	6.08	0.00	0.36			blindness
4992	جُغْرَافِيَا	noun	8.89	1.28	61.50	0.81	0.00			geography
4993	عِوَض	noun,prep	8.88	8.16	9.68	0.32	0.68			substitute, something or someone instead of something or someone else
4994	مَنْدِيل	noun	8.88	16.05	4.91	1.00	0.00	B1		various kinds of cloth, textile covering › tablecloth
4995	كَارِي	noun	8.88	33.59	2.35	0.00	0.00			curry powder
4996	نَعْنَاع	noun	8.88	7.77	10.15	1.00	0.00			mint
4997	غَنَم	noun	8.88	3.41	23.13	1.00	0.00	C2		sheep
4998	مَنْفَعَة	noun	8.87	4.12	19.12	1.00	0.00	B2		benefit, utility, usefulness
4999	عَلَم	noun	8.87	3.10	17.65	0.62	0.38	A2		sign, token, mark, badge
5000	بَتّ	noun,verb	8.86	4.25	18.47	0.90	0.09			settlement, decision, resolution
